run_id,timestamp,platform,image_path,thread_id,level,component,stage,duration_ms,state,flaws,roi_count,extra
20260426_023405,2026-04-26T02:34:08,jetson,/mnt/windows_share/20260425220419/E1/05562_-14616750_1777127047439.jpg,100,stage,detect,read_image,83,,,,
20260426_023405,2026-04-26T02:34:08,jetson,/mnt/windows_share/20260425220419/E1/05564_-14611250_1777127047664.jpg,100,stage,detect,read_image,87,,,,
20260426_023405,2026-04-26T02:34:08,jetson,/mnt/windows_share/20260425220419/E1/05565_-14608250_1777127047787.jpg,100,stage,detect,read_image,90,,,,
20260426_023405,2026-04-26T02:34:08,jetson,/mnt/windows_share/20260425220419/E1/05563_-14614000_1777127047552.jpg,100,stage,detect,read_image,104,,,,
20260426_023405,2026-04-26T02:34:08,jetson,,,stage,area0,process_total,139,,,1,
20260426_023405,2026-04-26T02:34:08,jetson,,,stage,area1,process_total,171,,,1,
20260426_023405,2026-04-26T02:34:08,jetson,,,stage,area0,process_total,177,,,1,
20260426_023405,2026-04-26T02:34:08,jetson,,,stage,area0,process_total,157,,,1,
20260426_023405,2026-04-26T02:34:08,jetson,,,stage,area1,process_total,156,,,1,
20260426_023405,2026-04-26T02:34:08,jetson,,,stage,area1,process_total,179,,,1,
20260426_023405,2026-04-26T02:34:08,jetson,,,stage,area0,process_total,180,,,1,
20260426_023405,2026-04-26T02:34:08,jetson,,,stage,area1,process_total,183,,,1,
20260426_023405,2026-04-26T02:34:09,jetson,,,stage,element1,process_total,235,,,1,
20260426_023405,2026-04-26T02:34:09,jetson,,,stage,element1,process_total,218,,,1,
20260426_023405,2026-04-26T02:34:09,jetson,,,stage,element1,process_total,230,,,1,
20260426_023405,2026-04-26T02:34:09,jetson,,,stage,element1,process_total,227,,,1,
20260426_023405,2026-04-26T02:34:09,jetson,,,stage,detail1,process_total,414,,,4,
20260426_023405,2026-04-26T02:34:09,jetson,,,stage,detail0,process_total,697,,,4,
20260426_023405,2026-04-26T02:34:09,jetson,,,stage,detail1,process_total,714,,,5,
20260426_023405,2026-04-26T02:34:09,jetson,,,stage,detail1,process_total,709,,,5,
20260426_023405,2026-04-26T02:34:09,jetson,,,stage,detail0,process_total,939,,,5,
20260426_023405,2026-04-26T02:34:09,jetson,,,stage,detail1,process_total,925,,,5,
20260426_023405,2026-04-26T02:34:09,jetson,,,stage,detail0,process_total,982,,,5,
20260426_023405,2026-04-26T02:34:09,jetson,,,stage,detail0,process_total,1044,,,5,
20260426_023405,2026-04-26T02:34:12,jetson,,,stage,element2,process_total,3689,,,1,
20260426_023405,2026-04-26T02:34:12,jetson,,,stage,element2,process_total,3707,,,1,
20260426_023405,2026-04-26T02:34:12,jetson,,,stage,element2,process_total,3693,,,1,
20260426_023405,2026-04-26T02:34:12,jetson,,,stage,element2,process_total,3689,,,1,
20260426_023405,2026-04-26T02:34:12,jetson,/mnt/windows_share/20260425220419/E1/05562_-14616750_1777127047439.jpg,100,stage,detect,save_json,24,0,0,,
20260426_023405,2026-04-26T02:34:12,jetson,/mnt/windows_share/20260425220419/E1/05562_-14616750_1777127047439.jpg,100,stage,detect,detect_process_total,6794,,,,
20260426_023405,2026-04-26T02:34:12,jetson,/mnt/windows_share/20260425220419/E1/05562_-14616750_1777127047439.jpg,100,stage,shell,file_total,6794,0,0,,
20260426_023405,2026-04-26T02:34:12,jetson,/mnt/windows_share/20260425220419/E1/05565_-14608250_1777127047787.jpg,100,stage,detect,save_json,24,0,0,,
20260426_023405,2026-04-26T02:34:12,jetson,/mnt/windows_share/20260425220419/E1/05565_-14608250_1777127047787.jpg,100,stage,detect,detect_process_total,6795,,,,
20260426_023405,2026-04-26T02:34:12,jetson,/mnt/windows_share/20260425220419/E1/05565_-14608250_1777127047787.jpg,100,stage,shell,file_total,6795,0,0,,
20260426_023405,2026-04-26T02:34:12,jetson,/mnt/windows_share/20260425220419/E1/05563_-14614000_1777127047552.jpg,100,stage,detect,save_json,33,0,0,,
20260426_023405,2026-04-26T02:34:12,jetson,/mnt/windows_share/20260425220419/E1/05563_-14614000_1777127047552.jpg,100,stage,detect,detect_process_total,6804,,,,
20260426_023405,2026-04-26T02:34:12,jetson,/mnt/windows_share/20260425220419/E1/05563_-14614000_1777127047552.jpg,100,stage,shell,file_total,6804,0,0,,
20260426_023405,2026-04-26T02:34:12,jetson,/mnt/windows_share/20260425220419/E1/05564_-14611250_1777127047664.jpg,100,stage,detect,save_json,35,0,0,,
20260426_023405,2026-04-26T02:34:12,jetson,/mnt/windows_share/20260425220419/E1/05564_-14611250_1777127047664.jpg,100,stage,detect,detect_process_total,6807,,,,
20260426_023405,2026-04-26T02:34:12,jetson,/mnt/windows_share/20260425220419/E1/05564_-14611250_1777127047664.jpg,100,stage,shell,file_total,6807,0,0,,
20260426_023405,2026-04-26T02:34:12,jetson,/mnt/windows_share/20260425220419/E1/05566_-14605750_1777127047895.jpg,100,stage,detect,read_image,105,,,,
20260426_023405,2026-04-26T02:34:12,jetson,,,stage,area1,process_total,30,,,1,
20260426_023405,2026-04-26T02:34:12,jetson,/mnt/windows_share/20260425220419/E1/05567_-14603000_1777127048009.jpg,100,stage,detect,read_image,144,,,,
20260426_023405,2026-04-26T02:34:12,jetson,,,stage,area0,process_total,39,,,1,
20260426_023405,2026-04-26T02:34:12,jetson,/mnt/windows_share/20260425220419/E1/05569_-14597750_1777127048232.jpg,100,stage,detect,read_image,147,,,,
20260426_023405,2026-04-26T02:34:12,jetson,/mnt/windows_share/20260425220419/E1/05568_-14600250_1777127048122.jpg,100,stage,detect,read_image,151,,,,
20260426_023405,2026-04-26T02:34:12,jetson,,,stage,area0,process_total,161,,,1,
20260426_023405,2026-04-26T02:34:12,jetson,,,stage,area1,process_total,172,,,1,
20260426_023405,2026-04-26T02:34:12,jetson,,,stage,element1,process_total,171,,,1,
20260426_023405,2026-04-26T02:34:12,jetson,,,stage,area1,process_total,172,,,1,
20260426_023405,2026-04-26T02:34:12,jetson,,,stage,area0,process_total,174,,,1,
20260426_023405,2026-04-26T02:34:12,jetson,,,stage,area1,process_total,175,,,1,
20260426_023405,2026-04-26T02:34:12,jetson,,,stage,area0,process_total,177,,,1,
20260426_023405,2026-04-26T02:34:13,jetson,,,stage,element0,process_total,291,,,2,
20260426_023405,2026-04-26T02:34:13,jetson,,,stage,element2,process_total,308,,,1,
20260426_023405,2026-04-26T02:34:13,jetson,,,stage,element1,process_total,191,,,1,
20260426_023405,2026-04-26T02:34:13,jetson,,,stage,element1,process_total,191,,,1,
20260426_023405,2026-04-26T02:34:13,jetson,,,stage,element1,process_total,195,,,1,
20260426_023405,2026-04-26T02:34:13,jetson,,,stage,detail1,process_total,454,,,5,
20260426_023405,2026-04-26T02:34:13,jetson,,,stage,element2,process_total,286,,,1,
20260426_023405,2026-04-26T02:34:13,jetson,,,stage,element2,process_total,259,,,1,
20260426_023405,2026-04-26T02:34:13,jetson,,,stage,element0,process_total,303,,,2,
20260426_023405,2026-04-26T02:34:13,jetson,,,stage,element2,process_total,262,,,1,
20260426_023405,2026-04-26T02:34:13,jetson,,,stage,element0,process_total,266,,,2,
20260426_023405,2026-04-26T02:34:13,jetson,,,stage,detail0,process_total,517,,,5,
20260426_023405,2026-04-26T02:34:13,jetson,/mnt/windows_share/20260425220419/E1/05566_-14605750_1777127047895.jpg,100,stage,detect,save_json,16,0,0,,
20260426_023405,2026-04-26T02:34:13,jetson,/mnt/windows_share/20260425220419/E1/05566_-14605750_1777127047895.jpg,100,stage,detect,detect_process_total,681,,,,
20260426_023405,2026-04-26T02:34:13,jetson,/mnt/windows_share/20260425220419/E1/05566_-14605750_1777127047895.jpg,100,stage,shell,file_total,681,0,0,,
20260426_023405,2026-04-26T02:34:13,jetson,,,stage,detail1,process_total,403,,,4,
20260426_023405,2026-04-26T02:34:13,jetson,,,stage,detail0,process_total,406,,,4,
20260426_023405,2026-04-26T02:34:13,jetson,/mnt/windows_share/20260425220419/E1/05567_-14603000_1777127048009.jpg,100,stage,detect,save_json,13,0,0,,
20260426_023405,2026-04-26T02:34:13,jetson,/mnt/windows_share/20260425220419/E1/05567_-14603000_1777127048009.jpg,100,stage,detect,detect_process_total,739,,,,
20260426_023405,2026-04-26T02:34:13,jetson,/mnt/windows_share/20260425220419/E1/05567_-14603000_1777127048009.jpg,100,stage,shell,file_total,739,0,0,,
20260426_023405,2026-04-26T02:34:13,jetson,,,stage,detail1,process_total,386,,,5,
20260426_023405,2026-04-26T02:34:13,jetson,,,stage,detail1,process_total,398,,,5,
20260426_023405,2026-04-26T02:34:13,jetson,,,stage,detail0,process_total,398,,,5,
20260426_023405,2026-04-26T02:34:13,jetson,,,stage,detail0,process_total,401,,,5,
20260426_023405,2026-04-26T02:34:13,jetson,/mnt/windows_share/20260425220419/E1/05570_-14594750_1777127048345.jpg,100,stage,detect,read_image,87,,,,
20260426_023405,2026-04-26T02:34:13,jetson,,,stage,area0,process_total,21,,,1,
20260426_023405,2026-04-26T02:34:13,jetson,/mnt/windows_share/20260425220419/E1/05568_-14600250_1777127048122.jpg,100,stage,detect,save_json,36,0,0,,
20260426_023405,2026-04-26T02:34:13,jetson,/mnt/windows_share/20260425220419/E1/05568_-14600250_1777127048122.jpg,100,stage,detect,detect_process_total,782,,,,
20260426_023405,2026-04-26T02:34:13,jetson,/mnt/windows_share/20260425220419/E1/05568_-14600250_1777127048122.jpg,100,stage,shell,file_total,782,0,0,,
20260426_023405,2026-04-26T02:34:13,jetson,,,stage,area1,process_total,28,,,1,
20260426_023405,2026-04-26T02:34:13,jetson,/mnt/windows_share/20260425220419/E1/05569_-14597750_1777127048232.jpg,100,stage,detect,save_json,43,0,0,,
20260426_023405,2026-04-26T02:34:13,jetson,/mnt/windows_share/20260425220419/E1/05569_-14597750_1777127048232.jpg,100,stage,detect,detect_process_total,786,,,,
20260426_023405,2026-04-26T02:34:13,jetson,/mnt/windows_share/20260425220419/E1/05569_-14597750_1777127048232.jpg,100,stage,shell,file_total,786,0,0,,
20260426_023405,2026-04-26T02:34:13,jetson,,,stage,element1,process_total,30,,,1,
20260426_023405,2026-04-26T02:34:13,jetson,/mnt/windows_share/20260425220419/E1/05571_-14592250_1777127048460.jpg,100,stage,detect,read_image,96,,,,
20260426_023405,2026-04-26T02:34:13,jetson,,,stage,element2,process_total,82,,,1,
20260426_023405,2026-04-26T02:34:13,jetson,/mnt/windows_share/20260425220419/E1/05573_-14586750_1777127048693.jpg,100,stage,detect,read_image,84,,,,
20260426_023405,2026-04-26T02:34:13,jetson,/mnt/windows_share/20260425220419/E1/05572_-14589500_1777127048578.jpg,100,stage,detect,read_image,96,,,,
20260426_023405,2026-04-26T02:34:13,jetson,,,stage,detail1,process_total,101,,,4,
20260426_023405,2026-04-26T02:34:13,jetson,,,stage,detail0,process_total,102,,,4,
20260426_023405,2026-04-26T02:34:13,jetson,,,stage,area0,process_total,57,,,1,
20260426_023405,2026-04-26T02:34:13,jetson,,,stage,area1,process_total,65,,,1,
20260426_023405,2026-04-26T02:34:13,jetson,,,stage,area0,process_total,29,,,1,
20260426_023405,2026-04-26T02:34:13,jetson,/mnt/windows_share/20260425220419/E1/05570_-14594750_1777127048345.jpg,100,stage,detect,save_json,15,0,0,,
20260426_023405,2026-04-26T02:34:13,jetson,/mnt/windows_share/20260425220419/E1/05570_-14594750_1777127048345.jpg,100,stage,detect,detect_process_total,236,,,,
20260426_023405,2026-04-26T02:34:13,jetson,/mnt/windows_share/20260425220419/E1/05570_-14594750_1777127048345.jpg,100,stage,shell,file_total,236,0,0,,
20260426_023405,2026-04-26T02:34:13,jetson,,,stage,area1,process_total,54,,,1,
20260426_023405,2026-04-26T02:34:13,jetson,,,stage,area0,process_total,67,,,1,
20260426_023405,2026-04-26T02:34:13,jetson,,,stage,area1,process_total,72,,,1,
20260426_023405,2026-04-26T02:34:13,jetson,,,stage,element1,process_total,108,,,1,
20260426_023405,2026-04-26T02:34:13,jetson,/mnt/windows_share/20260425220419/E1/05574_-14583750_1777127048814.jpg,100,stage,detect,read_image,101,,,,
20260426_023405,2026-04-26T02:34:13,jetson,,,stage,element1,process_total,142,,,1,
20260426_023405,2026-04-26T02:34:13,jetson,,,stage,element1,process_total,111,,,1,
20260426_023405,2026-04-26T02:34:13,jetson,,,stage,element2,process_total,220,,,1,
20260426_023405,2026-04-26T02:34:13,jetson,,,stage,element2,process_total,188,,,1,
20260426_023405,2026-04-26T02:34:13,jetson,,,stage,area0,process_total,110,,,1,
20260426_023405,2026-04-26T02:34:13,jetson,,,stage,area1,process_total,111,,,1,
20260426_023405,2026-04-26T02:34:13,jetson,,,stage,element2,process_total,188,,,1,
20260426_023405,2026-04-26T02:34:13,jetson,,,stage,element0,process_total,207,,,2,
20260426_023405,2026-04-26T02:34:13,jetson,,,stage,detail1,process_total,318,,,4,
20260426_023405,2026-04-26T02:34:13,jetson,,,stage,element1,process_total,104,,,1,
20260426_023405,2026-04-26T02:34:13,jetson,,,stage,detail0,process_total,357,,,4,
20260426_023405,2026-04-26T02:34:13,jetson,,,stage,detail1,process_total,336,,,4,
20260426_023405,2026-04-26T02:34:13,jetson,/mnt/windows_share/20260425220419/E1/05571_-14592250_1777127048460.jpg,100,stage,detect,save_json,16,0,0,,
20260426_023405,2026-04-26T02:34:13,jetson,/mnt/windows_share/20260425220419/E1/05571_-14592250_1777127048460.jpg,100,stage,detect,detect_process_total,538,,,,
20260426_023405,2026-04-26T02:34:13,jetson,/mnt/windows_share/20260425220419/E1/05571_-14592250_1777127048460.jpg,100,stage,shell,file_total,538,0,0,,
20260426_023405,2026-04-26T02:34:13,jetson,,,stage,element2,process_total,141,,,1,
20260426_023405,2026-04-26T02:34:13,jetson,,,stage,element0,process_total,148,,,2,
20260426_023405,2026-04-26T02:34:13,jetson,,,stage,detail0,process_total,350,,,4,
20260426_023405,2026-04-26T02:34:13,jetson,,,stage,detail0,process_total,354,,,5,
20260426_023405,2026-04-26T02:34:13,jetson,,,stage,detail1,process_total,356,,,5,
20260426_023405,2026-04-26T02:34:13,jetson,/mnt/windows_share/20260425220419/E1/05573_-14586750_1777127048693.jpg,100,stage,detect,save_json,30,0,0,,
20260426_023405,2026-04-26T02:34:13,jetson,/mnt/windows_share/20260425220419/E1/05573_-14586750_1777127048693.jpg,100,stage,detect,detect_process_total,521,,,,
20260426_023405,2026-04-26T02:34:13,jetson,/mnt/windows_share/20260425220419/E1/05573_-14586750_1777127048693.jpg,100,stage,shell,file_total,521,0,0,,
20260426_023405,2026-04-26T02:34:13,jetson,,,stage,detail1,process_total,194,,,5,
20260426_023405,2026-04-26T02:34:13,jetson,,,stage,detail0,process_total,202,,,5,
20260426_023405,2026-04-26T02:34:13,jetson,/mnt/windows_share/20260425220419/E1/05572_-14589500_1777127048578.jpg,100,stage,detect,save_json,19,0,0,,
20260426_023405,2026-04-26T02:34:13,jetson,/mnt/windows_share/20260425220419/E1/05572_-14589500_1777127048578.jpg,100,stage,detect,detect_process_total,546,,,,
20260426_023405,2026-04-26T02:34:13,jetson,/mnt/windows_share/20260425220419/E1/05572_-14589500_1777127048578.jpg,100,stage,shell,file_total,546,0,0,,
20260426_023405,2026-04-26T02:34:13,jetson,/mnt/windows_share/20260425220419/E1/05574_-14583750_1777127048814.jpg,100,stage,detect,save_json,18,0,0,,
20260426_023405,2026-04-26T02:34:13,jetson,/mnt/windows_share/20260425220419/E1/05574_-14583750_1777127048814.jpg,100,stage,detect,detect_process_total,439,,,,
20260426_023405,2026-04-26T02:34:13,jetson,/mnt/windows_share/20260425220419/E1/05574_-14583750_1777127048814.jpg,100,stage,shell,file_total,439,0,0,,
20260426_023405,2026-04-26T02:34:13,jetson,/mnt/windows_share/20260425220419/E1/05575_-14581000_1777127048933.jpg,100,stage,detect,read_image,80,,,,
20260426_023405,2026-04-26T02:34:13,jetson,,,stage,area0,process_total,21,,,1,
20260426_023405,2026-04-26T02:34:13,jetson,,,stage,area1,process_total,30,,,1,
20260426_023405,2026-04-26T02:34:13,jetson,/mnt/windows_share/20260425220419/E1/05576_-14578250_1777127049050.jpg,100,stage,detect,read_image,86,,,,
20260426_023405,2026-04-26T02:34:14,jetson,/mnt/windows_share/20260425220419/E1/05577_-14575500_1777127049165.jpg,100,stage,detect,read_image,96,,,,
20260426_023405,2026-04-26T02:34:14,jetson,/mnt/windows_share/20260425220419/E1/05578_-14573000_1777127049279.jpg,100,stage,detect,read_image,90,,,,
20260426_023405,2026-04-26T02:34:14,jetson,,,stage,element1,process_total,98,,,1,
20260426_023405,2026-04-26T02:34:14,jetson,,,stage,area0,process_total,86,,,1,
20260426_023405,2026-04-26T02:34:14,jetson,,,stage,area1,process_total,88,,,1,
20260426_023405,2026-04-26T02:34:14,jetson,,,stage,element2,process_total,143,,,1,
20260426_023405,2026-04-26T02:34:14,jetson,,,stage,area1,process_total,106,,,1,
20260426_023405,2026-04-26T02:34:14,jetson,,,stage,area0,process_total,108,,,1,
20260426_023405,2026-04-26T02:34:14,jetson,,,stage,area0,process_total,106,,,1,
20260426_023405,2026-04-26T02:34:14,jetson,,,stage,area1,process_total,110,,,1,
20260426_023405,2026-04-26T02:34:14,jetson,,,stage,detail1,process_total,172,,,4,
20260426_023405,2026-04-26T02:34:14,jetson,,,stage,element1,process_total,128,,,1,
20260426_023405,2026-04-26T02:34:14,jetson,,,stage,element1,process_total,136,,,1,
20260426_023405,2026-04-26T02:34:14,jetson,,,stage,element1,process_total,127,,,1,
20260426_023405,2026-04-26T02:34:14,jetson,,,stage,detail0,process_total,301,,,4,
20260426_023405,2026-04-26T02:34:14,jetson,,,stage,element2,process_total,195,,,1,
20260426_023405,2026-04-26T02:34:14,jetson,/mnt/windows_share/20260425220419/E1/05575_-14581000_1777127048933.jpg,100,stage,detect,save_json,14,0,0,,
20260426_023405,2026-04-26T02:34:14,jetson,/mnt/windows_share/20260425220419/E1/05575_-14581000_1777127048933.jpg,100,stage,detect,detect_process_total,428,,,,
20260426_023405,2026-04-26T02:34:14,jetson,/mnt/windows_share/20260425220419/E1/05575_-14581000_1777127048933.jpg,100,stage,shell,file_total,428,0,0,,
20260426_023405,2026-04-26T02:34:14,jetson,,,stage,element2,process_total,165,,,1,
20260426_023405,2026-04-26T02:34:14,jetson,,,stage,element2,process_total,148,,,1,
20260426_023405,2026-04-26T02:34:14,jetson,/mnt/windows_share/20260425220419/E1/05579_-14570500_1777127049391.jpg,100,stage,detect,read_image,88,,,,
20260426_023405,2026-04-26T02:34:14,jetson,,,stage,detail1,process_total,240,,,4,
20260426_023405,2026-04-26T02:34:14,jetson,,,stage,detail1,process_total,301,,,5,
20260426_023405,2026-04-26T02:34:14,jetson,,,stage,detail0,process_total,247,,,4,
20260426_023405,2026-04-26T02:34:14,jetson,,,stage,detail0,process_total,323,,,5,
20260426_023405,2026-04-26T02:34:14,jetson,/mnt/windows_share/20260425220419/E1/05578_-14573000_1777127049279.jpg,100,stage,detect,save_json,15,0,0,,
20260426_023405,2026-04-26T02:34:14,jetson,/mnt/windows_share/20260425220419/E1/05578_-14573000_1777127049279.jpg,100,stage,detect,detect_process_total,465,,,,
20260426_023405,2026-04-26T02:34:14,jetson,/mnt/windows_share/20260425220419/E1/05578_-14573000_1777127049279.jpg,100,stage,shell,file_total,465,0,0,,
20260426_023405,2026-04-26T02:34:14,jetson,,,stage,detail1,process_total,282,,,5,
20260426_023405,2026-04-26T02:34:14,jetson,,,stage,area1,process_total,38,,,1,
20260426_023405,2026-04-26T02:34:14,jetson,,,stage,area0,process_total,40,,,1,
20260426_023405,2026-04-26T02:34:14,jetson,,,stage,detail0,process_total,287,,,5,
20260426_023405,2026-04-26T02:34:14,jetson,/mnt/windows_share/20260425220419/E1/05576_-14578250_1777127049050.jpg,100,stage,detect,save_json,17,0,0,,
20260426_023405,2026-04-26T02:34:14,jetson,/mnt/windows_share/20260425220419/E1/05576_-14578250_1777127049050.jpg,100,stage,detect,detect_process_total,520,,,,
20260426_023405,2026-04-26T02:34:14,jetson,/mnt/windows_share/20260425220419/E1/05576_-14578250_1777127049050.jpg,100,stage,shell,file_total,520,0,0,,
20260426_023405,2026-04-26T02:34:14,jetson,/mnt/windows_share/20260425220419/E1/05577_-14575500_1777127049165.jpg,100,stage,detect,save_json,23,0,0,,
20260426_023405,2026-04-26T02:34:14,jetson,/mnt/windows_share/20260425220419/E1/05577_-14575500_1777127049165.jpg,100,stage,detect,detect_process_total,521,,,,
20260426_023405,2026-04-26T02:34:14,jetson,/mnt/windows_share/20260425220419/E1/05577_-14575500_1777127049165.jpg,100,stage,shell,file_total,522,0,0,,
20260426_023405,2026-04-26T02:34:14,jetson,,,stage,element1,process_total,59,,,1,
20260426_023405,2026-04-26T02:34:14,jetson,,,stage,element2,process_total,67,,,1,
20260426_023405,2026-04-26T02:34:14,jetson,/mnt/windows_share/20260425220419/E1/05580_-14567500_1777127049510.jpg,100,stage,detect,read_image,93,,,,
20260426_023405,2026-04-26T02:34:14,jetson,,,stage,detail1,process_total,89,,,4,
20260426_023405,2026-04-26T02:34:14,jetson,,,stage,detail0,process_total,98,,,4,
20260426_023405,2026-04-26T02:34:14,jetson,/mnt/windows_share/20260425220419/E1/05581_-14565000_1777127049628.jpg,100,stage,detect,read_image,102,,,,
20260426_023405,2026-04-26T02:34:14,jetson,,,stage,area1,process_total,28,,,1,
20260426_023405,2026-04-26T02:34:14,jetson,/mnt/windows_share/20260425220419/E1/05582_-14562250_1777127049748.jpg,100,stage,detect,read_image,88,,,,
20260426_023405,2026-04-26T02:34:14,jetson,,,stage,area0,process_total,36,,,1,
20260426_023405,2026-04-26T02:34:14,jetson,/mnt/windows_share/20260425220419/E1/05579_-14570500_1777127049391.jpg,100,stage,detect,save_json,25,0,0,,
20260426_023405,2026-04-26T02:34:14,jetson,/mnt/windows_share/20260425220419/E1/05579_-14570500_1777127049391.jpg,100,stage,detect,detect_process_total,254,,,,
20260426_023405,2026-04-26T02:34:14,jetson,/mnt/windows_share/20260425220419/E1/05579_-14570500_1777127049391.jpg,100,stage,shell,file_total,255,0,0,,
20260426_023405,2026-04-26T02:34:14,jetson,,,stage,area1,process_total,65,,,1,
20260426_023405,2026-04-26T02:34:14,jetson,,,stage,area0,process_total,83,,,1,
20260426_023405,2026-04-26T02:34:14,jetson,/mnt/windows_share/20260425220419/E1/05583_-14559250_1777127049872.jpg,100,stage,detect,read_image,82,,,,
20260426_023405,2026-04-26T02:34:14,jetson,,,stage,area0,process_total,105,,,1,
20260426_023405,2026-04-26T02:34:14,jetson,,,stage,area1,process_total,105,,,1,
20260426_023405,2026-04-26T02:34:14,jetson,,,stage,element1,process_total,93,,,1,
20260426_023405,2026-04-26T02:34:14,jetson,,,stage,element1,process_total,115,,,1,
20260426_023405,2026-04-26T02:34:14,jetson,,,stage,element2,process_total,200,,,1,
20260426_023405,2026-04-26T02:34:14,jetson,,,stage,element1,process_total,137,,,1,
20260426_023405,2026-04-26T02:34:14,jetson,,,stage,area1,process_total,151,,,1,
20260426_023405,2026-04-26T02:34:14,jetson,,,stage,area0,process_total,152,,,1,
20260426_023405,2026-04-26T02:34:14,jetson,,,stage,element2,process_total,218,,,1,
20260426_023405,2026-04-26T02:34:14,jetson,,,stage,element2,process_total,178,,,1,
20260426_023405,2026-04-26T02:34:14,jetson,,,stage,detail1,process_total,321,,,5,
20260426_023405,2026-04-26T02:34:14,jetson,,,stage,detail0,process_total,337,,,5,
20260426_023405,2026-04-26T02:34:14,jetson,,,stage,element1,process_total,98,,,1,
20260426_023405,2026-04-26T02:34:14,jetson,/mnt/windows_share/20260425220419/E1/05580_-14567500_1777127049510.jpg,100,stage,detect,save_json,14,0,0,,
20260426_023405,2026-04-26T02:34:14,jetson,/mnt/windows_share/20260425220419/E1/05580_-14567500_1777127049510.jpg,100,stage,detect,detect_process_total,484,,,,
20260426_023405,2026-04-26T02:34:14,jetson,/mnt/windows_share/20260425220419/E1/05580_-14567500_1777127049510.jpg,100,stage,shell,file_total,484,0,0,,
20260426_023405,2026-04-26T02:34:14,jetson,,,stage,detail1,process_total,304,,,4,
20260426_023405,2026-04-26T02:34:14,jetson,,,stage,element2,process_total,136,,,1,
20260426_023405,2026-04-26T02:34:14,jetson,,,stage,detail0,process_total,312,,,4,
20260426_023405,2026-04-26T02:34:14,jetson,,,stage,detail1,process_total,289,,,4,
20260426_023405,2026-04-26T02:34:14,jetson,,,stage,detail0,process_total,292,,,4,
20260426_023405,2026-04-26T02:34:14,jetson,/mnt/windows_share/20260425220419/E1/05581_-14565000_1777127049628.jpg,100,stage,detect,save_json,21,0,0,,
20260426_023405,2026-04-26T02:34:14,jetson,/mnt/windows_share/20260425220419/E1/05581_-14565000_1777127049628.jpg,100,stage,detect,detect_process_total,520,,,,
20260426_023405,2026-04-26T02:34:14,jetson,/mnt/windows_share/20260425220419/E1/05581_-14565000_1777127049628.jpg,100,stage,shell,file_total,520,0,0,,
20260426_023405,2026-04-26T02:34:14,jetson,/mnt/windows_share/20260425220419/E1/05582_-14562250_1777127049748.jpg,100,stage,detect,save_json,23,0,0,,
20260426_023405,2026-04-26T02:34:14,jetson,/mnt/windows_share/20260425220419/E1/05582_-14562250_1777127049748.jpg,100,stage,detect,detect_process_total,511,,,,
20260426_023405,2026-04-26T02:34:14,jetson,/mnt/windows_share/20260425220419/E1/05582_-14562250_1777127049748.jpg,100,stage,shell,file_total,511,0,0,,
20260426_023405,2026-04-26T02:34:14,jetson,,,stage,detail1,process_total,179,,,5,
20260426_023405,2026-04-26T02:34:14,jetson,,,stage,detail0,process_total,182,,,5,
20260426_023405,2026-04-26T02:34:14,jetson,/mnt/windows_share/20260425220419/E1/05584_-14556500_1777127049993.jpg,100,stage,detect,read_image,89,,,,
20260426_023405,2026-04-26T02:34:14,jetson,/mnt/windows_share/20260425220419/E1/05583_-14559250_1777127049872.jpg,100,stage,detect,save_json,23,0,0,,
20260426_023405,2026-04-26T02:34:14,jetson,/mnt/windows_share/20260425220419/E1/05583_-14559250_1777127049872.jpg,100,stage,detect,detect_process_total,446,,,,
20260426_023405,2026-04-26T02:34:14,jetson,/mnt/windows_share/20260425220419/E1/05583_-14559250_1777127049872.jpg,100,stage,shell,file_total,446,0,0,,
20260426_023405,2026-04-26T02:34:14,jetson,,,stage,area1,process_total,24,,,1,
20260426_023405,2026-04-26T02:34:15,jetson,,,stage,area0,process_total,31,,,1,
20260426_023405,2026-04-26T02:34:15,jetson,/mnt/windows_share/20260425220419/E1/05585_-14553750_1777127050117.jpg,100,stage,detect,read_image,85,,,,
20260426_023405,2026-04-26T02:34:15,jetson,/mnt/windows_share/20260425220419/E1/05586_-14551000_1777127050234.jpg,100,stage,detect,read_image,111,,,,
20260426_023405,2026-04-26T02:34:15,jetson,/mnt/windows_share/20260425220419/E1/05587_-14548250_1777127050357.jpg,100,stage,detect,read_image,109,,,,
20260426_023405,2026-04-26T02:34:15,jetson,,,stage,element1,process_total,78,,,1,
20260426_023405,2026-04-26T02:34:15,jetson,,,stage,area1,process_total,85,,,1,
20260426_023405,2026-04-26T02:34:15,jetson,,,stage,area0,process_total,86,,,1,
20260426_023405,2026-04-26T02:34:15,jetson,,,stage,element2,process_total,134,,,1,
20260426_023405,2026-04-26T02:34:15,jetson,,,stage,area1,process_total,93,,,1,
20260426_023405,2026-04-26T02:34:15,jetson,,,stage,area0,process_total,93,,,1,
20260426_023405,2026-04-26T02:34:15,jetson,,,stage,area0,process_total,93,,,1,
20260426_023405,2026-04-26T02:34:15,jetson,,,stage,area1,process_total,94,,,1,
20260426_023405,2026-04-26T02:34:15,jetson,,,stage,element1,process_total,112,,,1,
20260426_023405,2026-04-26T02:34:15,jetson,,,stage,detail0,process_total,239,,,4,
20260426_023405,2026-04-26T02:34:15,jetson,,,stage,element1,process_total,120,,,1,
20260426_023405,2026-04-26T02:34:15,jetson,,,stage,detail1,process_total,274,,,4,
20260426_023405,2026-04-26T02:34:15,jetson,/mnt/windows_share/20260425220419/E1/05584_-14556500_1777127049993.jpg,100,stage,detect,save_json,16,0,0,,
20260426_023405,2026-04-26T02:34:15,jetson,/mnt/windows_share/20260425220419/E1/05584_-14556500_1777127049993.jpg,100,stage,detect,detect_process_total,413,,,,
20260426_023405,2026-04-26T02:34:15,jetson,/mnt/windows_share/20260425220419/E1/05584_-14556500_1777127049993.jpg,100,stage,shell,file_total,413,0,0,,
20260426_023405,2026-04-26T02:34:15,jetson,,,stage,element1,process_total,114,,,1,
20260426_023405,2026-04-26T02:34:15,jetson,,,stage,element2,process_total,193,,,1,
20260426_023405,2026-04-26T02:34:15,jetson,,,stage,element2,process_total,178,,,1,
20260426_023405,2026-04-26T02:34:15,jetson,,,stage,element2,process_total,147,,,1,
20260426_023405,2026-04-26T02:34:15,jetson,/mnt/windows_share/20260425220419/E1/05588_-14545500_1777127050479.jpg,100,stage,detect,read_image,84,,,,
20260426_023405,2026-04-26T02:34:15,jetson,,,stage,detail1,process_total,271,,,4,
20260426_023405,2026-04-26T02:34:15,jetson,,,stage,detail0,process_total,277,,,4,
20260426_023405,2026-04-26T02:34:15,jetson,,,stage,detail1,process_total,323,,,5,
20260426_023405,2026-04-26T02:34:15,jetson,,,stage,area0,process_total,56,,,1,
20260426_023405,2026-04-26T02:34:15,jetson,,,stage,area1,process_total,57,,,1,
20260426_023405,2026-04-26T02:34:15,jetson,,,stage,detail0,process_total,336,,,5,
20260426_023405,2026-04-26T02:34:15,jetson,/mnt/windows_share/20260425220419/E1/05586_-14551000_1777127050234.jpg,100,stage,detect,save_json,15,0,0,,
20260426_023405,2026-04-26T02:34:15,jetson,/mnt/windows_share/20260425220419/E1/05586_-14551000_1777127050234.jpg,100,stage,detect,detect_process_total,501,,,,
20260426_023405,2026-04-26T02:34:15,jetson,/mnt/windows_share/20260425220419/E1/05586_-14551000_1777127050234.jpg,100,stage,shell,file_total,501,0,0,,
20260426_023405,2026-04-26T02:34:15,jetson,,,stage,detail1,process_total,272,,,5,
20260426_023405,2026-04-26T02:34:15,jetson,/mnt/windows_share/20260425220419/E1/05585_-14553750_1777127050117.jpg,100,stage,detect,save_json,16,0,0,,
20260426_023405,2026-04-26T02:34:15,jetson,/mnt/windows_share/20260425220419/E1/05585_-14553750_1777127050117.jpg,100,stage,detect,detect_process_total,527,,,,
20260426_023405,2026-04-26T02:34:15,jetson,/mnt/windows_share/20260425220419/E1/05585_-14553750_1777127050117.jpg,100,stage,shell,file_total,527,0,0,,
20260426_023405,2026-04-26T02:34:15,jetson,,,stage,detail0,process_total,295,,,5,
20260426_023405,2026-04-26T02:34:15,jetson,,,stage,element1,process_total,64,,,1,
20260426_023405,2026-04-26T02:34:15,jetson,/mnt/windows_share/20260425220419/E1/05587_-14548250_1777127050357.jpg,100,stage,detect,save_json,19,0,0,,
20260426_023405,2026-04-26T02:34:15,jetson,/mnt/windows_share/20260425220419/E1/05587_-14548250_1777127050357.jpg,100,stage,detect,detect_process_total,521,,,,
20260426_023405,2026-04-26T02:34:15,jetson,/mnt/windows_share/20260425220419/E1/05587_-14548250_1777127050357.jpg,100,stage,shell,file_total,521,0,0,,
20260426_023405,2026-04-26T02:34:15,jetson,,,stage,element2,process_total,67,,,1,
20260426_023405,2026-04-26T02:34:15,jetson,/mnt/windows_share/20260425220419/E1/05589_-14542750_1777127050601.jpg,100,stage,detect,read_image,88,,,,
20260426_023405,2026-04-26T02:34:15,jetson,/mnt/windows_share/20260425220419/E1/05590_-14540000_1777127050720.jpg,100,stage,detect,read_image,89,,,,
20260426_023405,2026-04-26T02:34:15,jetson,,,stage,detail1,process_total,123,,,5,
20260426_023405,2026-04-26T02:34:15,jetson,/mnt/windows_share/20260425220419/E1/05591_-14537250_1777127050844.jpg,100,stage,detect,read_image,79,,,,
20260426_023405,2026-04-26T02:34:15,jetson,,,stage,detail0,process_total,148,,,5,
20260426_023405,2026-04-26T02:34:15,jetson,,,stage,area0,process_total,60,,,1,
20260426_023405,2026-04-26T02:34:15,jetson,,,stage,area0,process_total,44,,,1,
20260426_023405,2026-04-26T02:34:15,jetson,,,stage,area1,process_total,45,,,1,
20260426_023405,2026-04-26T02:34:15,jetson,,,stage,area1,process_total,63,,,1,
20260426_023405,2026-04-26T02:34:15,jetson,/mnt/windows_share/20260425220419/E1/05588_-14545500_1777127050479.jpg,100,stage,detect,save_json,15,0,0,,
20260426_023405,2026-04-26T02:34:15,jetson,/mnt/windows_share/20260425220419/E1/05588_-14545500_1777127050479.jpg,100,stage,detect,detect_process_total,309,,,,
20260426_023405,2026-04-26T02:34:15,jetson,/mnt/windows_share/20260425220419/E1/05588_-14545500_1777127050479.jpg,100,stage,shell,file_total,309,0,0,,
20260426_023405,2026-04-26T02:34:15,jetson,,,stage,area0,process_total,25,,,1,
20260426_023405,2026-04-26T02:34:15,jetson,/mnt/windows_share/20260425220419/E1/05592_-14534500_1777127050966.jpg,100,stage,detect,read_image,80,,,,
20260426_023405,2026-04-26T02:34:15,jetson,,,stage,element1,process_total,92,,,1,
20260426_023405,2026-04-26T02:34:15,jetson,,,stage,element1,process_total,105,,,1,
20260426_023405,2026-04-26T02:34:15,jetson,,,stage,area1,process_total,122,,,1,
20260426_023405,2026-04-26T02:34:15,jetson,,,stage,element2,process_total,157,,,1,
20260426_023405,2026-04-26T02:34:15,jetson,,,stage,element2,process_total,165,,,1,
20260426_023405,2026-04-26T02:34:15,jetson,,,stage,area0,process_total,108,,,1,
20260426_023405,2026-04-26T02:34:15,jetson,,,stage,area1,process_total,116,,,1,
20260426_023405,2026-04-26T02:34:15,jetson,,,stage,element1,process_total,116,,,1,
20260426_023405,2026-04-26T02:34:15,jetson,,,stage,element2,process_total,167,,,1,
20260426_023405,2026-04-26T02:34:15,jetson,,,stage,element1,process_total,92,,,1,
20260426_023405,2026-04-26T02:34:15,jetson,,,stage,element2,process_total,139,,,1,
20260426_023405,2026-04-26T02:34:15,jetson,,,stage,detail0,process_total,353,,,4,
20260426_023405,2026-04-26T02:34:15,jetson,,,stage,detail1,process_total,373,,,5,
20260426_023405,2026-04-26T02:34:15,jetson,,,stage,detail1,process_total,276,,,4,
20260426_023405,2026-04-26T02:34:15,jetson,,,stage,detail1,process_total,383,,,5,
20260426_023405,2026-04-26T02:34:15,jetson,,,stage,detail0,process_total,281,,,4,
20260426_023405,2026-04-26T02:34:15,jetson,,,stage,detail0,process_total,388,,,5,
20260426_023405,2026-04-26T02:34:16,jetson,/mnt/windows_share/20260425220419/E1/05589_-14542750_1777127050601.jpg,100,stage,detect,save_json,19,0,0,,
20260426_023405,2026-04-26T02:34:16,jetson,/mnt/windows_share/20260425220419/E1/05589_-14542750_1777127050601.jpg,100,stage,detect,detect_process_total,555,,,,
20260426_023405,2026-04-26T02:34:16,jetson,/mnt/windows_share/20260425220419/E1/05589_-14542750_1777127050601.jpg,100,stage,shell,file_total,555,0,0,,
20260426_023405,2026-04-26T02:34:16,jetson,/mnt/windows_share/20260425220419/E1/05591_-14537250_1777127050844.jpg,100,stage,detect,save_json,17,0,0,,
20260426_023405,2026-04-26T02:34:16,jetson,,,stage,detail1,process_total,201,,,5,
20260426_023405,2026-04-26T02:34:16,jetson,/mnt/windows_share/20260425220419/E1/05591_-14537250_1777127050844.jpg,100,stage,detect,detect_process_total,502,,,,
20260426_023405,2026-04-26T02:34:16,jetson,/mnt/windows_share/20260425220419/E1/05591_-14537250_1777127050844.jpg,100,stage,shell,file_total,502,0,0,,
20260426_023405,2026-04-26T02:34:16,jetson,/mnt/windows_share/20260425220419/E1/05590_-14540000_1777127050720.jpg,100,stage,detect,save_json,21,0,0,,
20260426_023405,2026-04-26T02:34:16,jetson,/mnt/windows_share/20260425220419/E1/05590_-14540000_1777127050720.jpg,100,stage,detect,detect_process_total,546,,,,
20260426_023405,2026-04-26T02:34:16,jetson,/mnt/windows_share/20260425220419/E1/05590_-14540000_1777127050720.jpg,100,stage,shell,file_total,546,0,0,,
20260426_023405,2026-04-26T02:34:16,jetson,,,stage,detail0,process_total,220,,,6,
20260426_023405,2026-04-26T02:34:16,jetson,/mnt/windows_share/20260425220419/E1/05592_-14534500_1777127050966.jpg,100,stage,detect,save_json,44,0,0,,
20260426_023405,2026-04-26T02:34:16,jetson,/mnt/windows_share/20260425220419/E1/05592_-14534500_1777127050966.jpg,100,stage,detect,detect_process_total,466,,,,
20260426_023405,2026-04-26T02:34:16,jetson,/mnt/windows_share/20260425220419/E1/05592_-14534500_1777127050966.jpg,100,stage,shell,file_total,466,0,0,,
20260426_023405,2026-04-26T02:34:16,jetson,/mnt/windows_share/20260425220419/E1/05593_-14532000_1777127051080.jpg,100,stage,detect,read_image,100,,,,
20260426_023405,2026-04-26T02:34:16,jetson,/mnt/windows_share/20260425220419/E1/05594_-14529000_1777127051206.jpg,100,stage,detect,read_image,116,,,,
20260426_023405,2026-04-26T02:34:16,jetson,,,stage,area1,process_total,30,,,1,
20260426_023405,2026-04-26T02:34:16,jetson,,,stage,area0,process_total,38,,,1,
20260426_023405,2026-04-26T02:34:16,jetson,/mnt/windows_share/20260425220419/E1/05595_-14526250_1777127051329.jpg,100,stage,detect,read_image,140,,,,
20260426_023405,2026-04-26T02:34:16,jetson,,,stage,area0,process_total,28,,,1,
20260426_023405,2026-04-26T02:34:16,jetson,/mnt/windows_share/20260425220419/E1/05596_-14523750_1777127051448.jpg,100,stage,detect,read_image,91,,,,
20260426_023405,2026-04-26T02:34:16,jetson,,,stage,area1,process_total,47,,,1,
20260426_023405,2026-04-26T02:34:16,jetson,,,stage,element1,process_total,35,,,1,
20260426_023405,2026-04-26T02:34:16,jetson,,,stage,area1,process_total,137,,,1,
20260426_023405,2026-04-26T02:34:16,jetson,,,stage,area0,process_total,142,,,1,
20260426_023405,2026-04-26T02:34:16,jetson,,,stage,area1,process_total,129,,,1,
20260426_023405,2026-04-26T02:34:16,jetson,,,stage,element1,process_total,116,,,1,
20260426_023405,2026-04-26T02:34:16,jetson,,,stage,area0,process_total,137,,,1,
20260426_023405,2026-04-26T02:34:16,jetson,,,stage,element2,process_total,194,,,1,
20260426_023405,2026-04-26T02:34:16,jetson,,,stage,element2,process_total,204,,,1,
20260426_023405,2026-04-26T02:34:16,jetson,,,stage,element1,process_total,114,,,1,
20260426_023405,2026-04-26T02:34:16,jetson,,,stage,element1,process_total,121,,,1,
20260426_023405,2026-04-26T02:34:16,jetson,,,stage,element2,process_total,162,,,1,
20260426_023405,2026-04-26T02:34:16,jetson,,,stage,element2,process_total,154,,,1,
20260426_023405,2026-04-26T02:34:16,jetson,,,stage,detail0,process_total,340,,,4,
20260426_023405,2026-04-26T02:34:16,jetson,,,stage,detail1,process_total,375,,,5,
20260426_023405,2026-04-26T02:34:16,jetson,,,stage,detail1,process_total,343,,,4,
20260426_023405,2026-04-26T02:34:16,jetson,,,stage,detail0,process_total,380,,,5,
20260426_023405,2026-04-26T02:34:16,jetson,/mnt/windows_share/20260425220419/E1/05594_-14529000_1777127051206.jpg,100,stage,detect,save_json,18,0,0,,
20260426_023405,2026-04-26T02:34:16,jetson,/mnt/windows_share/20260425220419/E1/05594_-14529000_1777127051206.jpg,100,stage,detect,detect_process_total,532,,,,
20260426_023405,2026-04-26T02:34:16,jetson,/mnt/windows_share/20260425220419/E1/05594_-14529000_1777127051206.jpg,100,stage,shell,file_total,532,0,0,,
20260426_023405,2026-04-26T02:34:16,jetson,,,stage,detail1,process_total,234,,,4,
20260426_023405,2026-04-26T02:34:16,jetson,,,stage,detail1,process_total,249,,,5,
20260426_023405,2026-04-26T02:34:16,jetson,,,stage,detail0,process_total,240,,,4,
20260426_023405,2026-04-26T02:34:16,jetson,/mnt/windows_share/20260425220419/E1/05593_-14532000_1777127051080.jpg,100,stage,detect,save_json,25,0,0,,
20260426_023405,2026-04-26T02:34:16,jetson,/mnt/windows_share/20260425220419/E1/05593_-14532000_1777127051080.jpg,100,stage,detect,detect_process_total,547,,,,
20260426_023405,2026-04-26T02:34:16,jetson,/mnt/windows_share/20260425220419/E1/05593_-14532000_1777127051080.jpg,100,stage,shell,file_total,547,0,0,,
20260426_023405,2026-04-26T02:34:16,jetson,,,stage,detail0,process_total,258,,,5,
20260426_023405,2026-04-26T02:34:16,jetson,/mnt/windows_share/20260425220419/E1/05596_-14523750_1777127051448.jpg,100,stage,detect,save_json,15,0,0,,
20260426_023405,2026-04-26T02:34:16,jetson,/mnt/windows_share/20260425220419/E1/05596_-14523750_1777127051448.jpg,100,stage,detect,detect_process_total,493,,,,
20260426_023405,2026-04-26T02:34:16,jetson,/mnt/windows_share/20260425220419/E1/05596_-14523750_1777127051448.jpg,100,stage,shell,file_total,493,0,0,,
20260426_023405,2026-04-26T02:34:16,jetson,/mnt/windows_share/20260425220419/E1/05595_-14526250_1777127051329.jpg,100,stage,detect,save_json,36,0,0,,
20260426_023405,2026-04-26T02:34:16,jetson,/mnt/windows_share/20260425220419/E1/05595_-14526250_1777127051329.jpg,100,stage,detect,detect_process_total,582,,,,
20260426_023405,2026-04-26T02:34:16,jetson,/mnt/windows_share/20260425220419/E1/05595_-14526250_1777127051329.jpg,100,stage,shell,file_total,582,0,0,,
20260426_023405,2026-04-26T02:34:16,jetson,/mnt/windows_share/20260425220419/E1/05597_-14521000_1777127051566.jpg,100,stage,detect,read_image,92,,,,
20260426_023405,2026-04-26T02:34:16,jetson,/mnt/windows_share/20260425220419/E1/05598_-14518000_1777127051698.jpg,100,stage,detect,read_image,91,,,,
20260426_023405,2026-04-26T02:34:16,jetson,,,stage,area0,process_total,19,,,1,
20260426_023405,2026-04-26T02:34:16,jetson,,,stage,area1,process_total,26,,,1,
20260426_023405,2026-04-26T02:34:16,jetson,/mnt/windows_share/20260425220419/E1/05599_-14515250_1777127051826.jpg,100,stage,detect,read_image,97,,,,
20260426_023405,2026-04-26T02:34:16,jetson,,,stage,area0,process_total,25,,,1,
20260426_023405,2026-04-26T02:34:16,jetson,,,stage,area1,process_total,51,,,1,
20260426_023405,2026-04-26T02:34:16,jetson,/mnt/windows_share/20260425220419/E1/05600_-14512250_1777127051949.jpg,100,stage,detect,read_image,104,,,,
20260426_023405,2026-04-26T02:34:16,jetson,,,stage,area0,process_total,133,,,1,
20260426_023405,2026-04-26T02:34:16,jetson,,,stage,element1,process_total,146,,,1,
20260426_023405,2026-04-26T02:34:16,jetson,,,stage,area1,process_total,127,,,1,
20260426_023405,2026-04-26T02:34:16,jetson,,,stage,element1,process_total,108,,,1,
20260426_023405,2026-04-26T02:34:16,jetson,,,stage,area1,process_total,113,,,1,
20260426_023405,2026-04-26T02:34:16,jetson,,,stage,area0,process_total,126,,,1,
20260426_023405,2026-04-26T02:34:16,jetson,,,stage,element2,process_total,159,,,1,
20260426_023405,2026-04-26T02:34:16,jetson,,,stage,element2,process_total,208,,,1,
20260426_023405,2026-04-26T02:34:16,jetson,,,stage,detail1,process_total,245,,,4,
20260426_023405,2026-04-26T02:34:16,jetson,,,stage,element1,process_total,105,,,1,
20260426_023405,2026-04-26T02:34:16,jetson,,,stage,element1,process_total,115,,,1,
20260426_023405,2026-04-26T02:34:16,jetson,,,stage,element2,process_total,162,,,1,
20260426_023405,2026-04-26T02:34:16,jetson,,,stage,detail0,process_total,327,,,4,
20260426_023405,2026-04-26T02:34:16,jetson,,,stage,element2,process_total,144,,,1,
20260426_023405,2026-04-26T02:34:17,jetson,/mnt/windows_share/20260425220419/E1/05597_-14521000_1777127051566.jpg,100,stage,detect,save_json,17,0,0,,
20260426_023405,2026-04-26T02:34:17,jetson,/mnt/windows_share/20260425220419/E1/05597_-14521000_1777127051566.jpg,100,stage,detect,detect_process_total,465,,,,
20260426_023405,2026-04-26T02:34:17,jetson,/mnt/windows_share/20260425220419/E1/05597_-14521000_1777127051566.jpg,100,stage,shell,file_total,465,0,0,,
20260426_023405,2026-04-26T02:34:17,jetson,,,stage,detail1,process_total,363,,,5,
20260426_023405,2026-04-26T02:34:17,jetson,,,stage,detail0,process_total,367,,,5,
20260426_023405,2026-04-26T02:34:17,jetson,,,stage,detail1,process_total,264,,,5,
20260426_023405,2026-04-26T02:34:17,jetson,/mnt/windows_share/20260425220419/E1/05598_-14518000_1777127051698.jpg,100,stage,detect,save_json,16,0,0,,
20260426_023405,2026-04-26T02:34:17,jetson,/mnt/windows_share/20260425220419/E1/05598_-14518000_1777127051698.jpg,100,stage,detect,detect_process_total,530,,,,
20260426_023405,2026-04-26T02:34:17,jetson,/mnt/windows_share/20260425220419/E1/05598_-14518000_1777127051698.jpg,100,stage,shell,file_total,530,0,0,,
20260426_023405,2026-04-26T02:34:17,jetson,,,stage,detail0,process_total,272,,,5,
20260426_023405,2026-04-26T02:34:17,jetson,,,stage,detail1,process_total,242,,,5,
20260426_023405,2026-04-26T02:34:17,jetson,,,stage,detail0,process_total,254,,,5,
20260426_023405,2026-04-26T02:34:17,jetson,/mnt/windows_share/20260425220419/E1/05601_-14509500_1777127052078.jpg,100,stage,detect,read_image,96,,,,
20260426_023405,2026-04-26T02:34:17,jetson,/mnt/windows_share/20260425220419/E1/05599_-14515250_1777127051826.jpg,100,stage,detect,save_json,22,0,0,,
20260426_023405,2026-04-26T02:34:17,jetson,/mnt/windows_share/20260425220419/E1/05599_-14515250_1777127051826.jpg,100,stage,detect,detect_process_total,546,,,,
20260426_023405,2026-04-26T02:34:17,jetson,/mnt/windows_share/20260425220419/E1/05599_-14515250_1777127051826.jpg,100,stage,shell,file_total,546,0,0,,
20260426_023405,2026-04-26T02:34:17,jetson,/mnt/windows_share/20260425220419/E1/05600_-14512250_1777127051949.jpg,100,stage,detect,save_json,27,0,0,,
20260426_023405,2026-04-26T02:34:17,jetson,/mnt/windows_share/20260425220419/E1/05600_-14512250_1777127051949.jpg,100,stage,detect,detect_process_total,524,,,,
20260426_023405,2026-04-26T02:34:17,jetson,/mnt/windows_share/20260425220419/E1/05600_-14512250_1777127051949.jpg,100,stage,shell,file_total,524,0,0,,
20260426_023405,2026-04-26T02:34:17,jetson,,,stage,area1,process_total,25,,,1,
20260426_023405,2026-04-26T02:34:17,jetson,,,stage,area0,process_total,32,,,1,
20260426_023405,2026-04-26T02:34:17,jetson,/mnt/windows_share/20260425220419/E1/05602_-14506500_1777127052208.jpg,100,stage,detect,read_image,85,,,,
20260426_023405,2026-04-26T02:34:17,jetson,/mnt/windows_share/20260425220419/E1/05603_-14503750_1777127052339.jpg,100,stage,detect,read_image,94,,,,
20260426_023405,2026-04-26T02:34:17,jetson,/mnt/windows_share/20260425220419/E1/05604_-14501000_1777127052463.jpg,100,stage,detect,read_image,94,,,,
20260426_023405,2026-04-26T02:34:17,jetson,,,stage,element1,process_total,64,,,1,
20260426_023405,2026-04-26T02:34:17,jetson,,,stage,element2,process_total,123,,,1,
20260426_023405,2026-04-26T02:34:17,jetson,,,stage,area1,process_total,90,,,1,
20260426_023405,2026-04-26T02:34:17,jetson,,,stage,area0,process_total,83,,,1,
20260426_023405,2026-04-26T02:34:17,jetson,,,stage,area1,process_total,87,,,1,
20260426_023405,2026-04-26T02:34:17,jetson,,,stage,area0,process_total,92,,,1,
20260426_023405,2026-04-26T02:34:17,jetson,,,stage,area1,process_total,102,,,1,
20260426_023405,2026-04-26T02:34:17,jetson,,,stage,area0,process_total,111,,,1,
20260426_023405,2026-04-26T02:34:17,jetson,,,stage,element1,process_total,127,,,1,
20260426_023405,2026-04-26T02:34:17,jetson,,,stage,detail1,process_total,271,,,5,
20260426_023405,2026-04-26T02:34:17,jetson,,,stage,element1,process_total,127,,,1,
20260426_023405,2026-04-26T02:34:17,jetson,,,stage,element1,process_total,120,,,1,
20260426_023405,2026-04-26T02:34:17,jetson,,,stage,element2,process_total,192,,,1,
20260426_023405,2026-04-26T02:34:17,jetson,,,stage,element2,process_total,178,,,1,
20260426_023405,2026-04-26T02:34:17,jetson,,,stage,detail0,process_total,354,,,5,
20260426_023405,2026-04-26T02:34:17,jetson,,,stage,element2,process_total,165,,,1,
20260426_023405,2026-04-26T02:34:17,jetson,/mnt/windows_share/20260425220419/E1/05601_-14509500_1777127052078.jpg,100,stage,detect,save_json,16,0,0,,
20260426_023405,2026-04-26T02:34:17,jetson,/mnt/windows_share/20260425220419/E1/05601_-14509500_1777127052078.jpg,100,stage,detect,detect_process_total,501,,,,
20260426_023405,2026-04-26T02:34:17,jetson,/mnt/windows_share/20260425220419/E1/05601_-14509500_1777127052078.jpg,100,stage,shell,file_total,501,0,0,,
20260426_023405,2026-04-26T02:34:17,jetson,,,stage,detail1,process_total,244,,,4,
20260426_023405,2026-04-26T02:34:17,jetson,,,stage,detail0,process_total,247,,,4,
20260426_023405,2026-04-26T02:34:17,jetson,,,stage,detail1,process_total,318,,,5,
20260426_023405,2026-04-26T02:34:17,jetson,,,stage,detail0,process_total,321,,,5,
20260426_023405,2026-04-26T02:34:17,jetson,,,stage,detail1,process_total,284,,,5,
20260426_023405,2026-04-26T02:34:17,jetson,,,stage,detail0,process_total,286,,,5,
20260426_023405,2026-04-26T02:34:17,jetson,/mnt/windows_share/20260425220419/E1/05604_-14501000_1777127052463.jpg,100,stage,detect,save_json,14,0,0,,
20260426_023405,2026-04-26T02:34:17,jetson,/mnt/windows_share/20260425220419/E1/05604_-14501000_1777127052463.jpg,100,stage,detect,detect_process_total,469,,,,
20260426_023405,2026-04-26T02:34:17,jetson,/mnt/windows_share/20260425220419/E1/05604_-14501000_1777127052463.jpg,100,stage,shell,file_total,469,0,0,,
20260426_023405,2026-04-26T02:34:17,jetson,/mnt/windows_share/20260425220419/E1/05605_-14498250_1777127052591.jpg,100,stage,detect,read_image,83,,,,
20260426_023405,2026-04-26T02:34:17,jetson,/mnt/windows_share/20260425220419/E1/05603_-14503750_1777127052339.jpg,100,stage,detect,save_json,18,0,0,,
20260426_023405,2026-04-26T02:34:17,jetson,/mnt/windows_share/20260425220419/E1/05602_-14506500_1777127052208.jpg,100,stage,detect,save_json,21,0,0,,
20260426_023405,2026-04-26T02:34:17,jetson,/mnt/windows_share/20260425220419/E1/05603_-14503750_1777127052339.jpg,100,stage,detect,detect_process_total,493,,,,
20260426_023405,2026-04-26T02:34:17,jetson,/mnt/windows_share/20260425220419/E1/05603_-14503750_1777127052339.jpg,100,stage,shell,file_total,493,0,0,,
20260426_023405,2026-04-26T02:34:17,jetson,/mnt/windows_share/20260425220419/E1/05602_-14506500_1777127052208.jpg,100,stage,detect,detect_process_total,523,,,,
20260426_023405,2026-04-26T02:34:17,jetson,/mnt/windows_share/20260425220419/E1/05602_-14506500_1777127052208.jpg,100,stage,shell,file_total,523,0,0,,
20260426_023405,2026-04-26T02:34:17,jetson,,,stage,area1,process_total,20,,,1,
20260426_023405,2026-04-26T02:34:17,jetson,,,stage,area0,process_total,27,,,1,
20260426_023405,2026-04-26T02:34:17,jetson,/mnt/windows_share/20260425220419/E1/05606_-14495500_1777127052716.jpg,100,stage,detect,read_image,89,,,,
20260426_023405,2026-04-26T02:34:17,jetson,,,stage,element1,process_total,61,,,1,
20260426_023405,2026-04-26T02:34:17,jetson,/mnt/windows_share/20260425220419/E1/05608_-14490000_1777127052968.jpg,100,stage,detect,read_image,89,,,,
20260426_023405,2026-04-26T02:34:17,jetson,,,stage,element2,process_total,81,,,1,
20260426_023405,2026-04-26T02:34:17,jetson,,,stage,area0,process_total,45,,,1,
20260426_023405,2026-04-26T02:34:17,jetson,/mnt/windows_share/20260425220419/E1/05607_-14492750_1777127052844.jpg,100,stage,detect,read_image,118,,,,
20260426_023405,2026-04-26T02:34:17,jetson,,,stage,area1,process_total,53,,,1,
20260426_023405,2026-04-26T02:34:17,jetson,,,stage,detail0,process_total,116,,,5,
20260426_023405,2026-04-26T02:34:17,jetson,,,stage,area1,process_total,46,,,1,
20260426_023405,2026-04-26T02:34:17,jetson,,,stage,area0,process_total,53,,,1,
20260426_023405,2026-04-26T02:34:17,jetson,,,stage,area1,process_total,113,,,1,
20260426_023405,2026-04-26T02:34:17,jetson,,,stage,area0,process_total,122,,,1,
20260426_023405,2026-04-26T02:34:17,jetson,,,stage,element1,process_total,114,,,1,
20260426_023405,2026-04-26T02:34:17,jetson,,,stage,element1,process_total,114,,,1,
20260426_023405,2026-04-26T02:34:17,jetson,,,stage,element2,process_total,172,,,1,
20260426_023405,2026-04-26T02:34:17,jetson,,,stage,element2,process_total,161,,,1,
20260426_023405,2026-04-26T02:34:17,jetson,,,stage,element1,process_total,89,,,1,
20260426_023405,2026-04-26T02:34:17,jetson,,,stage,detail1,process_total,334,,,5,
20260426_023405,2026-04-26T02:34:17,jetson,,,stage,element2,process_total,112,,,1,
20260426_023405,2026-04-26T02:34:17,jetson,/mnt/windows_share/20260425220419/E1/05605_-14498250_1777127052591.jpg,100,stage,detect,save_json,15,0,0,,
20260426_023405,2026-04-26T02:34:17,jetson,/mnt/windows_share/20260425220419/E1/05605_-14498250_1777127052591.jpg,100,stage,detect,detect_process_total,462,,,,
20260426_023405,2026-04-26T02:34:17,jetson,/mnt/windows_share/20260425220419/E1/05605_-14498250_1777127052591.jpg,100,stage,shell,file_total,462,0,0,,
20260426_023405,2026-04-26T02:34:18,jetson,,,stage,detail1,process_total,300,,,5,
20260426_023405,2026-04-26T02:34:18,jetson,,,stage,detail1,process_total,296,,,5,
20260426_023405,2026-04-26T02:34:18,jetson,,,stage,detail1,process_total,196,,,4,
20260426_023405,2026-04-26T02:34:18,jetson,,,stage,detail0,process_total,298,,,5,
20260426_023405,2026-04-26T02:34:18,jetson,,,stage,detail0,process_total,315,,,5,
20260426_023405,2026-04-26T02:34:18,jetson,,,stage,detail0,process_total,209,,,5,
20260426_023405,2026-04-26T02:34:18,jetson,/mnt/windows_share/20260425220419/E1/05608_-14490000_1777127052968.jpg,100,stage,detect,save_json,19,0,0,,
20260426_023405,2026-04-26T02:34:18,jetson,/mnt/windows_share/20260425220419/E1/05608_-14490000_1777127052968.jpg,100,stage,detect,detect_process_total,462,,,,
20260426_023405,2026-04-26T02:34:18,jetson,/mnt/windows_share/20260425220419/E1/05608_-14490000_1777127052968.jpg,100,stage,shell,file_total,462,0,0,,
20260426_023405,2026-04-26T02:34:18,jetson,/mnt/windows_share/20260425220419/E1/05609_-14487250_1777127053092.jpg,100,stage,detect,read_image,98,,,,
20260426_023405,2026-04-26T02:34:18,jetson,/mnt/windows_share/20260425220419/E1/05606_-14495500_1777127052716.jpg,100,stage,detect,save_json,27,0,0,,
20260426_023405,2026-04-26T02:34:18,jetson,/mnt/windows_share/20260425220419/E1/05606_-14495500_1777127052716.jpg,100,stage,detect,detect_process_total,488,,,,
20260426_023405,2026-04-26T02:34:18,jetson,/mnt/windows_share/20260425220419/E1/05606_-14495500_1777127052716.jpg,100,stage,shell,file_total,488,0,0,,
20260426_023405,2026-04-26T02:34:18,jetson,/mnt/windows_share/20260425220419/E1/05607_-14492750_1777127052844.jpg,100,stage,detect,save_json,23,0,0,,
20260426_023405,2026-04-26T02:34:18,jetson,/mnt/windows_share/20260425220419/E1/05607_-14492750_1777127052844.jpg,100,stage,detect,detect_process_total,479,,,,
20260426_023405,2026-04-26T02:34:18,jetson,/mnt/windows_share/20260425220419/E1/05607_-14492750_1777127052844.jpg,100,stage,shell,file_total,479,0,0,,
20260426_023405,2026-04-26T02:34:18,jetson,,,stage,area1,process_total,24,,,1,
20260426_023405,2026-04-26T02:34:18,jetson,,,stage,area0,process_total,32,,,1,
20260426_023405,2026-04-26T02:34:18,jetson,/mnt/windows_share/20260425220419/E1/05610_-14484500_1777127053215.jpg,100,stage,detect,read_image,93,,,,
20260426_023405,2026-04-26T02:34:18,jetson,,,stage,element1,process_total,64,,,1,
20260426_023405,2026-04-26T02:34:18,jetson,/mnt/windows_share/20260425220419/E1/05612_-14479250_1777127053468.jpg,100,stage,detect,read_image,107,,,,
20260426_023405,2026-04-26T02:34:18,jetson,/mnt/windows_share/20260425220419/E1/05611_-14482000_1777127053342.jpg,100,stage,detect,read_image,118,,,,
20260426_023405,2026-04-26T02:34:18,jetson,,,stage,element2,process_total,109,,,1,
20260426_023405,2026-04-26T02:34:18,jetson,,,stage,area0,process_total,66,,,1,
20260426_023405,2026-04-26T02:34:18,jetson,,,stage,area1,process_total,72,,,1,
20260426_023405,2026-04-26T02:34:18,jetson,,,stage,detail1,process_total,143,,,4,
20260426_023405,2026-04-26T02:34:18,jetson,,,stage,area0,process_total,59,,,1,
20260426_023405,2026-04-26T02:34:18,jetson,,,stage,area1,process_total,64,,,1,
20260426_023405,2026-04-26T02:34:18,jetson,,,stage,area1,process_total,69,,,1,
20260426_023405,2026-04-26T02:34:18,jetson,,,stage,area0,process_total,69,,,1,
20260426_023405,2026-04-26T02:34:18,jetson,,,stage,detail0,process_total,178,,,4,
20260426_023405,2026-04-26T02:34:18,jetson,/mnt/windows_share/20260425220419/E1/05609_-14487250_1777127053092.jpg,100,stage,detect,save_json,14,0,0,,
20260426_023405,2026-04-26T02:34:18,jetson,/mnt/windows_share/20260425220419/E1/05609_-14487250_1777127053092.jpg,100,stage,detect,detect_process_total,331,,,,
20260426_023405,2026-04-26T02:34:18,jetson,/mnt/windows_share/20260425220419/E1/05609_-14487250_1777127053092.jpg,100,stage,shell,file_total,331,0,0,,
20260426_023405,2026-04-26T02:34:18,jetson,,,stage,element1,process_total,119,,,1,
20260426_023405,2026-04-26T02:34:18,jetson,/mnt/windows_share/20260425220419/E1/05613_-14476750_1777127053592.jpg,100,stage,detect,read_image,77,,,,
20260426_023405,2026-04-26T02:34:18,jetson,,,stage,element1,process_total,140,,,1,
20260426_023405,2026-04-26T02:34:18,jetson,,,stage,element1,process_total,131,,,1,
20260426_023405,2026-04-26T02:34:18,jetson,,,stage,element2,process_total,188,,,1,
20260426_023405,2026-04-26T02:34:18,jetson,,,stage,element2,process_total,216,,,1,
20260426_023405,2026-04-26T02:34:18,jetson,,,stage,element2,process_total,194,,,1,
20260426_023405,2026-04-26T02:34:18,jetson,,,stage,area1,process_total,106,,,1,
20260426_023405,2026-04-26T02:34:18,jetson,,,stage,area0,process_total,106,,,1,
20260426_023405,2026-04-26T02:34:18,jetson,,,stage,element1,process_total,79,,,1,
20260426_023405,2026-04-26T02:34:18,jetson,,,stage,detail0,process_total,346,,,4,
20260426_023405,2026-04-26T02:34:18,jetson,,,stage,detail1,process_total,360,,,4,
20260426_023405,2026-04-26T02:34:18,jetson,,,stage,element2,process_total,113,,,1,
20260426_023405,2026-04-26T02:34:18,jetson,/mnt/windows_share/20260425220419/E1/05610_-14484500_1777127053215.jpg,100,stage,detect,save_json,15,0,0,,
20260426_023405,2026-04-26T02:34:18,jetson,/mnt/windows_share/20260425220419/E1/05610_-14484500_1777127053215.jpg,100,stage,detect,detect_process_total,543,,,,
20260426_023405,2026-04-26T02:34:18,jetson,/mnt/windows_share/20260425220419/E1/05610_-14484500_1777127053215.jpg,100,stage,shell,file_total,543,0,0,,
20260426_023405,2026-04-26T02:34:18,jetson,,,stage,detail1,process_total,373,,,5,
20260426_023405,2026-04-26T02:34:18,jetson,,,stage,detail1,process_total,369,,,5,
20260426_023405,2026-04-26T02:34:18,jetson,,,stage,detail0,process_total,377,,,5,
20260426_023405,2026-04-26T02:34:18,jetson,,,stage,detail0,process_total,363,,,5,
20260426_023405,2026-04-26T02:34:18,jetson,,,stage,detail1,process_total,165,,,4,
20260426_023405,2026-04-26T02:34:18,jetson,,,stage,detail0,process_total,169,,,4,
20260426_023405,2026-04-26T02:34:18,jetson,/mnt/windows_share/20260425220419/E1/05612_-14479250_1777127053468.jpg,100,stage,detect,save_json,20,0,0,,
20260426_023405,2026-04-26T02:34:18,jetson,/mnt/windows_share/20260425220419/E1/05612_-14479250_1777127053468.jpg,100,stage,detect,detect_process_total,575,,,,
20260426_023405,2026-04-26T02:34:18,jetson,/mnt/windows_share/20260425220419/E1/05612_-14479250_1777127053468.jpg,100,stage,shell,file_total,575,0,0,,
20260426_023405,2026-04-26T02:34:18,jetson,/mnt/windows_share/20260425220419/E1/05611_-14482000_1777127053342.jpg,100,stage,detect,save_json,22,0,0,,
20260426_023405,2026-04-26T02:34:18,jetson,/mnt/windows_share/20260425220419/E1/05611_-14482000_1777127053342.jpg,100,stage,detect,detect_process_total,592,,,,
20260426_023405,2026-04-26T02:34:18,jetson,/mnt/windows_share/20260425220419/E1/05611_-14482000_1777127053342.jpg,100,stage,shell,file_total,592,0,0,,
20260426_023405,2026-04-26T02:34:18,jetson,/mnt/windows_share/20260425220419/E1/05613_-14476750_1777127053592.jpg,100,stage,detect,save_json,26,0,0,,
20260426_023405,2026-04-26T02:34:18,jetson,/mnt/windows_share/20260425220419/E1/05613_-14476750_1777127053592.jpg,100,stage,detect,detect_process_total,381,,,,
20260426_023405,2026-04-26T02:34:18,jetson,/mnt/windows_share/20260425220419/E1/05613_-14476750_1777127053592.jpg,100,stage,shell,file_total,381,0,0,,
20260426_023405,2026-04-26T02:34:18,jetson,/mnt/windows_share/20260425220419/E1/05614_-14474000_1777127053719.jpg,100,stage,detect,read_image,84,,,,
20260426_023405,2026-04-26T02:34:18,jetson,,,stage,area1,process_total,20,,,1,
20260426_023405,2026-04-26T02:34:18,jetson,,,stage,area0,process_total,30,,,1,
20260426_023405,2026-04-26T02:34:18,jetson,/mnt/windows_share/20260425220419/E1/05615_-14471000_1777127053856.jpg,100,stage,detect,read_image,85,,,,
20260426_023405,2026-04-26T02:34:18,jetson,/mnt/windows_share/20260425220419/E1/05616_-14468250_1777127053986.jpg,100,stage,detect,read_image,112,,,,
20260426_023405,2026-04-26T02:34:18,jetson,/mnt/windows_share/20260425220419/E1/05617_-14465500_1777127054119.jpg,100,stage,detect,read_image,114,,,,
20260426_023405,2026-04-26T02:34:18,jetson,,,stage,element1,process_total,109,,,1,
20260426_023405,2026-04-26T02:34:18,jetson,,,stage,area1,process_total,89,,,1,
20260426_023405,2026-04-26T02:34:18,jetson,,,stage,area0,process_total,93,,,1,
20260426_023405,2026-04-26T02:34:18,jetson,,,stage,element2,process_total,150,,,1,
20260426_023405,2026-04-26T02:34:18,jetson,,,stage,area1,process_total,115,,,1,
20260426_023405,2026-04-26T02:34:18,jetson,,,stage,area0,process_total,100,,,1,
20260426_023405,2026-04-26T02:34:18,jetson,,,stage,area0,process_total,116,,,1,
20260426_023405,2026-04-26T02:34:18,jetson,,,stage,area1,process_total,101,,,1,
20260426_023405,2026-04-26T02:34:18,jetson,,,stage,element1,process_total,49,,,1,
20260426_023405,2026-04-26T02:34:19,jetson,,,stage,element1,process_total,141,,,1,
20260426_023405,2026-04-26T02:34:19,jetson,,,stage,element2,process_total,197,,,1,
20260426_023405,2026-04-26T02:34:19,jetson,,,stage,element1,process_total,139,,,1,
20260426_023405,2026-04-26T02:34:19,jetson,,,stage,detail1,process_total,317,,,5,
20260426_023405,2026-04-26T02:34:19,jetson,,,stage,detail0,process_total,320,,,5,
20260426_023405,2026-04-26T02:34:19,jetson,,,stage,element0,process_total,213,,,2,
20260426_023405,2026-04-26T02:34:19,jetson,/mnt/windows_share/20260425220419/E1/05614_-14474000_1777127053719.jpg,100,stage,detect,save_json,16,0,0,,
20260426_023405,2026-04-26T02:34:19,jetson,/mnt/windows_share/20260425220419/E1/05614_-14474000_1777127053719.jpg,100,stage,detect,detect_process_total,455,,,,
20260426_023405,2026-04-26T02:34:19,jetson,/mnt/windows_share/20260425220419/E1/05614_-14474000_1777127053719.jpg,100,stage,shell,file_total,455,0,0,,
20260426_023405,2026-04-26T02:34:19,jetson,,,stage,element2,process_total,182,,,1,
20260426_023405,2026-04-26T02:34:19,jetson,,,stage,element2,process_total,171,,,1,
20260426_023405,2026-04-26T02:34:19,jetson,/mnt/windows_share/20260425220419/E1/05618_-14462750_1777127054248.jpg,100,stage,detect,read_image,76,,,,
20260426_023405,2026-04-26T02:34:19,jetson,,,stage,detail1,process_total,384,,,5,
20260426_023405,2026-04-26T02:34:19,jetson,,,stage,area0,process_total,90,,,1,
20260426_023405,2026-04-26T02:34:19,jetson,,,stage,area1,process_total,90,,,1,
20260426_023405,2026-04-26T02:34:19,jetson,,,stage,detail0,process_total,390,,,5,
20260426_023405,2026-04-26T02:34:19,jetson,,,stage,detail1,process_total,342,,,5,
20260426_023405,2026-04-26T02:34:19,jetson,,,stage,detail1,process_total,348,,,5,
20260426_023405,2026-04-26T02:34:19,jetson,/mnt/windows_share/20260425220419/E1/05615_-14471000_1777127053856.jpg,100,stage,detect,save_json,14,0,0,,
20260426_023405,2026-04-26T02:34:19,jetson,/mnt/windows_share/20260425220419/E1/05615_-14471000_1777127053856.jpg,100,stage,detect,detect_process_total,591,,,,
20260426_023405,2026-04-26T02:34:19,jetson,/mnt/windows_share/20260425220419/E1/05615_-14471000_1777127053856.jpg,100,stage,shell,file_total,591,0,0,,
20260426_023405,2026-04-26T02:34:19,jetson,,,stage,detail0,process_total,358,,,5,
20260426_023405,2026-04-26T02:34:19,jetson,,,stage,detail0,process_total,357,,,5,
20260426_023405,2026-04-26T02:34:19,jetson,,,stage,element1,process_total,36,,,1,
20260426_023405,2026-04-26T02:34:19,jetson,/mnt/windows_share/20260425220419/E1/05616_-14468250_1777127053986.jpg,100,stage,detect,save_json,31,0,0,,
20260426_023405,2026-04-26T02:34:19,jetson,/mnt/windows_share/20260425220419/E1/05616_-14468250_1777127053986.jpg,100,stage,detect,detect_process_total,620,,,,
20260426_023405,2026-04-26T02:34:19,jetson,/mnt/windows_share/20260425220419/E1/05616_-14468250_1777127053986.jpg,100,stage,shell,file_total,620,0,0,,
20260426_023405,2026-04-26T02:34:19,jetson,/mnt/windows_share/20260425220419/E1/05617_-14465500_1777127054119.jpg,100,stage,detect,save_json,38,0,0,,
20260426_023405,2026-04-26T02:34:19,jetson,/mnt/windows_share/20260425220419/E1/05617_-14465500_1777127054119.jpg,100,stage,detect,detect_process_total,614,,,,
20260426_023405,2026-04-26T02:34:19,jetson,/mnt/windows_share/20260425220419/E1/05617_-14465500_1777127054119.jpg,100,stage,shell,file_total,614,0,0,,
20260426_023405,2026-04-26T02:34:19,jetson,,,stage,element2,process_total,92,,,1,
20260426_023405,2026-04-26T02:34:19,jetson,,,stage,detail1,process_total,100,,,4,
20260426_023405,2026-04-26T02:34:19,jetson,/mnt/windows_share/20260425220419/E1/05619_-14460000_1777127054375.jpg,100,stage,detect,read_image,87,,,,
20260426_023405,2026-04-26T02:34:19,jetson,,,stage,detail0,process_total,114,,,4,
20260426_023405,2026-04-26T02:34:19,jetson,,,stage,area0,process_total,29,,,1,
20260426_023405,2026-04-26T02:34:19,jetson,/mnt/windows_share/20260425220419/E1/05618_-14462750_1777127054248.jpg,100,stage,detect,save_json,20,0,0,,
20260426_023405,2026-04-26T02:34:19,jetson,/mnt/windows_share/20260425220419/E1/05620_-14457250_1777127054504.jpg,100,stage,detect,read_image,81,,,,
20260426_023405,2026-04-26T02:34:19,jetson,/mnt/windows_share/20260425220419/E1/05618_-14462750_1777127054248.jpg,100,stage,detect,detect_process_total,304,,,,
20260426_023405,2026-04-26T02:34:19,jetson,/mnt/windows_share/20260425220419/E1/05618_-14462750_1777127054248.jpg,100,stage,shell,file_total,304,0,0,,
20260426_023405,2026-04-26T02:34:19,jetson,,,stage,area1,process_total,36,,,1,
20260426_023405,2026-04-26T02:34:19,jetson,,,stage,area1,process_total,35,,,1,
20260426_023405,2026-04-26T02:34:19,jetson,/mnt/windows_share/20260425220419/E1/05621_-14454750_1777127054634.jpg,100,stage,detect,read_image,116,,,,
20260426_023405,2026-04-26T02:34:19,jetson,,,stage,element1,process_total,36,,,1,
20260426_023405,2026-04-26T02:34:19,jetson,/mnt/windows_share/20260425220419/E1/05622_-14452500_1777127054767.jpg,100,stage,detect,read_image,89,,,,
20260426_023405,2026-04-26T02:34:19,jetson,,,stage,area0,process_total,91,,,1,
20260426_023405,2026-04-26T02:34:19,jetson,,,stage,area1,process_total,115,,,1,
20260426_023405,2026-04-26T02:34:19,jetson,,,stage,area0,process_total,116,,,1,
20260426_023405,2026-04-26T02:34:19,jetson,,,stage,element2,process_total,189,,,1,
20260426_023405,2026-04-26T02:34:19,jetson,,,stage,element1,process_total,128,,,1,
20260426_023405,2026-04-26T02:34:19,jetson,,,stage,area1,process_total,136,,,1,
20260426_023405,2026-04-26T02:34:19,jetson,,,stage,area0,process_total,138,,,1,
20260426_023405,2026-04-26T02:34:19,jetson,,,stage,element2,process_total,195,,,1,
20260426_023405,2026-04-26T02:34:19,jetson,,,stage,element1,process_total,141,,,1,
20260426_023405,2026-04-26T02:34:19,jetson,,,stage,element1,process_total,109,,,1,
20260426_023405,2026-04-26T02:34:19,jetson,,,stage,element2,process_total,210,,,1,
20260426_023405,2026-04-26T02:34:19,jetson,,,stage,element0,process_total,212,,,2,
20260426_023405,2026-04-26T02:34:19,jetson,,,stage,detail1,process_total,388,,,5,
20260426_023405,2026-04-26T02:34:19,jetson,,,stage,element2,process_total,168,,,1,
20260426_023405,2026-04-26T02:34:19,jetson,,,stage,detail0,process_total,408,,,5,
20260426_023405,2026-04-26T02:34:19,jetson,/mnt/windows_share/20260425220419/E1/05619_-14460000_1777127054375.jpg,100,stage,detect,save_json,19,0,0,,
20260426_023405,2026-04-26T02:34:19,jetson,/mnt/windows_share/20260425220419/E1/05619_-14460000_1777127054375.jpg,100,stage,detect,detect_process_total,553,,,,
20260426_023405,2026-04-26T02:34:19,jetson,/mnt/windows_share/20260425220419/E1/05619_-14460000_1777127054375.jpg,100,stage,shell,file_total,553,0,0,,
20260426_023405,2026-04-26T02:34:19,jetson,,,stage,detail1,process_total,306,,,4,
20260426_023405,2026-04-26T02:34:19,jetson,,,stage,detail0,process_total,310,,,4,
20260426_023405,2026-04-26T02:34:19,jetson,,,stage,detail1,process_total,380,,,5,
20260426_023405,2026-04-26T02:34:19,jetson,,,stage,detail0,process_total,383,,,5,
20260426_023405,2026-04-26T02:34:19,jetson,,,stage,detail1,process_total,256,,,5,
20260426_023405,2026-04-26T02:34:19,jetson,,,stage,detail0,process_total,265,,,5,
20260426_023405,2026-04-26T02:34:19,jetson,/mnt/windows_share/20260425220419/E1/05621_-14454750_1777127054634.jpg,100,stage,detect,save_json,19,0,0,,
20260426_023405,2026-04-26T02:34:19,jetson,/mnt/windows_share/20260425220419/E1/05621_-14454750_1777127054634.jpg,100,stage,detect,detect_process_total,570,,,,
20260426_023405,2026-04-26T02:34:19,jetson,/mnt/windows_share/20260425220419/E1/05621_-14454750_1777127054634.jpg,100,stage,shell,file_total,570,0,0,,
20260426_023405,2026-04-26T02:34:19,jetson,/mnt/windows_share/20260425220419/E1/05620_-14457250_1777127054504.jpg,100,stage,detect,save_json,32,0,0,,
20260426_023405,2026-04-26T02:34:19,jetson,/mnt/windows_share/20260425220419/E1/05620_-14457250_1777127054504.jpg,100,stage,detect,detect_process_total,589,,,,
20260426_023405,2026-04-26T02:34:19,jetson,/mnt/windows_share/20260425220419/E1/05620_-14457250_1777127054504.jpg,100,stage,shell,file_total,590,0,0,,
20260426_023405,2026-04-26T02:34:19,jetson,/mnt/windows_share/20260425220419/E1/05622_-14452500_1777127054767.jpg,100,stage,detect,save_json,21,0,0,,
20260426_023405,2026-04-26T02:34:19,jetson,/mnt/windows_share/20260425220419/E1/05622_-14452500_1777127054767.jpg,100,stage,detect,detect_process_total,516,,,,
20260426_023405,2026-04-26T02:34:19,jetson,/mnt/windows_share/20260425220419/E1/05622_-14452500_1777127054767.jpg,100,stage,shell,file_total,516,0,0,,
20260426_023405,2026-04-26T02:34:19,jetson,/mnt/windows_share/20260425220419/E1/05623_-14449000_1777127054904.jpg,100,stage,detect,read_image,92,,,,
20260426_023405,2026-04-26T02:34:19,jetson,,,stage,area1,process_total,27,,,1,
20260426_023405,2026-04-26T02:34:19,jetson,,,stage,area0,process_total,36,,,1,
20260426_023405,2026-04-26T02:34:19,jetson,/mnt/windows_share/20260425220419/E1/05624_-14446250_1777127055033.jpg,100,stage,detect,read_image,81,,,,
20260426_023405,2026-04-26T02:34:20,jetson,/mnt/windows_share/20260425220419/E1/05625_-14443500_1777127055166.jpg,100,stage,detect,read_image,124,,,,
20260426_023405,2026-04-26T02:34:20,jetson,/mnt/windows_share/20260425220419/E1/05626_-14440750_1777127055299.jpg,100,stage,detect,read_image,120,,,,
20260426_023405,2026-04-26T02:34:20,jetson,,,stage,area1,process_total,89,,,1,
20260426_023405,2026-04-26T02:34:20,jetson,,,stage,element1,process_total,165,,,1,
20260426_023405,2026-04-26T02:34:20,jetson,,,stage,area0,process_total,137,,,1,
20260426_023405,2026-04-26T02:34:20,jetson,,,stage,detail0,process_total,223,,,4,
20260426_023405,2026-04-26T02:34:20,jetson,,,stage,area1,process_total,170,,,1,
20260426_023405,2026-04-26T02:34:20,jetson,,,stage,area0,process_total,183,,,1,
20260426_023405,2026-04-26T02:34:20,jetson,,,stage,area0,process_total,181,,,1,
20260426_023405,2026-04-26T02:34:20,jetson,,,stage,area1,process_total,161,,,1,
20260426_023405,2026-04-26T02:34:20,jetson,,,stage,element2,process_total,262,,,1,
20260426_023405,2026-04-26T02:34:20,jetson,,,stage,detail1,process_total,296,,,4,
20260426_023405,2026-04-26T02:34:20,jetson,,,stage,element1,process_total,128,,,1,
20260426_023405,2026-04-26T02:34:20,jetson,/mnt/windows_share/20260425220419/E1/05623_-14449000_1777127054904.jpg,100,stage,detect,save_json,16,0,0,,
20260426_023405,2026-04-26T02:34:20,jetson,/mnt/windows_share/20260425220419/E1/05623_-14449000_1777127054904.jpg,100,stage,detect,detect_process_total,446,,,,
20260426_023405,2026-04-26T02:34:20,jetson,/mnt/windows_share/20260425220419/E1/05623_-14449000_1777127054904.jpg,100,stage,shell,file_total,446,0,0,,
20260426_023405,2026-04-26T02:34:20,jetson,/mnt/windows_share/20260425220419/E1/05627_-14438000_1777127055426.jpg,100,stage,detect,read_image,78,,,,
20260426_023405,2026-04-26T02:34:20,jetson,,,stage,element2,process_total,227,,,1,
20260426_023405,2026-04-26T02:34:20,jetson,,,stage,element1,process_total,168,,,1,
20260426_023405,2026-04-26T02:34:20,jetson,,,stage,element1,process_total,160,,,1,
20260426_023405,2026-04-26T02:34:20,jetson,,,stage,element2,process_total,215,,,1,
20260426_023405,2026-04-26T02:34:20,jetson,,,stage,element2,process_total,207,,,1,
20260426_023405,2026-04-26T02:34:20,jetson,,,stage,area1,process_total,96,,,1,
20260426_023405,2026-04-26T02:34:20,jetson,,,stage,area0,process_total,106,,,1,
20260426_023405,2026-04-26T02:34:20,jetson,,,stage,element1,process_total,100,,,1,
20260426_023405,2026-04-26T02:34:20,jetson,,,stage,detail1,process_total,376,,,4,
20260426_023405,2026-04-26T02:34:20,jetson,,,stage,detail0,process_total,380,,,4,
20260426_023405,2026-04-26T02:34:20,jetson,,,stage,detail1,process_total,475,,,5,
20260426_023405,2026-04-26T02:34:20,jetson,/mnt/windows_share/20260425220419/E1/05625_-14443500_1777127055166.jpg,100,stage,detect,save_json,15,0,0,,
20260426_023405,2026-04-26T02:34:20,jetson,/mnt/windows_share/20260425220419/E1/05625_-14443500_1777127055166.jpg,100,stage,detect,detect_process_total,706,,,,
20260426_023405,2026-04-26T02:34:20,jetson,/mnt/windows_share/20260425220419/E1/05625_-14443500_1777127055166.jpg,100,stage,shell,file_total,706,0,0,,
20260426_023405,2026-04-26T02:34:20,jetson,,,stage,element2,process_total,152,,,1,
20260426_023405,2026-04-26T02:34:20,jetson,,,stage,detail0,process_total,484,,,5,
20260426_023405,2026-04-26T02:34:20,jetson,,,stage,detail1,process_total,405,,,5,
20260426_023405,2026-04-26T02:34:20,jetson,,,stage,detail0,process_total,409,,,5,
20260426_023405,2026-04-26T02:34:20,jetson,/mnt/windows_share/20260425220419/E1/05624_-14446250_1777127055033.jpg,100,stage,detect,save_json,24,0,0,,
20260426_023405,2026-04-26T02:34:20,jetson,/mnt/windows_share/20260425220419/E1/05624_-14446250_1777127055033.jpg,100,stage,detect,detect_process_total,752,,,,
20260426_023405,2026-04-26T02:34:20,jetson,/mnt/windows_share/20260425220419/E1/05624_-14446250_1777127055033.jpg,100,stage,shell,file_total,752,0,0,,
20260426_023405,2026-04-26T02:34:20,jetson,,,stage,detail1,process_total,192,,,5,
20260426_023405,2026-04-26T02:34:20,jetson,/mnt/windows_share/20260425220419/E1/05626_-14440750_1777127055299.jpg,100,stage,detect,save_json,24,0,0,,
20260426_023405,2026-04-26T02:34:20,jetson,/mnt/windows_share/20260425220419/E1/05626_-14440750_1777127055299.jpg,100,stage,detect,detect_process_total,744,,,,
20260426_023405,2026-04-26T02:34:20,jetson,/mnt/windows_share/20260425220419/E1/05626_-14440750_1777127055299.jpg,100,stage,shell,file_total,744,0,0,,
20260426_023405,2026-04-26T02:34:20,jetson,,,stage,detail0,process_total,199,,,5,
20260426_023405,2026-04-26T02:34:20,jetson,/mnt/windows_share/20260425220419/E1/05627_-14438000_1777127055426.jpg,100,stage,detect,save_json,22,0,0,,
20260426_023405,2026-04-26T02:34:20,jetson,/mnt/windows_share/20260425220419/E1/05627_-14438000_1777127055426.jpg,100,stage,detect,detect_process_total,409,,,,
20260426_023405,2026-04-26T02:34:20,jetson,/mnt/windows_share/20260425220419/E1/05627_-14438000_1777127055426.jpg,100,stage,shell,file_total,409,0,0,,
20260426_023405,2026-04-26T02:34:20,jetson,/mnt/windows_share/20260425220419/E1/05628_-14435250_1777127055561.jpg,100,stage,detect,read_image,84,,,,
20260426_023405,2026-04-26T02:34:20,jetson,,,stage,area0,process_total,21,,,1,
20260426_023405,2026-04-26T02:34:20,jetson,,,stage,area1,process_total,27,,,1,
20260426_023405,2026-04-26T02:34:20,jetson,/mnt/windows_share/20260425220419/E1/05629_-14432250_1777127055699.jpg,100,stage,detect,read_image,84,,,,
20260426_023405,2026-04-26T02:34:20,jetson,/mnt/windows_share/20260425220419/E1/05630_-14429500_1777127055836.jpg,100,stage,detect,read_image,99,,,,
20260426_023405,2026-04-26T02:34:20,jetson,,,stage,area0,process_total,37,,,1,
20260426_023405,2026-04-26T02:34:20,jetson,,,stage,area1,process_total,69,,,1,
20260426_023405,2026-04-26T02:34:20,jetson,/mnt/windows_share/20260425220419/E1/05631_-14426500_1777127055975.jpg,100,stage,detect,read_image,113,,,,
20260426_023405,2026-04-26T02:34:20,jetson,,,stage,element1,process_total,114,,,1,
20260426_023405,2026-04-26T02:34:20,jetson,,,stage,area1,process_total,99,,,1,
20260426_023405,2026-04-26T02:34:20,jetson,,,stage,area0,process_total,101,,,1,
20260426_023405,2026-04-26T02:34:20,jetson,,,stage,element1,process_total,94,,,1,
20260426_023405,2026-04-26T02:34:20,jetson,,,stage,element2,process_total,180,,,1,
20260426_023405,2026-04-26T02:34:20,jetson,,,stage,area1,process_total,111,,,1,
20260426_023405,2026-04-26T02:34:20,jetson,,,stage,area0,process_total,113,,,1,
20260426_023405,2026-04-26T02:34:20,jetson,,,stage,element1,process_total,98,,,1,
20260426_023405,2026-04-26T02:34:20,jetson,,,stage,detail1,process_total,274,,,4,
20260426_023405,2026-04-26T02:34:20,jetson,,,stage,element2,process_total,202,,,1,
20260426_023405,2026-04-26T02:34:20,jetson,,,stage,detail0,process_total,284,,,4,
20260426_023405,2026-04-26T02:34:21,jetson,,,stage,element1,process_total,104,,,1,
20260426_023405,2026-04-26T02:34:21,jetson,/mnt/windows_share/20260425220419/E1/05628_-14435250_1777127055561.jpg,100,stage,detect,save_json,19,0,0,,
20260426_023405,2026-04-26T02:34:21,jetson,/mnt/windows_share/20260425220419/E1/05628_-14435250_1777127055561.jpg,100,stage,detect,detect_process_total,417,,,,
20260426_023405,2026-04-26T02:34:21,jetson,/mnt/windows_share/20260425220419/E1/05628_-14435250_1777127055561.jpg,100,stage,shell,file_total,417,0,0,,
20260426_023405,2026-04-26T02:34:21,jetson,,,stage,element2,process_total,164,,,1,
20260426_023405,2026-04-26T02:34:21,jetson,,,stage,element2,process_total,143,,,1,
20260426_023405,2026-04-26T02:34:21,jetson,/mnt/windows_share/20260425220419/E1/05632_-14423750_1777127056110.jpg,100,stage,detect,read_image,79,,,,
20260426_023405,2026-04-26T02:34:21,jetson,,,stage,detail1,process_total,324,,,5,
20260426_023405,2026-04-26T02:34:21,jetson,,,stage,detail0,process_total,261,,,4,
20260426_023405,2026-04-26T02:34:21,jetson,,,stage,detail0,process_total,342,,,5,
20260426_023405,2026-04-26T02:34:21,jetson,,,stage,detail1,process_total,283,,,5,
20260426_023405,2026-04-26T02:34:21,jetson,/mnt/windows_share/20260425220419/E1/05629_-14432250_1777127055699.jpg,100,stage,detect,save_json,13,0,0,,
20260426_023405,2026-04-26T02:34:21,jetson,/mnt/windows_share/20260425220419/E1/05629_-14432250_1777127055699.jpg,100,stage,detect,detect_process_total,511,,,,
20260426_023405,2026-04-26T02:34:21,jetson,/mnt/windows_share/20260425220419/E1/05629_-14432250_1777127055699.jpg,100,stage,shell,file_total,511,0,0,,
20260426_023405,2026-04-26T02:34:21,jetson,,,stage,detail1,process_total,238,,,5,
20260426_023405,2026-04-26T02:34:21,jetson,,,stage,area1,process_total,52,,,1,
20260426_023405,2026-04-26T02:34:21,jetson,,,stage,area0,process_total,53,,,1,
20260426_023405,2026-04-26T02:34:21,jetson,,,stage,detail0,process_total,242,,,5,
20260426_023405,2026-04-26T02:34:21,jetson,/mnt/windows_share/20260425220419/E1/05630_-14429500_1777127055836.jpg,100,stage,detect,save_json,20,0,0,,
20260426_023405,2026-04-26T02:34:21,jetson,/mnt/windows_share/20260425220419/E1/05630_-14429500_1777127055836.jpg,100,stage,detect,detect_process_total,514,,,,
20260426_023405,2026-04-26T02:34:21,jetson,/mnt/windows_share/20260425220419/E1/05630_-14429500_1777127055836.jpg,100,stage,shell,file_total,514,0,0,,
20260426_023405,2026-04-26T02:34:21,jetson,,,stage,element1,process_total,30,,,1,
20260426_023405,2026-04-26T02:34:21,jetson,/mnt/windows_share/20260425220419/E1/05631_-14426500_1777127055975.jpg,100,stage,detect,save_json,32,0,0,,
20260426_023405,2026-04-26T02:34:21,jetson,/mnt/windows_share/20260425220419/E1/05631_-14426500_1777127055975.jpg,100,stage,detect,detect_process_total,513,,,,
20260426_023405,2026-04-26T02:34:21,jetson,/mnt/windows_share/20260425220419/E1/05631_-14426500_1777127055975.jpg,100,stage,shell,file_total,513,0,0,,
20260426_023405,2026-04-26T02:34:21,jetson,/mnt/windows_share/20260425220419/E1/05633_-14421000_1777127056245.jpg,100,stage,detect,read_image,89,,,,
20260426_023405,2026-04-26T02:34:21,jetson,,,stage,element2,process_total,89,,,1,
20260426_023405,2026-04-26T02:34:21,jetson,/mnt/windows_share/20260425220419/E1/05634_-14418250_1777127056378.jpg,100,stage,detect,read_image,99,,,,
20260426_023405,2026-04-26T02:34:21,jetson,,,stage,area0,process_total,39,,,1,
20260426_023405,2026-04-26T02:34:21,jetson,,,stage,detail1,process_total,139,,,5,
20260426_023405,2026-04-26T02:34:21,jetson,/mnt/windows_share/20260425220419/E1/05635_-14415250_1777127056512.jpg,100,stage,detect,read_image,105,,,,
20260426_023405,2026-04-26T02:34:21,jetson,,,stage,area1,process_total,61,,,1,
20260426_023405,2026-04-26T02:34:21,jetson,,,stage,detail0,process_total,146,,,5,
20260426_023405,2026-04-26T02:34:21,jetson,,,stage,area1,process_total,39,,,1,
20260426_023405,2026-04-26T02:34:21,jetson,,,stage,area0,process_total,42,,,1,
20260426_023405,2026-04-26T02:34:21,jetson,/mnt/windows_share/20260425220419/E1/05632_-14423750_1777127056110.jpg,100,stage,detect,save_json,16,0,0,,
20260426_023405,2026-04-26T02:34:21,jetson,/mnt/windows_share/20260425220419/E1/05632_-14423750_1777127056110.jpg,100,stage,detect,detect_process_total,303,,,,
20260426_023405,2026-04-26T02:34:21,jetson,/mnt/windows_share/20260425220419/E1/05632_-14423750_1777127056110.jpg,100,stage,shell,file_total,303,0,0,,
20260426_023405,2026-04-26T02:34:21,jetson,/mnt/windows_share/20260425220419/E1/05636_-14412500_1777127056645.jpg,100,stage,detect,read_image,89,,,,
20260426_023405,2026-04-26T02:34:21,jetson,,,stage,area1,process_total,124,,,1,
20260426_023405,2026-04-26T02:34:21,jetson,,,stage,element1,process_total,135,,,1,
20260426_023405,2026-04-26T02:34:21,jetson,,,stage,area0,process_total,153,,,1,
20260426_023405,2026-04-26T02:34:21,jetson,,,stage,element1,process_total,144,,,1,
20260426_023405,2026-04-26T02:34:21,jetson,,,stage,element2,process_total,236,,,1,
20260426_023405,2026-04-26T02:34:21,jetson,,,stage,element2,process_total,235,,,1,
20260426_023405,2026-04-26T02:34:21,jetson,,,stage,area0,process_total,140,,,1,
20260426_023405,2026-04-26T02:34:21,jetson,,,stage,area1,process_total,140,,,1,
20260426_023405,2026-04-26T02:34:21,jetson,,,stage,element1,process_total,155,,,1,
20260426_023405,2026-04-26T02:34:21,jetson,,,stage,element2,process_total,201,,,1,
20260426_023405,2026-04-26T02:34:21,jetson,,,stage,element1,process_total,111,,,1,
20260426_023405,2026-04-26T02:34:21,jetson,,,stage,detail0,process_total,402,,,5,
20260426_023405,2026-04-26T02:34:21,jetson,,,stage,element2,process_total,150,,,1,
20260426_023405,2026-04-26T02:34:21,jetson,,,stage,element0,process_total,168,,,2,
20260426_023405,2026-04-26T02:34:21,jetson,,,stage,detail1,process_total,423,,,5,
20260426_023405,2026-04-26T02:34:21,jetson,,,stage,detail1,process_total,444,,,5,
20260426_023405,2026-04-26T02:34:21,jetson,,,stage,detail0,process_total,450,,,5,
20260426_023405,2026-04-26T02:34:21,jetson,/mnt/windows_share/20260425220419/E1/05633_-14421000_1777127056245.jpg,100,stage,detect,save_json,15,0,0,,
20260426_023405,2026-04-26T02:34:21,jetson,/mnt/windows_share/20260425220419/E1/05633_-14421000_1777127056245.jpg,100,stage,detect,detect_process_total,615,,,,
20260426_023405,2026-04-26T02:34:21,jetson,/mnt/windows_share/20260425220419/E1/05633_-14421000_1777127056245.jpg,100,stage,shell,file_total,615,0,0,,
20260426_023405,2026-04-26T02:34:21,jetson,/mnt/windows_share/20260425220419/E1/05634_-14418250_1777127056378.jpg,100,stage,detect,save_json,25,0,0,,
20260426_023405,2026-04-26T02:34:21,jetson,,,stage,detail0,process_total,230,,,4,
20260426_023405,2026-04-26T02:34:21,jetson,/mnt/windows_share/20260425220419/E1/05634_-14418250_1777127056378.jpg,100,stage,detect,detect_process_total,621,,,,
20260426_023405,2026-04-26T02:34:21,jetson,/mnt/windows_share/20260425220419/E1/05634_-14418250_1777127056378.jpg,100,stage,shell,file_total,622,0,0,,
20260426_023405,2026-04-26T02:34:21,jetson,,,stage,detail0,process_total,342,,,5,
20260426_023405,2026-04-26T02:34:21,jetson,,,stage,detail1,process_total,343,,,5,
20260426_023405,2026-04-26T02:34:21,jetson,,,stage,detail1,process_total,239,,,5,
20260426_023405,2026-04-26T02:34:21,jetson,/mnt/windows_share/20260425220419/E1/05635_-14415250_1777127056512.jpg,100,stage,detect,save_json,17,0,0,,
20260426_023405,2026-04-26T02:34:21,jetson,/mnt/windows_share/20260425220419/E1/05635_-14415250_1777127056512.jpg,100,stage,detect,detect_process_total,621,,,,
20260426_023405,2026-04-26T02:34:21,jetson,/mnt/windows_share/20260425220419/E1/05635_-14415250_1777127056512.jpg,100,stage,shell,file_total,621,0,0,,
20260426_023405,2026-04-26T02:34:21,jetson,/mnt/windows_share/20260425220419/E1/05636_-14412500_1777127056645.jpg,100,stage,detect,save_json,26,0,0,,
20260426_023405,2026-04-26T02:34:21,jetson,/mnt/windows_share/20260425220419/E1/05636_-14412500_1777127056645.jpg,100,stage,detect,detect_process_total,498,,,,
20260426_023405,2026-04-26T02:34:21,jetson,/mnt/windows_share/20260425220419/E1/05636_-14412500_1777127056645.jpg,100,stage,shell,file_total,498,0,0,,
20260426_023405,2026-04-26T02:34:21,jetson,/mnt/windows_share/20260425220419/E1/05637_-14409750_1777127056774.jpg,100,stage,detect,read_image,85,,,,
20260426_023405,2026-04-26T02:34:21,jetson,,,stage,area0,process_total,22,,,1,
20260426_023405,2026-04-26T02:34:21,jetson,,,stage,area1,process_total,23,,,1,
20260426_023405,2026-04-26T02:34:21,jetson,/mnt/windows_share/20260425220419/E1/05638_-14407000_1777127056906.jpg,100,stage,detect,read_image,105,,,,
20260426_023405,2026-04-26T02:34:21,jetson,/mnt/windows_share/20260425220419/E1/05639_-14404500_1777127057035.jpg,100,stage,detect,read_image,90,,,,
20260426_023405,2026-04-26T02:34:21,jetson,/mnt/windows_share/20260425220419/E1/05640_-14401750_1777127057163.jpg,100,stage,detect,read_image,128,,,,
20260426_023405,2026-04-26T02:34:21,jetson,,,stage,element0,process_total,110,,,2,
20260426_023405,2026-04-26T02:34:21,jetson,,,stage,element1,process_total,109,,,1,
20260426_023405,2026-04-26T02:34:22,jetson,,,stage,area1,process_total,118,,,1,
20260426_023405,2026-04-26T02:34:22,jetson,,,stage,area0,process_total,121,,,1,
20260426_023405,2026-04-26T02:34:22,jetson,,,stage,area1,process_total,122,,,1,
20260426_023405,2026-04-26T02:34:22,jetson,,,stage,area0,process_total,151,,,1,
20260426_023405,2026-04-26T02:34:22,jetson,,,stage,area0,process_total,157,,,1,
20260426_023405,2026-04-26T02:34:22,jetson,,,stage,area1,process_total,157,,,1,
20260426_023405,2026-04-26T02:34:22,jetson,,,stage,element2,process_total,306,,,1,
20260426_023405,2026-04-26T02:34:22,jetson,,,stage,element1,process_total,198,,,1,
20260426_023405,2026-04-26T02:34:22,jetson,,,stage,element1,process_total,192,,,1,
20260426_023405,2026-04-26T02:34:22,jetson,,,stage,element1,process_total,172,,,1,
20260426_023405,2026-04-26T02:34:22,jetson,,,stage,element2,process_total,284,,,1,
20260426_023405,2026-04-26T02:34:22,jetson,,,stage,element2,process_total,257,,,1,
20260426_023405,2026-04-26T02:34:22,jetson,,,stage,element0,process_total,300,,,2,
20260426_023405,2026-04-26T02:34:22,jetson,,,stage,element0,process_total,291,,,2,
20260426_023405,2026-04-26T02:34:22,jetson,,,stage,element2,process_total,257,,,1,
20260426_023405,2026-04-26T02:34:22,jetson,,,stage,element0,process_total,266,,,2,
20260426_023405,2026-04-26T02:34:22,jetson,,,stage,detail0,process_total,514,,,5,
20260426_023405,2026-04-26T02:34:22,jetson,,,stage,detail1,process_total,535,,,5,
20260426_023405,2026-04-26T02:34:22,jetson,/mnt/windows_share/20260425220419/E1/05637_-14409750_1777127056774.jpg,100,stage,detect,save_json,17,0,0,,
20260426_023405,2026-04-26T02:34:22,jetson,/mnt/windows_share/20260425220419/E1/05637_-14409750_1777127056774.jpg,100,stage,detect,detect_process_total,676,,,,
20260426_023405,2026-04-26T02:34:22,jetson,/mnt/windows_share/20260425220419/E1/05637_-14409750_1777127056774.jpg,100,stage,shell,file_total,676,0,0,,
20260426_023405,2026-04-26T02:34:22,jetson,,,stage,detail1,process_total,425,,,4,
20260426_023405,2026-04-26T02:34:22,jetson,,,stage,detail0,process_total,433,,,4,
20260426_023405,2026-04-26T02:34:22,jetson,,,stage,detail1,process_total,406,,,5,
20260426_023405,2026-04-26T02:34:22,jetson,,,stage,detail1,process_total,371,,,5,
20260426_023405,2026-04-26T02:34:22,jetson,,,stage,detail0,process_total,425,,,5,
20260426_023405,2026-04-26T02:34:22,jetson,/mnt/windows_share/20260425220419/E1/05638_-14407000_1777127056906.jpg,100,stage,detect,save_json,34,0,0,,
20260426_023405,2026-04-26T02:34:22,jetson,,,stage,detail0,process_total,373,,,5,
20260426_023405,2026-04-26T02:34:22,jetson,/mnt/windows_share/20260425220419/E1/05638_-14407000_1777127056906.jpg,100,stage,detect,detect_process_total,697,,,,
20260426_023405,2026-04-26T02:34:22,jetson,/mnt/windows_share/20260425220419/E1/05638_-14407000_1777127056906.jpg,100,stage,shell,file_total,697,0,0,,
20260426_023405,2026-04-26T02:34:22,jetson,/mnt/windows_share/20260425220419/E1/05640_-14401750_1777127057163.jpg,100,stage,detect,save_json,20,0,0,,
20260426_023405,2026-04-26T02:34:22,jetson,/mnt/windows_share/20260425220419/E1/05639_-14404500_1777127057035.jpg,100,stage,detect,save_json,21,0,0,,
20260426_023405,2026-04-26T02:34:22,jetson,/mnt/windows_share/20260425220419/E1/05640_-14401750_1777127057163.jpg,100,stage,detect,detect_process_total,681,,,,
20260426_023405,2026-04-26T02:34:22,jetson,/mnt/windows_share/20260425220419/E1/05640_-14401750_1777127057163.jpg,100,stage,shell,file_total,681,0,0,,
20260426_023405,2026-04-26T02:34:22,jetson,/mnt/windows_share/20260425220419/E1/05639_-14404500_1777127057035.jpg,100,stage,detect,detect_process_total,692,,,,
20260426_023405,2026-04-26T02:34:22,jetson,/mnt/windows_share/20260425220419/E1/05639_-14404500_1777127057035.jpg,100,stage,shell,file_total,692,0,0,,
20260426_023405,2026-04-26T02:34:22,jetson,/mnt/windows_share/20260425220419/E1/05641_-14398750_1777127057296.jpg,100,stage,detect,read_image,79,,,,
20260426_023405,2026-04-26T02:34:22,jetson,,,stage,area1,process_total,23,,,1,
20260426_023405,2026-04-26T02:34:22,jetson,,,stage,area0,process_total,37,,,1,
20260426_023405,2026-04-26T02:34:22,jetson,/mnt/windows_share/20260425220419/E1/05642_-14396000_1777127057427.jpg,100,stage,detect,read_image,83,,,,
20260426_023405,2026-04-26T02:34:22,jetson,/mnt/windows_share/20260425220419/E1/05644_-14390250_1777127057688.jpg,100,stage,detect,read_image,92,,,,
20260426_023405,2026-04-26T02:34:22,jetson,/mnt/windows_share/20260425220419/E1/05643_-14393250_1777127057561.jpg,100,stage,detect,read_image,137,,,,
20260426_023405,2026-04-26T02:34:22,jetson,,,stage,element0,process_total,103,,,2,
20260426_023405,2026-04-26T02:34:22,jetson,,,stage,element1,process_total,103,,,1,
20260426_023405,2026-04-26T02:34:22,jetson,,,stage,area0,process_total,102,,,1,
20260426_023405,2026-04-26T02:34:22,jetson,,,stage,area1,process_total,110,,,1,
20260426_023405,2026-04-26T02:34:22,jetson,,,stage,area1,process_total,125,,,1,
20260426_023405,2026-04-26T02:34:22,jetson,,,stage,area0,process_total,136,,,1,
20260426_023405,2026-04-26T02:34:22,jetson,,,stage,element2,process_total,217,,,1,
20260426_023405,2026-04-26T02:34:22,jetson,,,stage,area1,process_total,150,,,1,
20260426_023405,2026-04-26T02:34:22,jetson,,,stage,area0,process_total,161,,,1,
20260426_023405,2026-04-26T02:34:22,jetson,,,stage,element1,process_total,183,,,1,
20260426_023405,2026-04-26T02:34:22,jetson,,,stage,element1,process_total,171,,,1,
20260426_023405,2026-04-26T02:34:22,jetson,,,stage,element2,process_total,258,,,1,
20260426_023405,2026-04-26T02:34:22,jetson,,,stage,element1,process_total,156,,,1,
20260426_023405,2026-04-26T02:34:22,jetson,,,stage,element0,process_total,289,,,2,
20260426_023405,2026-04-26T02:34:22,jetson,,,stage,detail0,process_total,411,,,5,
20260426_023405,2026-04-26T02:34:22,jetson,,,stage,element0,process_total,252,,,2,
20260426_023405,2026-04-26T02:34:22,jetson,,,stage,element2,process_total,254,,,1,
20260426_023405,2026-04-26T02:34:22,jetson,,,stage,element2,process_total,195,,,1,
20260426_023405,2026-04-26T02:34:23,jetson,,,stage,element0,process_total,210,,,2,
20260426_023405,2026-04-26T02:34:23,jetson,,,stage,detail1,process_total,464,,,5,
20260426_023405,2026-04-26T02:34:23,jetson,/mnt/windows_share/20260425220419/E1/05641_-14398750_1777127057296.jpg,100,stage,detect,save_json,15,0,0,,
20260426_023405,2026-04-26T02:34:23,jetson,/mnt/windows_share/20260425220419/E1/05641_-14398750_1777127057296.jpg,100,stage,detect,detect_process_total,598,,,,
20260426_023405,2026-04-26T02:34:23,jetson,/mnt/windows_share/20260425220419/E1/05641_-14398750_1777127057296.jpg,100,stage,shell,file_total,598,0,0,,
20260426_023405,2026-04-26T02:34:23,jetson,,,stage,detail1,process_total,332,,,4,
20260426_023405,2026-04-26T02:34:23,jetson,,,stage,detail1,process_total,412,,,5,
20260426_023405,2026-04-26T02:34:23,jetson,,,stage,detail0,process_total,417,,,5,
20260426_023405,2026-04-26T02:34:23,jetson,,,stage,detail0,process_total,367,,,5,
20260426_023405,2026-04-26T02:34:23,jetson,,,stage,detail1,process_total,298,,,5,
20260426_023405,2026-04-26T02:34:23,jetson,,,stage,detail0,process_total,301,,,5,
20260426_023405,2026-04-26T02:34:23,jetson,/mnt/windows_share/20260425220419/E1/05642_-14396000_1777127057427.jpg,100,stage,detect,save_json,21,0,0,,
20260426_023405,2026-04-26T02:34:23,jetson,/mnt/windows_share/20260425220419/E1/05642_-14396000_1777127057427.jpg,100,stage,detect,detect_process_total,634,,,,
20260426_023405,2026-04-26T02:34:23,jetson,/mnt/windows_share/20260425220419/E1/05642_-14396000_1777127057427.jpg,100,stage,shell,file_total,634,0,0,,
20260426_023405,2026-04-26T02:34:23,jetson,/mnt/windows_share/20260425220419/E1/05644_-14390250_1777127057688.jpg,100,stage,detect,save_json,16,0,0,,
20260426_023405,2026-04-26T02:34:23,jetson,/mnt/windows_share/20260425220419/E1/05644_-14390250_1777127057688.jpg,100,stage,detect,detect_process_total,613,,,,
20260426_023405,2026-04-26T02:34:23,jetson,/mnt/windows_share/20260425220419/E1/05644_-14390250_1777127057688.jpg,100,stage,shell,file_total,613,0,0,,
20260426_023405,2026-04-26T02:34:23,jetson,/mnt/windows_share/20260425220419/E1/05645_-14387500_1777127057817.jpg,100,stage,detect,read_image,80,,,,
20260426_023405,2026-04-26T02:34:23,jetson,/mnt/windows_share/20260425220419/E1/05643_-14393250_1777127057561.jpg,100,stage,detect,save_json,20,0,0,,
20260426_023405,2026-04-26T02:34:23,jetson,/mnt/windows_share/20260425220419/E1/05643_-14393250_1777127057561.jpg,100,stage,detect,detect_process_total,623,,,,
20260426_023405,2026-04-26T02:34:23,jetson,/mnt/windows_share/20260425220419/E1/05643_-14393250_1777127057561.jpg,100,stage,shell,file_total,623,0,0,,
20260426_023405,2026-04-26T02:34:23,jetson,,,stage,area1,process_total,33,,,1,
20260426_023405,2026-04-26T02:34:23,jetson,,,stage,area0,process_total,34,,,1,
20260426_023405,2026-04-26T02:34:23,jetson,/mnt/windows_share/20260425220419/E1/05646_-14384750_1777127057947.jpg,100,stage,detect,read_image,101,,,,
20260426_023405,2026-04-26T02:34:23,jetson,/mnt/windows_share/20260425220419/E1/05647_-14382250_1777127058066.jpg,100,stage,detect,read_image,127,,,,
20260426_023405,2026-04-26T02:34:23,jetson,,,stage,element1,process_total,92,,,1,
20260426_023405,2026-04-26T02:34:23,jetson,/mnt/windows_share/20260425220419/E1/05648_-14379250_1777127058194.jpg,100,stage,detect,read_image,133,,,,
20260426_023405,2026-04-26T02:34:23,jetson,,,stage,element2,process_total,146,,,1,
20260426_023405,2026-04-26T02:34:23,jetson,,,stage,element0,process_total,160,,,2,
20260426_023405,2026-04-26T02:34:23,jetson,,,stage,area0,process_total,94,,,1,
20260426_023405,2026-04-26T02:34:23,jetson,,,stage,area1,process_total,95,,,1,
20260426_023405,2026-04-26T02:34:23,jetson,,,stage,area0,process_total,81,,,1,
20260426_023405,2026-04-26T02:34:23,jetson,,,stage,area1,process_total,82,,,1,
20260426_023405,2026-04-26T02:34:23,jetson,,,stage,area1,process_total,96,,,1,
20260426_023405,2026-04-26T02:34:23,jetson,,,stage,area0,process_total,98,,,1,
20260426_023405,2026-04-26T02:34:23,jetson,,,stage,detail1,process_total,327,,,4,
20260426_023405,2026-04-26T02:34:23,jetson,,,stage,element1,process_total,167,,,1,
20260426_023405,2026-04-26T02:34:23,jetson,,,stage,element1,process_total,156,,,1,
20260426_023405,2026-04-26T02:34:23,jetson,,,stage,element1,process_total,139,,,1,
20260426_023405,2026-04-26T02:34:23,jetson,,,stage,detail0,process_total,365,,,4,
20260426_023405,2026-04-26T02:34:23,jetson,/mnt/windows_share/20260425220419/E1/05645_-14387500_1777127057817.jpg,100,stage,detect,save_json,17,0,0,,
20260426_023405,2026-04-26T02:34:23,jetson,/mnt/windows_share/20260425220419/E1/05645_-14387500_1777127057817.jpg,100,stage,detect,detect_process_total,500,,,,
20260426_023405,2026-04-26T02:34:23,jetson,/mnt/windows_share/20260425220419/E1/05645_-14387500_1777127057817.jpg,100,stage,shell,file_total,500,0,0,,
20260426_023405,2026-04-26T02:34:23,jetson,,,stage,element2,process_total,204,,,1,
20260426_023405,2026-04-26T02:34:23,jetson,,,stage,element2,process_total,221,,,1,
20260426_023405,2026-04-26T02:34:23,jetson,,,stage,element2,process_total,173,,,1,
20260426_023405,2026-04-26T02:34:23,jetson,,,stage,element0,process_total,232,,,2,
20260426_023405,2026-04-26T02:34:23,jetson,,,stage,element0,process_total,230,,,2,
20260426_023405,2026-04-26T02:34:23,jetson,,,stage,element0,process_total,207,,,2,
20260426_023405,2026-04-26T02:34:23,jetson,/mnt/windows_share/20260425220419/E1/05649_-14376750_1777127058320.jpg,100,stage,detect,read_image,76,,,,
20260426_023405,2026-04-26T02:34:23,jetson,,,stage,detail1,process_total,314,,,4,
20260426_023405,2026-04-26T02:34:23,jetson,,,stage,detail0,process_total,327,,,4,
20260426_023405,2026-04-26T02:34:23,jetson,,,stage,detail0,process_total,304,,,4,
20260426_023405,2026-04-26T02:34:23,jetson,,,stage,area0,process_total,56,,,1,
20260426_023405,2026-04-26T02:34:23,jetson,/mnt/windows_share/20260425220419/E1/05647_-14382250_1777127058066.jpg,100,stage,detect,save_json,15,0,0,,
20260426_023405,2026-04-26T02:34:23,jetson,/mnt/windows_share/20260425220419/E1/05647_-14382250_1777127058066.jpg,100,stage,detect,detect_process_total,554,,,,
20260426_023405,2026-04-26T02:34:23,jetson,/mnt/windows_share/20260425220419/E1/05647_-14382250_1777127058066.jpg,100,stage,shell,file_total,554,0,0,,
20260426_023405,2026-04-26T02:34:23,jetson,,,stage,area1,process_total,58,,,1,
20260426_023405,2026-04-26T02:34:23,jetson,,,stage,detail1,process_total,355,,,5,
20260426_023405,2026-04-26T02:34:23,jetson,,,stage,detail1,process_total,315,,,5,
20260426_023405,2026-04-26T02:34:23,jetson,,,stage,detail0,process_total,362,,,5,
20260426_023405,2026-04-26T02:34:23,jetson,/mnt/windows_share/20260425220419/E1/05648_-14379250_1777127058194.jpg,100,stage,detect,save_json,21,0,0,,
20260426_023405,2026-04-26T02:34:23,jetson,/mnt/windows_share/20260425220419/E1/05648_-14379250_1777127058194.jpg,100,stage,detect,detect_process_total,575,,,,
20260426_023405,2026-04-26T02:34:23,jetson,/mnt/windows_share/20260425220419/E1/05648_-14379250_1777127058194.jpg,100,stage,shell,file_total,575,0,0,,
20260426_023405,2026-04-26T02:34:23,jetson,/mnt/windows_share/20260425220419/E1/05646_-14384750_1777127057947.jpg,100,stage,detect,save_json,32,0,0,,
20260426_023405,2026-04-26T02:34:23,jetson,/mnt/windows_share/20260425220419/E1/05646_-14384750_1777127057947.jpg,100,stage,detect,detect_process_total,598,,,,
20260426_023405,2026-04-26T02:34:23,jetson,/mnt/windows_share/20260425220419/E1/05646_-14384750_1777127057947.jpg,100,stage,shell,file_total,598,0,0,,
20260426_023405,2026-04-26T02:34:23,jetson,,,stage,element0,process_total,65,,,2,
20260426_023405,2026-04-26T02:34:23,jetson,/mnt/windows_share/20260425220419/E1/05650_-14374000_1777127058447.jpg,100,stage,detect,read_image,82,,,,
20260426_023405,2026-04-26T02:34:23,jetson,,,stage,element1,process_total,85,,,1,
20260426_023405,2026-04-26T02:34:23,jetson,,,stage,element2,process_total,125,,,1,
20260426_023405,2026-04-26T02:34:23,jetson,/mnt/windows_share/20260425220419/E1/05651_-14371000_1777127058580.jpg,100,stage,detect,read_image,110,,,,
20260426_023405,2026-04-26T02:34:23,jetson,/mnt/windows_share/20260425220419/E1/05652_-14368250_1777127058709.jpg,100,stage,detect,read_image,105,,,,
20260426_023405,2026-04-26T02:34:23,jetson,,,stage,area1,process_total,67,,,1,
20260426_023405,2026-04-26T02:34:23,jetson,,,stage,area0,process_total,68,,,1,
20260426_023405,2026-04-26T02:34:23,jetson,,,stage,detail0,process_total,221,,,5,
20260426_023405,2026-04-26T02:34:23,jetson,,,stage,detail1,process_total,222,,,5,
20260426_023405,2026-04-26T02:34:23,jetson,/mnt/windows_share/20260425220419/E1/05649_-14376750_1777127058320.jpg,100,stage,detect,save_json,15,0,0,,
20260426_023405,2026-04-26T02:34:23,jetson,/mnt/windows_share/20260425220419/E1/05649_-14376750_1777127058320.jpg,100,stage,detect,detect_process_total,375,,,,
20260426_023405,2026-04-26T02:34:23,jetson,/mnt/windows_share/20260425220419/E1/05649_-14376750_1777127058320.jpg,100,stage,shell,file_total,375,0,0,,
20260426_023405,2026-04-26T02:34:23,jetson,,,stage,area1,process_total,121,,,1,
20260426_023405,2026-04-26T02:34:23,jetson,,,stage,element1,process_total,106,,,1,
20260426_023405,2026-04-26T02:34:23,jetson,,,stage,area0,process_total,148,,,1,
20260426_023405,2026-04-26T02:34:23,jetson,,,stage,area0,process_total,133,,,1,
20260426_023405,2026-04-26T02:34:23,jetson,,,stage,area1,process_total,137,,,1,
20260426_023405,2026-04-26T02:34:23,jetson,/mnt/windows_share/20260425220419/E1/05653_-14365250_1777127058840.jpg,100,stage,detect,read_image,90,,,,
20260426_023405,2026-04-26T02:34:24,jetson,,,stage,element2,process_total,227,,,1,
20260426_023405,2026-04-26T02:34:24,jetson,,,stage,element0,process_total,235,,,2,
20260426_023405,2026-04-26T02:34:24,jetson,,,stage,element1,process_total,140,,,1,
20260426_023405,2026-04-26T02:34:24,jetson,,,stage,element1,process_total,141,,,1,
20260426_023405,2026-04-26T02:34:24,jetson,,,stage,area1,process_total,122,,,1,
20260426_023405,2026-04-26T02:34:24,jetson,,,stage,area0,process_total,127,,,1,
20260426_023405,2026-04-26T02:34:24,jetson,,,stage,element2,process_total,187,,,1,
20260426_023405,2026-04-26T02:34:24,jetson,,,stage,element2,process_total,212,,,1,
20260426_023405,2026-04-26T02:34:24,jetson,,,stage,detail1,process_total,366,,,4,
20260426_023405,2026-04-26T02:34:24,jetson,,,stage,element0,process_total,232,,,2,
20260426_023405,2026-04-26T02:34:24,jetson,,,stage,element1,process_total,101,,,1,
20260426_023405,2026-04-26T02:34:24,jetson,,,stage,detail0,process_total,428,,,4,
20260426_023405,2026-04-26T02:34:24,jetson,/mnt/windows_share/20260425220419/E1/05650_-14374000_1777127058447.jpg,100,stage,detect,save_json,14,0,0,,
20260426_023405,2026-04-26T02:34:24,jetson,/mnt/windows_share/20260425220419/E1/05650_-14374000_1777127058447.jpg,100,stage,detect,detect_process_total,596,,,,
20260426_023405,2026-04-26T02:34:24,jetson,/mnt/windows_share/20260425220419/E1/05650_-14374000_1777127058447.jpg,100,stage,shell,file_total,596,0,0,,
20260426_023405,2026-04-26T02:34:24,jetson,,,stage,element2,process_total,150,,,1,
20260426_023405,2026-04-26T02:34:24,jetson,,,stage,element0,process_total,158,,,2,
20260426_023405,2026-04-26T02:34:24,jetson,,,stage,detail1,process_total,388,,,5,
20260426_023405,2026-04-26T02:34:24,jetson,/mnt/windows_share/20260425220419/E1/05654_-14362500_1777127058968.jpg,100,stage,detect,read_image,83,,,,
20260426_023405,2026-04-26T02:34:24,jetson,,,stage,detail1,process_total,380,,,5,
20260426_023405,2026-04-26T02:34:24,jetson,,,stage,detail0,process_total,389,,,5,
20260426_023405,2026-04-26T02:34:24,jetson,,,stage,detail0,process_total,403,,,5,
20260426_023405,2026-04-26T02:34:24,jetson,/mnt/windows_share/20260425220419/E1/05652_-14368250_1777127058709.jpg,100,stage,detect,save_json,19,0,0,,
20260426_023405,2026-04-26T02:34:24,jetson,/mnt/windows_share/20260425220419/E1/05652_-14368250_1777127058709.jpg,100,stage,detect,detect_process_total,672,,,,
20260426_023405,2026-04-26T02:34:24,jetson,/mnt/windows_share/20260425220419/E1/05652_-14368250_1777127058709.jpg,100,stage,shell,file_total,672,0,0,,
20260426_023405,2026-04-26T02:34:24,jetson,,,stage,area0,process_total,40,,,1,
20260426_023405,2026-04-26T02:34:24,jetson,/mnt/windows_share/20260425220419/E1/05651_-14371000_1777127058580.jpg,100,stage,detect,save_json,26,0,0,,
20260426_023405,2026-04-26T02:34:24,jetson,/mnt/windows_share/20260425220419/E1/05651_-14371000_1777127058580.jpg,100,stage,detect,detect_process_total,691,,,,
20260426_023405,2026-04-26T02:34:24,jetson,/mnt/windows_share/20260425220419/E1/05651_-14371000_1777127058580.jpg,100,stage,shell,file_total,691,0,0,,
20260426_023405,2026-04-26T02:34:24,jetson,,,stage,area1,process_total,45,,,1,
20260426_023405,2026-04-26T02:34:24,jetson,,,stage,detail1,process_total,271,,,5,
20260426_023405,2026-04-26T02:34:24,jetson,,,stage,detail0,process_total,275,,,5,
20260426_023405,2026-04-26T02:34:24,jetson,/mnt/windows_share/20260425220419/E1/05653_-14365250_1777127058840.jpg,100,stage,detect,save_json,37,0,0,,
20260426_023405,2026-04-26T02:34:24,jetson,/mnt/windows_share/20260425220419/E1/05653_-14365250_1777127058840.jpg,100,stage,detect,detect_process_total,532,,,,
20260426_023405,2026-04-26T02:34:24,jetson,/mnt/windows_share/20260425220419/E1/05653_-14365250_1777127058840.jpg,100,stage,shell,file_total,532,0,0,,
20260426_023405,2026-04-26T02:34:24,jetson,,,stage,element1,process_total,84,,,1,
20260426_023405,2026-04-26T02:34:24,jetson,/mnt/windows_share/20260425220419/E1/05656_-14357000_1777127059212.jpg,100,stage,detect,read_image,91,,,,
20260426_023405,2026-04-26T02:34:24,jetson,,,stage,element0,process_total,93,,,2,
20260426_023405,2026-04-26T02:34:24,jetson,,,stage,element2,process_total,96,,,1,
20260426_023405,2026-04-26T02:34:24,jetson,/mnt/windows_share/20260425220419/E1/05655_-14359750_1777127059088.jpg,100,stage,detect,read_image,121,,,,
20260426_023405,2026-04-26T02:34:24,jetson,/mnt/windows_share/20260425220419/E1/05657_-14354500_1777127059340.jpg,100,stage,detect,read_image,92,,,,
20260426_023405,2026-04-26T02:34:24,jetson,,,stage,area0,process_total,57,,,1,
20260426_023405,2026-04-26T02:34:24,jetson,,,stage,area1,process_total,64,,,1,
20260426_023405,2026-04-26T02:34:24,jetson,,,stage,area0,process_total,112,,,1,
20260426_023405,2026-04-26T02:34:24,jetson,,,stage,area1,process_total,123,,,1,
20260426_023405,2026-04-26T02:34:24,jetson,,,stage,detail1,process_total,245,,,5,
20260426_023405,2026-04-26T02:34:24,jetson,,,stage,area0,process_total,135,,,1,
20260426_023405,2026-04-26T02:34:24,jetson,,,stage,element1,process_total,125,,,1,
20260426_023405,2026-04-26T02:34:24,jetson,,,stage,area1,process_total,135,,,1,
20260426_023405,2026-04-26T02:34:24,jetson,,,stage,detail0,process_total,286,,,5,
20260426_023405,2026-04-26T02:34:24,jetson,/mnt/windows_share/20260425220419/E1/05654_-14362500_1777127058968.jpg,100,stage,detect,save_json,16,0,0,,
20260426_023405,2026-04-26T02:34:24,jetson,/mnt/windows_share/20260425220419/E1/05654_-14362500_1777127058968.jpg,100,stage,detect,detect_process_total,433,,,,
20260426_023405,2026-04-26T02:34:24,jetson,/mnt/windows_share/20260425220419/E1/05654_-14362500_1777127058968.jpg,100,stage,shell,file_total,433,0,0,,
20260426_023405,2026-04-26T02:34:24,jetson,,,stage,element1,process_total,138,,,1,
20260426_023405,2026-04-26T02:34:24,jetson,,,stage,element2,process_total,214,,,1,
20260426_023405,2026-04-26T02:34:24,jetson,,,stage,element0,process_total,243,,,2,
20260426_023405,2026-04-26T02:34:24,jetson,/mnt/windows_share/20260425220419/E1/05658_-14351500_1777127059469.jpg,100,stage,detect,read_image,107,,,,
20260426_023405,2026-04-26T02:34:24,jetson,,,stage,element1,process_total,130,,,1,
20260426_023405,2026-04-26T02:34:24,jetson,,,stage,element2,process_total,222,,,1,
20260426_023405,2026-04-26T02:34:24,jetson,,,stage,element2,process_total,194,,,1,
20260426_023405,2026-04-26T02:34:24,jetson,,,stage,element0,process_total,219,,,2,
20260426_023405,2026-04-26T02:34:24,jetson,,,stage,area1,process_total,109,,,1,
20260426_023405,2026-04-26T02:34:24,jetson,,,stage,area0,process_total,109,,,1,
20260426_023405,2026-04-26T02:34:24,jetson,,,stage,detail1,process_total,377,,,4,
20260426_023405,2026-04-26T02:34:24,jetson,,,stage,detail0,process_total,444,,,4,
20260426_023405,2026-04-26T02:34:25,jetson,/mnt/windows_share/20260425220419/E1/05656_-14357000_1777127059212.jpg,100,stage,detect,save_json,15,0,0,,
20260426_023405,2026-04-26T02:34:25,jetson,/mnt/windows_share/20260425220419/E1/05656_-14357000_1777127059212.jpg,100,stage,detect,detect_process_total,619,,,,
20260426_023405,2026-04-26T02:34:25,jetson,/mnt/windows_share/20260425220419/E1/05656_-14357000_1777127059212.jpg,100,stage,shell,file_total,619,0,0,,
20260426_023405,2026-04-26T02:34:25,jetson,,,stage,element1,process_total,102,,,1,
20260426_023405,2026-04-26T02:34:25,jetson,,,stage,element0,process_total,151,,,2,
20260426_023405,2026-04-26T02:34:25,jetson,,,stage,element2,process_total,158,,,1,
20260426_023405,2026-04-26T02:34:25,jetson,/mnt/windows_share/20260425220419/E1/05659_-14348750_1777127059598.jpg,100,stage,detect,read_image,75,,,,
20260426_023405,2026-04-26T02:34:25,jetson,,,stage,detail1,process_total,461,,,5,
20260426_023405,2026-04-26T02:34:25,jetson,,,stage,detail0,process_total,465,,,5,
20260426_023405,2026-04-26T02:34:25,jetson,,,stage,detail1,process_total,422,,,5,
20260426_023405,2026-04-26T02:34:25,jetson,,,stage,detail0,process_total,432,,,5,
20260426_023405,2026-04-26T02:34:25,jetson,/mnt/windows_share/20260425220419/E1/05655_-14359750_1777127059088.jpg,100,stage,detect,save_json,15,0,0,,
20260426_023405,2026-04-26T02:34:25,jetson,/mnt/windows_share/20260425220419/E1/05655_-14359750_1777127059088.jpg,100,stage,detect,detect_process_total,730,,,,
20260426_023405,2026-04-26T02:34:25,jetson,/mnt/windows_share/20260425220419/E1/05655_-14359750_1777127059088.jpg,100,stage,shell,file_total,730,0,0,,
20260426_023405,2026-04-26T02:34:25,jetson,,,stage,area1,process_total,40,,,1,
20260426_023405,2026-04-26T02:34:25,jetson,/mnt/windows_share/20260425220419/E1/05657_-14354500_1777127059340.jpg,100,stage,detect,save_json,17,0,0,,
20260426_023405,2026-04-26T02:34:25,jetson,,,stage,area0,process_total,44,,,1,
20260426_023405,2026-04-26T02:34:25,jetson,/mnt/windows_share/20260425220419/E1/05657_-14354500_1777127059340.jpg,100,stage,detect,detect_process_total,688,,,,
20260426_023405,2026-04-26T02:34:25,jetson,/mnt/windows_share/20260425220419/E1/05657_-14354500_1777127059340.jpg,100,stage,shell,file_total,688,0,0,,
20260426_023405,2026-04-26T02:34:25,jetson,,,stage,detail1,process_total,271,,,5,
20260426_023405,2026-04-26T02:34:25,jetson,/mnt/windows_share/20260425220419/E1/05660_-14345750_1777127059732.jpg,100,stage,detect,read_image,92,,,,
20260426_023405,2026-04-26T02:34:25,jetson,,,stage,detail0,process_total,291,,,5,
20260426_023405,2026-04-26T02:34:25,jetson,,,stage,element1,process_total,82,,,1,
20260426_023405,2026-04-26T02:34:25,jetson,/mnt/windows_share/20260425220419/E1/05658_-14351500_1777127059469.jpg,100,stage,detect,save_json,16,0,0,,
20260426_023405,2026-04-26T02:34:25,jetson,/mnt/windows_share/20260425220419/E1/05658_-14351500_1777127059469.jpg,100,stage,detect,detect_process_total,527,,,,
20260426_023405,2026-04-26T02:34:25,jetson,/mnt/windows_share/20260425220419/E1/05658_-14351500_1777127059469.jpg,100,stage,shell,file_total,527,0,0,,
20260426_023405,2026-04-26T02:34:25,jetson,/mnt/windows_share/20260425220419/E1/05661_-14342750_1777127059864.jpg,100,stage,detect,read_image,96,,,,
20260426_023405,2026-04-26T02:34:25,jetson,,,stage,element2,process_total,133,,,1,
20260426_023405,2026-04-26T02:34:25,jetson,,,stage,area1,process_total,61,,,1,
20260426_023405,2026-04-26T02:34:25,jetson,,,stage,element0,process_total,147,,,2,
20260426_023405,2026-04-26T02:34:25,jetson,,,stage,area0,process_total,74,,,1,
20260426_023405,2026-04-26T02:34:25,jetson,,,stage,area0,process_total,67,,,1,
20260426_023405,2026-04-26T02:34:25,jetson,/mnt/windows_share/20260425220419/E1/05662_-14340000_1777127059990.jpg,100,stage,detect,read_image,83,,,,
20260426_023405,2026-04-26T02:34:25,jetson,,,stage,area1,process_total,84,,,1,
20260426_023405,2026-04-26T02:34:25,jetson,,,stage,element1,process_total,120,,,1,
20260426_023405,2026-04-26T02:34:25,jetson,,,stage,element1,process_total,117,,,1,
20260426_023405,2026-04-26T02:34:25,jetson,,,stage,area0,process_total,125,,,1,
20260426_023405,2026-04-26T02:34:25,jetson,,,stage,detail1,process_total,309,,,5,
20260426_023405,2026-04-26T02:34:25,jetson,,,stage,area1,process_total,134,,,1,
20260426_023405,2026-04-26T02:34:25,jetson,,,stage,element2,process_total,203,,,1,
20260426_023405,2026-04-26T02:34:25,jetson,,,stage,element0,process_total,227,,,2,
20260426_023405,2026-04-26T02:34:25,jetson,,,stage,element0,process_total,208,,,2,
20260426_023405,2026-04-26T02:34:25,jetson,,,stage,element2,process_total,215,,,1,
20260426_023405,2026-04-26T02:34:25,jetson,,,stage,element1,process_total,103,,,1,
20260426_023405,2026-04-26T02:34:25,jetson,,,stage,detail0,process_total,435,,,5,
20260426_023405,2026-04-26T02:34:25,jetson,,,stage,element2,process_total,134,,,1,
20260426_023405,2026-04-26T02:34:25,jetson,/mnt/windows_share/20260425220419/E1/05659_-14348750_1777127059598.jpg,100,stage,detect,save_json,17,0,0,,
20260426_023405,2026-04-26T02:34:25,jetson,/mnt/windows_share/20260425220419/E1/05659_-14348750_1777127059598.jpg,100,stage,detect,detect_process_total,574,,,,
20260426_023405,2026-04-26T02:34:25,jetson,/mnt/windows_share/20260425220419/E1/05659_-14348750_1777127059598.jpg,100,stage,shell,file_total,574,0,0,,
20260426_023405,2026-04-26T02:34:25,jetson,,,stage,element0,process_total,165,,,2,
20260426_023405,2026-04-26T02:34:25,jetson,,,stage,detail1,process_total,333,,,4,
20260426_023405,2026-04-26T02:34:25,jetson,,,stage,detail1,process_total,345,,,5,
20260426_023405,2026-04-26T02:34:25,jetson,,,stage,detail1,process_total,214,,,4,
20260426_023405,2026-04-26T02:34:25,jetson,,,stage,detail0,process_total,379,,,5,
20260426_023405,2026-04-26T02:34:25,jetson,,,stage,detail0,process_total,351,,,5,
20260426_023405,2026-04-26T02:34:25,jetson,,,stage,detail0,process_total,219,,,4,
20260426_023405,2026-04-26T02:34:25,jetson,/mnt/windows_share/20260425220419/E1/05663_-14337250_1777127060118.jpg,100,stage,detect,read_image,83,,,,
20260426_023405,2026-04-26T02:34:25,jetson,/mnt/windows_share/20260425220419/E1/05660_-14345750_1777127059732.jpg,100,stage,detect,save_json,18,0,0,,
20260426_023405,2026-04-26T02:34:25,jetson,/mnt/windows_share/20260425220419/E1/05660_-14345750_1777127059732.jpg,100,stage,detect,detect_process_total,565,,,,
20260426_023405,2026-04-26T02:34:25,jetson,/mnt/windows_share/20260425220419/E1/05660_-14345750_1777127059732.jpg,100,stage,shell,file_total,565,0,0,,
20260426_023405,2026-04-26T02:34:25,jetson,/mnt/windows_share/20260425220419/E1/05661_-14342750_1777127059864.jpg,100,stage,detect,save_json,17,0,0,,
20260426_023405,2026-04-26T02:34:25,jetson,/mnt/windows_share/20260425220419/E1/05661_-14342750_1777127059864.jpg,100,stage,detect,detect_process_total,551,,,,
20260426_023405,2026-04-26T02:34:25,jetson,/mnt/windows_share/20260425220419/E1/05661_-14342750_1777127059864.jpg,100,stage,shell,file_total,551,0,0,,
20260426_023405,2026-04-26T02:34:25,jetson,/mnt/windows_share/20260425220419/E1/05662_-14340000_1777127059990.jpg,100,stage,detect,save_json,21,0,0,,
20260426_023405,2026-04-26T02:34:25,jetson,/mnt/windows_share/20260425220419/E1/05662_-14340000_1777127059990.jpg,100,stage,detect,detect_process_total,460,,,,
20260426_023405,2026-04-26T02:34:25,jetson,/mnt/windows_share/20260425220419/E1/05662_-14340000_1777127059990.jpg,100,stage,shell,file_total,460,0,0,,
20260426_023405,2026-04-26T02:34:25,jetson,,,stage,area0,process_total,20,,,1,
20260426_023405,2026-04-26T02:34:25,jetson,,,stage,area1,process_total,27,,,1,
20260426_023405,2026-04-26T02:34:25,jetson,,,stage,element1,process_total,84,,,1,
20260426_023405,2026-04-26T02:34:25,jetson,/mnt/windows_share/20260425220419/E1/05665_-14331750_1777127060374.jpg,100,stage,detect,read_image,105,,,,
20260426_023405,2026-04-26T02:34:25,jetson,,,stage,element2,process_total,102,,,1,
20260426_023405,2026-04-26T02:34:25,jetson,/mnt/windows_share/20260425220419/E1/05664_-14334500_1777127060242.jpg,100,stage,detect,read_image,118,,,,
20260426_023405,2026-04-26T02:34:25,jetson,,,stage,element0,process_total,109,,,2,
20260426_023405,2026-04-26T02:34:25,jetson,/mnt/windows_share/20260425220419/E1/05666_-14328750_1777127060503.jpg,100,stage,detect,read_image,122,,,,
20260426_023405,2026-04-26T02:34:25,jetson,,,stage,area0,process_total,92,,,1,
20260426_023405,2026-04-26T02:34:25,jetson,,,stage,area0,process_total,89,,,1,
20260426_023405,2026-04-26T02:34:25,jetson,,,stage,area1,process_total,102,,,1,
20260426_023405,2026-04-26T02:34:25,jetson,,,stage,area1,process_total,81,,,1,
20260426_023405,2026-04-26T02:34:25,jetson,,,stage,area1,process_total,92,,,1,
20260426_023405,2026-04-26T02:34:25,jetson,,,stage,area0,process_total,106,,,1,
20260426_023405,2026-04-26T02:34:26,jetson,,,stage,detail0,process_total,328,,,5,
20260426_023405,2026-04-26T02:34:26,jetson,,,stage,detail1,process_total,333,,,5,
20260426_023405,2026-04-26T02:34:26,jetson,/mnt/windows_share/20260425220419/E1/05663_-14337250_1777127060118.jpg,100,stage,detect,save_json,16,0,0,,
20260426_023405,2026-04-26T02:34:26,jetson,/mnt/windows_share/20260425220419/E1/05663_-14337250_1777127060118.jpg,100,stage,detect,detect_process_total,461,,,,
20260426_023405,2026-04-26T02:34:26,jetson,/mnt/windows_share/20260425220419/E1/05663_-14337250_1777127060118.jpg,100,stage,shell,file_total,461,0,0,,
20260426_023405,2026-04-26T02:34:26,jetson,,,stage,element1,process_total,162,,,1,
20260426_023405,2026-04-26T02:34:26,jetson,,,stage,element1,process_total,181,,,1,
20260426_023405,2026-04-26T02:34:26,jetson,/mnt/windows_share/20260425220419/E1/05667_-14326000_1777127060626.jpg,100,stage,detect,read_image,76,,,,
20260426_023405,2026-04-26T02:34:26,jetson,,,stage,element1,process_total,204,,,1,
20260426_023405,2026-04-26T02:34:26,jetson,,,stage,element0,process_total,238,,,2,
20260426_023405,2026-04-26T02:34:26,jetson,,,stage,element0,process_total,236,,,2,
20260426_023405,2026-04-26T02:34:26,jetson,,,stage,element0,process_total,233,,,2,
20260426_023405,2026-04-26T02:34:26,jetson,,,stage,element2,process_total,254,,,1,
20260426_023405,2026-04-26T02:34:26,jetson,,,stage,element2,process_total,254,,,1,
20260426_023405,2026-04-26T02:34:26,jetson,,,stage,element2,process_total,277,,,1,
20260426_023405,2026-04-26T02:34:26,jetson,,,stage,area0,process_total,83,,,1,
20260426_023405,2026-04-26T02:34:26,jetson,,,stage,area1,process_total,88,,,1,
20260426_023405,2026-04-26T02:34:26,jetson,,,stage,detail1,process_total,388,,,4,
20260426_023405,2026-04-26T02:34:26,jetson,,,stage,detail1,process_total,404,,,4,
20260426_023405,2026-04-26T02:34:26,jetson,,,stage,element1,process_total,107,,,1,
20260426_023405,2026-04-26T02:34:26,jetson,,,stage,detail0,process_total,423,,,4,
20260426_023405,2026-04-26T02:34:26,jetson,,,stage,detail0,process_total,420,,,4,
20260426_023405,2026-04-26T02:34:26,jetson,/mnt/windows_share/20260425220419/E1/05664_-14334500_1777127060242.jpg,100,stage,detect,save_json,14,0,0,,
20260426_023405,2026-04-26T02:34:26,jetson,/mnt/windows_share/20260425220419/E1/05664_-14334500_1777127060242.jpg,100,stage,detect,detect_process_total,663,,,,
20260426_023405,2026-04-26T02:34:26,jetson,/mnt/windows_share/20260425220419/E1/05664_-14334500_1777127060242.jpg,100,stage,shell,file_total,663,0,0,,
20260426_023405,2026-04-26T02:34:26,jetson,,,stage,element2,process_total,134,,,1,
20260426_023405,2026-04-26T02:34:26,jetson,,,stage,detail1,process_total,454,,,5,
20260426_023405,2026-04-26T02:34:26,jetson,,,stage,element0,process_total,143,,,2,
20260426_023405,2026-04-26T02:34:26,jetson,,,stage,detail0,process_total,458,,,5,
20260426_023405,2026-04-26T02:34:26,jetson,/mnt/windows_share/20260425220419/E1/05666_-14328750_1777127060503.jpg,100,stage,detect,save_json,21,0,0,,
20260426_023405,2026-04-26T02:34:26,jetson,/mnt/windows_share/20260425220419/E1/05666_-14328750_1777127060503.jpg,100,stage,detect,detect_process_total,675,,,,
20260426_023405,2026-04-26T02:34:26,jetson,/mnt/windows_share/20260425220419/E1/05666_-14328750_1777127060503.jpg,100,stage,shell,file_total,675,0,0,,
20260426_023405,2026-04-26T02:34:26,jetson,/mnt/windows_share/20260425220419/E1/05665_-14331750_1777127060374.jpg,100,stage,detect,save_json,27,0,0,,
20260426_023405,2026-04-26T02:34:26,jetson,/mnt/windows_share/20260425220419/E1/05665_-14331750_1777127060374.jpg,100,stage,detect,detect_process_total,705,,,,
20260426_023405,2026-04-26T02:34:26,jetson,/mnt/windows_share/20260425220419/E1/05665_-14331750_1777127060374.jpg,100,stage,shell,file_total,705,0,0,,
20260426_023405,2026-04-26T02:34:26,jetson,,,stage,detail1,process_total,183,,,5,
20260426_023405,2026-04-26T02:34:26,jetson,,,stage,detail0,process_total,185,,,5,
20260426_023405,2026-04-26T02:34:26,jetson,/mnt/windows_share/20260425220419/E1/05668_-14323500_1777127060745.jpg,100,stage,detect,read_image,89,,,,
20260426_023405,2026-04-26T02:34:26,jetson,/mnt/windows_share/20260425220419/E1/05667_-14326000_1777127060626.jpg,100,stage,detect,save_json,41,0,0,,
20260426_023405,2026-04-26T02:34:26,jetson,/mnt/windows_share/20260425220419/E1/05667_-14326000_1777127060626.jpg,100,stage,detect,detect_process_total,394,,,,
20260426_023405,2026-04-26T02:34:26,jetson,/mnt/windows_share/20260425220419/E1/05667_-14326000_1777127060626.jpg,100,stage,shell,file_total,394,0,0,,
20260426_023405,2026-04-26T02:34:26,jetson,,,stage,area1,process_total,21,,,1,
20260426_023405,2026-04-26T02:34:26,jetson,/mnt/windows_share/20260425220419/E1/05669_-14320750_1777127060872.jpg,100,stage,detect,read_image,97,,,,
20260426_023405,2026-04-26T02:34:26,jetson,,,stage,area0,process_total,28,,,1,
20260426_023405,2026-04-26T02:34:26,jetson,/mnt/windows_share/20260425220419/E1/05670_-14318000_1777127060998.jpg,100,stage,detect,read_image,107,,,,
20260426_023405,2026-04-26T02:34:26,jetson,/mnt/windows_share/20260425220419/E1/05671_-14315000_1777127061126.jpg,100,stage,detect,read_image,99,,,,
20260426_023405,2026-04-26T02:34:26,jetson,,,stage,area1,process_total,93,,,1,
20260426_023405,2026-04-26T02:34:26,jetson,,,stage,area0,process_total,95,,,1,
20260426_023405,2026-04-26T02:34:26,jetson,,,stage,element1,process_total,161,,,1,
20260426_023405,2026-04-26T02:34:26,jetson,,,stage,area1,process_total,145,,,1,
20260426_023405,2026-04-26T02:34:26,jetson,,,stage,element0,process_total,181,,,2,
20260426_023405,2026-04-26T02:34:26,jetson,,,stage,area0,process_total,139,,,1,
20260426_023405,2026-04-26T02:34:26,jetson,,,stage,area1,process_total,171,,,1,
20260426_023405,2026-04-26T02:34:26,jetson,,,stage,area0,process_total,177,,,1,
20260426_023405,2026-04-26T02:34:26,jetson,,,stage,element1,process_total,166,,,1,
20260426_023405,2026-04-26T02:34:26,jetson,,,stage,element2,process_total,280,,,1,
20260426_023405,2026-04-26T02:34:26,jetson,,,stage,element2,process_total,250,,,1,
20260426_023405,2026-04-26T02:34:26,jetson,,,stage,detail1,process_total,347,,,4,
20260426_023405,2026-04-26T02:34:26,jetson,,,stage,element1,process_total,178,,,1,
20260426_023405,2026-04-26T02:34:26,jetson,,,stage,element0,process_total,295,,,2,
20260426_023405,2026-04-26T02:34:26,jetson,,,stage,element1,process_total,152,,,1,
20260426_023405,2026-04-26T02:34:26,jetson,,,stage,element2,process_total,242,,,1,
20260426_023405,2026-04-26T02:34:26,jetson,,,stage,element2,process_total,184,,,1,
20260426_023405,2026-04-26T02:34:26,jetson,,,stage,element0,process_total,253,,,2,
20260426_023405,2026-04-26T02:34:26,jetson,,,stage,element0,process_total,202,,,2,
20260426_023405,2026-04-26T02:34:26,jetson,,,stage,detail0,process_total,487,,,5,
20260426_023405,2026-04-26T02:34:26,jetson,,,stage,detail1,process_total,401,,,4,
20260426_023405,2026-04-26T02:34:26,jetson,,,stage,detail0,process_total,409,,,4,
20260426_023405,2026-04-26T02:34:26,jetson,/mnt/windows_share/20260425220419/E1/05668_-14323500_1777127060745.jpg,100,stage,detect,save_json,17,0,0,,
20260426_023405,2026-04-26T02:34:26,jetson,/mnt/windows_share/20260425220419/E1/05668_-14323500_1777127060745.jpg,100,stage,detect,detect_process_total,625,,,,
20260426_023405,2026-04-26T02:34:26,jetson,/mnt/windows_share/20260425220419/E1/05668_-14323500_1777127060745.jpg,100,stage,shell,file_total,625,0,0,,
20260426_023405,2026-04-26T02:34:26,jetson,,,stage,detail1,process_total,261,,,4,
20260426_023405,2026-04-26T02:34:26,jetson,,,stage,detail0,process_total,268,,,4,
20260426_023405,2026-04-26T02:34:26,jetson,,,stage,detail1,process_total,338,,,5,
20260426_023405,2026-04-26T02:34:26,jetson,,,stage,detail0,process_total,340,,,5,
20260426_023405,2026-04-26T02:34:26,jetson,/mnt/windows_share/20260425220419/E1/05669_-14320750_1777127060872.jpg,100,stage,detect,save_json,27,0,0,,
20260426_023405,2026-04-26T02:34:26,jetson,/mnt/windows_share/20260425220419/E1/05669_-14320750_1777127060872.jpg,100,stage,detect,detect_process_total,631,,,,
20260426_023405,2026-04-26T02:34:26,jetson,/mnt/windows_share/20260425220419/E1/05669_-14320750_1777127060872.jpg,100,stage,shell,file_total,631,0,0,,
20260426_023405,2026-04-26T02:34:27,jetson,/mnt/windows_share/20260425220419/E1/05670_-14318000_1777127060998.jpg,100,stage,detect,save_json,19,0,0,,
20260426_023405,2026-04-26T02:34:27,jetson,/mnt/windows_share/20260425220419/E1/05671_-14315000_1777127061126.jpg,100,stage,detect,save_json,23,0,0,,
20260426_023405,2026-04-26T02:34:27,jetson,/mnt/windows_share/20260425220419/E1/05670_-14318000_1777127060998.jpg,100,stage,detect,detect_process_total,624,,,,
20260426_023405,2026-04-26T02:34:27,jetson,/mnt/windows_share/20260425220419/E1/05670_-14318000_1777127060998.jpg,100,stage,shell,file_total,624,0,0,,
20260426_023405,2026-04-26T02:34:27,jetson,/mnt/windows_share/20260425220419/E1/05671_-14315000_1777127061126.jpg,100,stage,detect,detect_process_total,571,,,,
20260426_023405,2026-04-26T02:34:27,jetson,/mnt/windows_share/20260425220419/E1/05671_-14315000_1777127061126.jpg,100,stage,shell,file_total,571,0,0,,
20260426_023405,2026-04-26T02:34:27,jetson,/mnt/windows_share/20260425220419/E1/05672_-14312500_1777127061248.jpg,100,stage,detect,read_image,84,,,,
20260426_023405,2026-04-26T02:34:27,jetson,,,stage,area0,process_total,21,,,1,
20260426_023405,2026-04-26T02:34:27,jetson,,,stage,area1,process_total,28,,,1,
20260426_023405,2026-04-26T02:34:27,jetson,/mnt/windows_share/20260425220419/E1/05673_-14309500_1777127061375.jpg,100,stage,detect,read_image,96,,,,
20260426_023405,2026-04-26T02:34:27,jetson,/mnt/windows_share/20260425220419/E1/05675_-14304000_1777127061625.jpg,100,stage,detect,read_image,116,,,,
20260426_023405,2026-04-26T02:34:27,jetson,/mnt/windows_share/20260425220419/E1/05674_-14306750_1777127061500.jpg,100,stage,detect,read_image,122,,,,
20260426_023405,2026-04-26T02:34:27,jetson,,,stage,element1,process_total,72,,,1,
20260426_023405,2026-04-26T02:34:27,jetson,,,stage,area0,process_total,93,,,1,
20260426_023405,2026-04-26T02:34:27,jetson,,,stage,area1,process_total,102,,,1,
20260426_023405,2026-04-26T02:34:27,jetson,,,stage,element0,process_total,120,,,2,
20260426_023405,2026-04-26T02:34:27,jetson,,,stage,area0,process_total,116,,,1,
20260426_023405,2026-04-26T02:34:27,jetson,,,stage,area1,process_total,133,,,1,
20260426_023405,2026-04-26T02:34:27,jetson,,,stage,area0,process_total,133,,,1,
20260426_023405,2026-04-26T02:34:27,jetson,,,stage,area1,process_total,136,,,1,
20260426_023405,2026-04-26T02:34:27,jetson,,,stage,element1,process_total,137,,,1,
20260426_023405,2026-04-26T02:34:27,jetson,,,stage,element2,process_total,295,,,1,
20260426_023405,2026-04-26T02:34:27,jetson,,,stage,element2,process_total,214,,,1,
20260426_023405,2026-04-26T02:34:27,jetson,,,stage,element1,process_total,152,,,1,
20260426_023405,2026-04-26T02:34:27,jetson,,,stage,element1,process_total,161,,,1,
20260426_023405,2026-04-26T02:34:27,jetson,,,stage,element0,process_total,256,,,2,
20260426_023405,2026-04-26T02:34:27,jetson,,,stage,detail1,process_total,382,,,5,
20260426_023405,2026-04-26T02:34:27,jetson,,,stage,element2,process_total,210,,,1,
20260426_023405,2026-04-26T02:34:27,jetson,,,stage,element2,process_total,209,,,1,
20260426_023405,2026-04-26T02:34:27,jetson,,,stage,element0,process_total,223,,,2,
20260426_023405,2026-04-26T02:34:27,jetson,,,stage,element0,process_total,221,,,2,
20260426_023405,2026-04-26T02:34:27,jetson,,,stage,detail0,process_total,407,,,5,
20260426_023405,2026-04-26T02:34:27,jetson,/mnt/windows_share/20260425220419/E1/05672_-14312500_1777127061248.jpg,100,stage,detect,save_json,15,0,0,,
20260426_023405,2026-04-26T02:34:27,jetson,/mnt/windows_share/20260425220419/E1/05672_-14312500_1777127061248.jpg,100,stage,detect,detect_process_total,545,,,,
20260426_023405,2026-04-26T02:34:27,jetson,/mnt/windows_share/20260425220419/E1/05672_-14312500_1777127061248.jpg,100,stage,shell,file_total,545,0,0,,
20260426_023405,2026-04-26T02:34:27,jetson,,,stage,detail1,process_total,388,,,5,
20260426_023405,2026-04-26T02:34:27,jetson,,,stage,detail0,process_total,314,,,4,
20260426_023405,2026-04-26T02:34:27,jetson,,,stage,detail0,process_total,390,,,5,
20260426_023405,2026-04-26T02:34:27,jetson,,,stage,detail1,process_total,318,,,5,
20260426_023405,2026-04-26T02:34:27,jetson,,,stage,detail1,process_total,326,,,5,
20260426_023405,2026-04-26T02:34:27,jetson,,,stage,detail0,process_total,324,,,5,
20260426_023405,2026-04-26T02:34:27,jetson,/mnt/windows_share/20260425220419/E1/05673_-14309500_1777127061375.jpg,100,stage,detect,save_json,16,0,0,,
20260426_023405,2026-04-26T02:34:27,jetson,/mnt/windows_share/20260425220419/E1/05673_-14309500_1777127061375.jpg,100,stage,detect,detect_process_total,608,,,,
20260426_023405,2026-04-26T02:34:27,jetson,/mnt/windows_share/20260425220419/E1/05673_-14309500_1777127061375.jpg,100,stage,shell,file_total,608,0,0,,
20260426_023405,2026-04-26T02:34:27,jetson,/mnt/windows_share/20260425220419/E1/05676_-14301250_1777127061749.jpg,100,stage,detect,read_image,87,,,,
20260426_023405,2026-04-26T02:34:27,jetson,/mnt/windows_share/20260425220419/E1/05674_-14306750_1777127061500.jpg,100,stage,detect,save_json,24,0,0,,
20260426_023405,2026-04-26T02:34:27,jetson,/mnt/windows_share/20260425220419/E1/05675_-14304000_1777127061625.jpg,100,stage,detect,save_json,22,0,0,,
20260426_023405,2026-04-26T02:34:27,jetson,/mnt/windows_share/20260425220419/E1/05674_-14306750_1777127061500.jpg,100,stage,detect,detect_process_total,608,,,,
20260426_023405,2026-04-26T02:34:27,jetson,/mnt/windows_share/20260425220419/E1/05674_-14306750_1777127061500.jpg,100,stage,shell,file_total,608,0,0,,
20260426_023405,2026-04-26T02:34:27,jetson,/mnt/windows_share/20260425220419/E1/05675_-14304000_1777127061625.jpg,100,stage,detect,detect_process_total,607,,,,
20260426_023405,2026-04-26T02:34:27,jetson,/mnt/windows_share/20260425220419/E1/05675_-14304000_1777127061625.jpg,100,stage,shell,file_total,607,0,0,,
20260426_023405,2026-04-26T02:34:27,jetson,,,stage,area1,process_total,24,,,1,
20260426_023405,2026-04-26T02:34:27,jetson,,,stage,area0,process_total,31,,,1,
20260426_023405,2026-04-26T02:34:27,jetson,/mnt/windows_share/20260425220419/E1/05677_-14298500_1777127061875.jpg,100,stage,detect,read_image,84,,,,
20260426_023405,2026-04-26T02:34:27,jetson,,,stage,element1,process_total,54,,,1,
20260426_023405,2026-04-26T02:34:27,jetson,,,stage,element0,process_total,68,,,2,
20260426_023405,2026-04-26T02:34:27,jetson,/mnt/windows_share/20260425220419/E1/05679_-14293000_1777127062120.jpg,100,stage,detect,read_image,107,,,,
20260426_023405,2026-04-26T02:34:27,jetson,/mnt/windows_share/20260425220419/E1/05678_-14296000_1777127061996.jpg,100,stage,detect,read_image,110,,,,
20260426_023405,2026-04-26T02:34:27,jetson,,,stage,element2,process_total,109,,,1,
20260426_023405,2026-04-26T02:34:27,jetson,,,stage,area0,process_total,63,,,1,
20260426_023405,2026-04-26T02:34:27,jetson,,,stage,detail1,process_total,120,,,4,
20260426_023405,2026-04-26T02:34:27,jetson,,,stage,area1,process_total,83,,,1,
20260426_023405,2026-04-26T02:34:27,jetson,,,stage,area0,process_total,77,,,1,
20260426_023405,2026-04-26T02:34:27,jetson,,,stage,area1,process_total,91,,,1,
20260426_023405,2026-04-26T02:34:27,jetson,,,stage,area0,process_total,92,,,1,
20260426_023405,2026-04-26T02:34:27,jetson,,,stage,area1,process_total,89,,,1,
20260426_023405,2026-04-26T02:34:27,jetson,,,stage,detail0,process_total,190,,,4,
20260426_023405,2026-04-26T02:34:27,jetson,/mnt/windows_share/20260425220419/E1/05676_-14301250_1777127061749.jpg,100,stage,detect,save_json,16,0,0,,
20260426_023405,2026-04-26T02:34:27,jetson,/mnt/windows_share/20260425220419/E1/05676_-14301250_1777127061749.jpg,100,stage,detect,detect_process_total,331,,,,
20260426_023405,2026-04-26T02:34:27,jetson,/mnt/windows_share/20260425220419/E1/05676_-14301250_1777127061749.jpg,100,stage,shell,file_total,331,0,0,,
20260426_023405,2026-04-26T02:34:27,jetson,,,stage,element1,process_total,145,,,1,
20260426_023405,2026-04-26T02:34:27,jetson,/mnt/windows_share/20260425220419/E1/05680_-14290250_1777127062241.jpg,100,stage,detect,read_image,99,,,,
20260426_023405,2026-04-26T02:34:27,jetson,,,stage,element0,process_total,214,,,2,
20260426_023405,2026-04-26T02:34:27,jetson,,,stage,element2,process_total,214,,,1,
20260426_023405,2026-04-26T02:34:27,jetson,,,stage,element1,process_total,166,,,1,
20260426_023405,2026-04-26T02:34:27,jetson,,,stage,element1,process_total,152,,,1,
20260426_023405,2026-04-26T02:34:28,jetson,,,stage,element2,process_total,211,,,1,
20260426_023405,2026-04-26T02:34:28,jetson,,,stage,element2,process_total,203,,,1,
20260426_023405,2026-04-26T02:34:28,jetson,,,stage,element0,process_total,226,,,2,
20260426_023405,2026-04-26T02:34:28,jetson,,,stage,element0,process_total,215,,,2,
20260426_023405,2026-04-26T02:34:28,jetson,,,stage,area0,process_total,106,,,1,
20260426_023405,2026-04-26T02:34:28,jetson,,,stage,area1,process_total,106,,,1,
20260426_023405,2026-04-26T02:34:28,jetson,,,stage,element1,process_total,99,,,1,
20260426_023405,2026-04-26T02:34:28,jetson,,,stage,element2,process_total,145,,,1,
20260426_023405,2026-04-26T02:34:28,jetson,,,stage,detail1,process_total,389,,,4,
20260426_023405,2026-04-26T02:34:28,jetson,,,stage,element0,process_total,160,,,2,
20260426_023405,2026-04-26T02:34:28,jetson,,,stage,detail1,process_total,447,,,5,
20260426_023405,2026-04-26T02:34:28,jetson,,,stage,detail0,process_total,399,,,4,
20260426_023405,2026-04-26T02:34:28,jetson,,,stage,detail0,process_total,391,,,4,
20260426_023405,2026-04-26T02:34:28,jetson,,,stage,detail0,process_total,459,,,5,
20260426_023405,2026-04-26T02:34:28,jetson,,,stage,detail1,process_total,411,,,5,
20260426_023405,2026-04-26T02:34:28,jetson,/mnt/windows_share/20260425220419/E1/05678_-14296000_1777127061996.jpg,100,stage,detect,save_json,20,0,0,,
20260426_023405,2026-04-26T02:34:28,jetson,/mnt/windows_share/20260425220419/E1/05678_-14296000_1777127061996.jpg,100,stage,detect,detect_process_total,624,,,,
20260426_023405,2026-04-26T02:34:28,jetson,/mnt/windows_share/20260425220419/E1/05678_-14296000_1777127061996.jpg,100,stage,shell,file_total,624,0,0,,
20260426_023405,2026-04-26T02:34:28,jetson,/mnt/windows_share/20260425220419/E1/05677_-14298500_1777127061875.jpg,100,stage,detect,save_json,24,0,0,,
20260426_023405,2026-04-26T02:34:28,jetson,/mnt/windows_share/20260425220419/E1/05677_-14298500_1777127061875.jpg,100,stage,detect,detect_process_total,652,,,,
20260426_023405,2026-04-26T02:34:28,jetson,/mnt/windows_share/20260425220419/E1/05677_-14298500_1777127061875.jpg,100,stage,shell,file_total,652,0,0,,
20260426_023405,2026-04-26T02:34:28,jetson,,,stage,detail1,process_total,200,,,5,
20260426_023405,2026-04-26T02:34:28,jetson,/mnt/windows_share/20260425220419/E1/05679_-14293000_1777127062120.jpg,100,stage,detect,save_json,22,0,0,,
20260426_023405,2026-04-26T02:34:28,jetson,/mnt/windows_share/20260425220419/E1/05679_-14293000_1777127062120.jpg,100,stage,detect,detect_process_total,635,,,,
20260426_023405,2026-04-26T02:34:28,jetson,/mnt/windows_share/20260425220419/E1/05679_-14293000_1777127062120.jpg,100,stage,shell,file_total,635,0,0,,
20260426_023405,2026-04-26T02:34:28,jetson,,,stage,detail0,process_total,208,,,5,
20260426_023405,2026-04-26T02:34:28,jetson,/mnt/windows_share/20260425220419/E1/05680_-14290250_1777127062241.jpg,100,stage,detect,save_json,48,0,0,,
20260426_023405,2026-04-26T02:34:28,jetson,/mnt/windows_share/20260425220419/E1/05680_-14290250_1777127062241.jpg,100,stage,detect,detect_process_total,465,,,,
20260426_023405,2026-04-26T02:34:28,jetson,/mnt/windows_share/20260425220419/E1/05680_-14290250_1777127062241.jpg,100,stage,shell,file_total,465,0,0,,
20260426_023405,2026-04-26T02:34:28,jetson,/mnt/windows_share/20260425220419/E1/05681_-14287750_1777127062363.jpg,100,stage,detect,read_image,101,,,,
20260426_023405,2026-04-26T02:34:28,jetson,/mnt/windows_share/20260425220419/E1/05682_-14285000_1777127062488.jpg,100,stage,detect,read_image,97,,,,
20260426_023405,2026-04-26T02:34:28,jetson,/mnt/windows_share/20260425220419/E1/05683_-14282000_1777127062613.jpg,100,stage,detect,read_image,103,,,,
20260426_023405,2026-04-26T02:34:28,jetson,,,stage,area0,process_total,36,,,1,
20260426_023405,2026-04-26T02:34:28,jetson,/mnt/windows_share/20260425220419/E1/05684_-14279500_1777127062740.jpg,100,stage,detect,read_image,92,,,,
20260426_023405,2026-04-26T02:34:28,jetson,,,stage,area0,process_total,69,,,1,
20260426_023405,2026-04-26T02:34:28,jetson,,,stage,area0,process_total,61,,,1,
20260426_023405,2026-04-26T02:34:28,jetson,,,stage,area1,process_total,72,,,1,
20260426_023405,2026-04-26T02:34:28,jetson,,,stage,area1,process_total,78,,,1,
20260426_023405,2026-04-26T02:34:28,jetson,,,stage,area1,process_total,73,,,1,
20260426_023405,2026-04-26T02:34:28,jetson,,,stage,area1,process_total,58,,,1,
20260426_023405,2026-04-26T02:34:28,jetson,,,stage,area0,process_total,147,,,1,
20260426_023405,2026-04-26T02:34:28,jetson,,,stage,element1,process_total,231,,,1,
20260426_023405,2026-04-26T02:34:28,jetson,,,stage,element1,process_total,235,,,1,
20260426_023405,2026-04-26T02:34:28,jetson,,,stage,element1,process_total,224,,,1,
20260426_023405,2026-04-26T02:34:28,jetson,,,stage,element1,process_total,161,,,1,
20260426_023405,2026-04-26T02:34:28,jetson,,,stage,element2,process_total,310,,,1,
20260426_023405,2026-04-26T02:34:28,jetson,,,stage,element2,process_total,338,,,1,
20260426_023405,2026-04-26T02:34:28,jetson,,,stage,element2,process_total,318,,,1,
20260426_023405,2026-04-26T02:34:28,jetson,,,stage,element0,process_total,355,,,2,
20260426_023405,2026-04-26T02:34:28,jetson,,,stage,element0,process_total,347,,,2,
20260426_023405,2026-04-26T02:34:28,jetson,,,stage,element0,process_total,345,,,2,
20260426_023405,2026-04-26T02:34:28,jetson,,,stage,element2,process_total,253,,,1,
20260426_023405,2026-04-26T02:34:28,jetson,,,stage,detail1,process_total,467,,,4,
20260426_023405,2026-04-26T02:34:28,jetson,,,stage,detail1,process_total,466,,,4,
20260426_023405,2026-04-26T02:34:28,jetson,,,stage,detail0,process_total,476,,,4,
20260426_023405,2026-04-26T02:34:28,jetson,,,stage,detail0,process_total,480,,,4,
20260426_023405,2026-04-26T02:34:28,jetson,,,stage,detail1,process_total,366,,,4,
20260426_023405,2026-04-26T02:34:28,jetson,/mnt/windows_share/20260425220419/E1/05682_-14285000_1777127062488.jpg,100,stage,detect,save_json,21,0,0,,
20260426_023405,2026-04-26T02:34:28,jetson,/mnt/windows_share/20260425220419/E1/05682_-14285000_1777127062488.jpg,100,stage,detect,detect_process_total,669,,,,
20260426_023405,2026-04-26T02:34:28,jetson,/mnt/windows_share/20260425220419/E1/05682_-14285000_1777127062488.jpg,100,stage,shell,file_total,669,0,0,,
20260426_023405,2026-04-26T02:34:28,jetson,,,stage,detail0,process_total,372,,,4,
20260426_023405,2026-04-26T02:34:28,jetson,,,stage,detail1,process_total,479,,,5,
20260426_023405,2026-04-26T02:34:28,jetson,,,stage,detail0,process_total,482,,,5,
20260426_023405,2026-04-26T02:34:28,jetson,/mnt/windows_share/20260425220419/E1/05681_-14287750_1777127062363.jpg,100,stage,detect,save_json,24,0,0,,
20260426_023405,2026-04-26T02:34:28,jetson,/mnt/windows_share/20260425220419/E1/05681_-14287750_1777127062363.jpg,100,stage,detect,detect_process_total,686,,,,
20260426_023405,2026-04-26T02:34:28,jetson,/mnt/windows_share/20260425220419/E1/05681_-14287750_1777127062363.jpg,100,stage,shell,file_total,687,0,0,,
20260426_023405,2026-04-26T02:34:28,jetson,/mnt/windows_share/20260425220419/E1/05683_-14282000_1777127062613.jpg,100,stage,detect,save_json,16,0,0,,
20260426_023405,2026-04-26T02:34:28,jetson,/mnt/windows_share/20260425220419/E1/05683_-14282000_1777127062613.jpg,100,stage,detect,detect_process_total,690,,,,
20260426_023405,2026-04-26T02:34:28,jetson,/mnt/windows_share/20260425220419/E1/05683_-14282000_1777127062613.jpg,100,stage,shell,file_total,690,0,0,,
20260426_023405,2026-04-26T02:34:28,jetson,/mnt/windows_share/20260425220419/E1/05684_-14279500_1777127062740.jpg,100,stage,detect,save_json,35,0,0,,
20260426_023405,2026-04-26T02:34:28,jetson,/mnt/windows_share/20260425220419/E1/05684_-14279500_1777127062740.jpg,100,stage,detect,detect_process_total,649,,,,
20260426_023405,2026-04-26T02:34:28,jetson,/mnt/windows_share/20260425220419/E1/05684_-14279500_1777127062740.jpg,100,stage,shell,file_total,649,0,0,,
20260426_023405,2026-04-26T02:34:29,jetson,/mnt/windows_share/20260425220419/E1/05686_-14273750_1777127062989.jpg,100,stage,detect,read_image,85,,,,
20260426_023405,2026-04-26T02:34:29,jetson,/mnt/windows_share/20260425220419/E1/05685_-14276750_1777127062859.jpg,100,stage,detect,read_image,106,,,,
20260426_023405,2026-04-26T02:34:29,jetson,,,stage,area1,process_total,23,,,1,
20260426_023405,2026-04-26T02:34:29,jetson,/mnt/windows_share/20260425220419/E1/05687_-14271000_1777127063117.jpg,100,stage,detect,read_image,102,,,,
20260426_023405,2026-04-26T02:34:29,jetson,,,stage,area0,process_total,34,,,1,
20260426_023405,2026-04-26T02:34:29,jetson,,,stage,area0,process_total,36,,,1,
20260426_023405,2026-04-26T02:34:29,jetson,,,stage,area1,process_total,39,,,1,
20260426_023405,2026-04-26T02:34:29,jetson,/mnt/windows_share/20260425220419/E1/05688_-14268250_1777127063245.jpg,100,stage,detect,read_image,117,,,,
20260426_023405,2026-04-26T02:34:29,jetson,,,stage,element1,process_total,152,,,1,
20260426_023405,2026-04-26T02:34:29,jetson,,,stage,area1,process_total,165,,,1,
20260426_023405,2026-04-26T02:34:29,jetson,,,stage,area0,process_total,165,,,1,
20260426_023405,2026-04-26T02:34:29,jetson,,,stage,area0,process_total,175,,,1,
20260426_023405,2026-04-26T02:34:29,jetson,,,stage,element1,process_total,192,,,1,
20260426_023405,2026-04-26T02:34:29,jetson,,,stage,area1,process_total,205,,,1,
20260426_023405,2026-04-26T02:34:29,jetson,,,stage,element2,process_total,299,,,1,
20260426_023405,2026-04-26T02:34:29,jetson,,,stage,element2,process_total,273,,,1,
20260426_023405,2026-04-26T02:34:29,jetson,,,stage,element0,process_total,303,,,2,
20260426_023405,2026-04-26T02:34:29,jetson,,,stage,element0,process_total,311,,,2,
20260426_023405,2026-04-26T02:34:29,jetson,,,stage,element1,process_total,181,,,1,
20260426_023405,2026-04-26T02:34:29,jetson,,,stage,element1,process_total,132,,,1,
20260426_023405,2026-04-26T02:34:29,jetson,,,stage,element2,process_total,222,,,1,
20260426_023405,2026-04-26T02:34:29,jetson,,,stage,element0,process_total,240,,,2,
20260426_023405,2026-04-26T02:34:29,jetson,,,stage,element2,process_total,173,,,1,
20260426_023405,2026-04-26T02:34:29,jetson,,,stage,detail1,process_total,478,,,5,
20260426_023405,2026-04-26T02:34:29,jetson,,,stage,detail0,process_total,493,,,5,
20260426_023405,2026-04-26T02:34:29,jetson,,,stage,detail1,process_total,479,,,5,
20260426_023405,2026-04-26T02:34:29,jetson,,,stage,detail0,process_total,474,,,5,
20260426_023405,2026-04-26T02:34:29,jetson,,,stage,detail1,process_total,275,,,4,
20260426_023405,2026-04-26T02:34:29,jetson,/mnt/windows_share/20260425220419/E1/05686_-14273750_1777127062989.jpg,100,stage,detect,save_json,17,0,0,,
20260426_023405,2026-04-26T02:34:29,jetson,,,stage,detail0,process_total,277,,,4,
20260426_023405,2026-04-26T02:34:29,jetson,/mnt/windows_share/20260425220419/E1/05686_-14273750_1777127062989.jpg,100,stage,detect,detect_process_total,633,,,,
20260426_023405,2026-04-26T02:34:29,jetson,/mnt/windows_share/20260425220419/E1/05686_-14273750_1777127062989.jpg,100,stage,shell,file_total,633,0,0,,
20260426_023405,2026-04-26T02:34:29,jetson,,,stage,detail1,process_total,353,,,5,
20260426_023405,2026-04-26T02:34:29,jetson,,,stage,detail0,process_total,356,,,5,
20260426_023405,2026-04-26T02:34:29,jetson,/mnt/windows_share/20260425220419/E1/05688_-14268250_1777127063245.jpg,100,stage,detect,save_json,18,0,0,,
20260426_023405,2026-04-26T02:34:29,jetson,/mnt/windows_share/20260425220419/E1/05685_-14276750_1777127062859.jpg,100,stage,detect,save_json,24,0,0,,
20260426_023405,2026-04-26T02:34:29,jetson,/mnt/windows_share/20260425220419/E1/05688_-14268250_1777127063245.jpg,100,stage,detect,detect_process_total,623,,,,
20260426_023405,2026-04-26T02:34:29,jetson,/mnt/windows_share/20260425220419/E1/05688_-14268250_1777127063245.jpg,100,stage,shell,file_total,623,0,0,,
20260426_023405,2026-04-26T02:34:29,jetson,/mnt/windows_share/20260425220419/E1/05685_-14276750_1777127062859.jpg,100,stage,detect,detect_process_total,661,,,,
20260426_023405,2026-04-26T02:34:29,jetson,/mnt/windows_share/20260425220419/E1/05685_-14276750_1777127062859.jpg,100,stage,shell,file_total,661,0,0,,
20260426_023405,2026-04-26T02:34:29,jetson,/mnt/windows_share/20260425220419/E1/05687_-14271000_1777127063117.jpg,100,stage,detect,save_json,18,1,1,,
20260426_023405,2026-04-26T02:34:29,jetson,/mnt/windows_share/20260425220419/E1/05687_-14271000_1777127063117.jpg,100,stage,detect,detect_process_total,645,,,,
20260426_023405,2026-04-26T02:34:29,jetson,/mnt/windows_share/20260425220419/E1/05687_-14271000_1777127063117.jpg,100,stage,shell,file_total,645,1,1,,
20260426_023405,2026-04-26T02:34:29,jetson,/mnt/windows_share/20260425220419/E1/05689_-14265500_1777127063364.jpg,100,stage,detect,read_image,89,,,,
20260426_023405,2026-04-26T02:34:29,jetson,,,stage,area0,process_total,21,,,1,
20260426_023405,2026-04-26T02:34:29,jetson,,,stage,area1,process_total,28,,,1,
20260426_023405,2026-04-26T02:34:29,jetson,/mnt/windows_share/20260425220419/E1/05691_-14260000_1777127063617.jpg,100,stage,detect,read_image,107,,,,
20260426_023405,2026-04-26T02:34:29,jetson,/mnt/windows_share/20260425220419/E1/05690_-14262750_1777127063490.jpg,100,stage,detect,read_image,124,,,,
20260426_023405,2026-04-26T02:34:29,jetson,/mnt/windows_share/20260425220419/E1/05692_-14257250_1777127063745.jpg,100,stage,detect,read_image,117,,,,
20260426_023405,2026-04-26T02:34:29,jetson,,,stage,element1,process_total,44,,,1,
20260426_023405,2026-04-26T02:34:29,jetson,,,stage,element0,process_total,129,,,2,
20260426_023405,2026-04-26T02:34:29,jetson,,,stage,area1,process_total,121,,,1,
20260426_023405,2026-04-26T02:34:29,jetson,,,stage,area1,process_total,129,,,1,
20260426_023405,2026-04-26T02:34:29,jetson,,,stage,area0,process_total,133,,,1,
20260426_023405,2026-04-26T02:34:29,jetson,,,stage,area0,process_total,131,,,1,
20260426_023405,2026-04-26T02:34:29,jetson,,,stage,area1,process_total,139,,,1,
20260426_023405,2026-04-26T02:34:29,jetson,,,stage,area0,process_total,142,,,1,
20260426_023405,2026-04-26T02:34:29,jetson,,,stage,element2,process_total,225,,,1,
20260426_023405,2026-04-26T02:34:29,jetson,,,stage,detail0,process_total,235,,,4,
20260426_023405,2026-04-26T02:34:30,jetson,,,stage,element1,process_total,199,,,1,
20260426_023405,2026-04-26T02:34:30,jetson,,,stage,element1,process_total,213,,,1,
20260426_023405,2026-04-26T02:34:30,jetson,,,stage,element1,process_total,243,,,1,
20260426_023405,2026-04-26T02:34:30,jetson,,,stage,element0,process_total,284,,,2,
20260426_023405,2026-04-26T02:34:30,jetson,,,stage,element0,process_total,292,,,2,
20260426_023405,2026-04-26T02:34:30,jetson,,,stage,element0,process_total,276,,,2,
20260426_023405,2026-04-26T02:34:30,jetson,,,stage,detail1,process_total,451,,,5,
20260426_023405,2026-04-26T02:34:30,jetson,/mnt/windows_share/20260425220419/E1/05689_-14265500_1777127063364.jpg,100,stage,detect,save_json,17,0,0,,
20260426_023405,2026-04-26T02:34:30,jetson,/mnt/windows_share/20260425220419/E1/05689_-14265500_1777127063364.jpg,100,stage,detect,detect_process_total,595,,,,
20260426_023405,2026-04-26T02:34:30,jetson,/mnt/windows_share/20260425220419/E1/05689_-14265500_1777127063364.jpg,100,stage,shell,file_total,595,0,0,,
20260426_023405,2026-04-26T02:34:30,jetson,,,stage,element2,process_total,319,,,1,
20260426_023405,2026-04-26T02:34:30,jetson,,,stage,element2,process_total,304,,,1,
20260426_023405,2026-04-26T02:34:30,jetson,,,stage,element2,process_total,324,,,1,
20260426_023405,2026-04-26T02:34:30,jetson,,,stage,detail1,process_total,390,,,4,
20260426_023405,2026-04-26T02:34:30,jetson,,,stage,detail0,process_total,397,,,4,
20260426_023405,2026-04-26T02:34:30,jetson,/mnt/windows_share/20260425220419/E1/05691_-14260000_1777127063617.jpg,100,stage,detect,save_json,15,0,0,,
20260426_023405,2026-04-26T02:34:30,jetson,/mnt/windows_share/20260425220419/E1/05691_-14260000_1777127063617.jpg,100,stage,detect,detect_process_total,664,,,,
20260426_023405,2026-04-26T02:34:30,jetson,/mnt/windows_share/20260425220419/E1/05691_-14260000_1777127063617.jpg,100,stage,shell,file_total,664,0,0,,
20260426_023405,2026-04-26T02:34:30,jetson,/mnt/windows_share/20260425220419/E1/05693_-14254250_1777127063876.jpg,100,stage,detect,read_image,88,,,,
20260426_023405,2026-04-26T02:34:30,jetson,,,stage,detail1,process_total,398,,,5,
20260426_023405,2026-04-26T02:34:30,jetson,,,stage,detail1,process_total,400,,,5,
20260426_023405,2026-04-26T02:34:30,jetson,,,stage,detail0,process_total,414,,,5,
20260426_023405,2026-04-26T02:34:30,jetson,,,stage,detail0,process_total,406,,,5,
20260426_023405,2026-04-26T02:34:30,jetson,,,stage,area0,process_total,30,,,1,
20260426_023405,2026-04-26T02:34:30,jetson,/mnt/windows_share/20260425220419/E1/05690_-14262750_1777127063490.jpg,100,stage,detect,save_json,24,0,0,,
20260426_023405,2026-04-26T02:34:30,jetson,/mnt/windows_share/20260425220419/E1/05690_-14262750_1777127063490.jpg,100,stage,detect,detect_process_total,698,,,,
20260426_023405,2026-04-26T02:34:30,jetson,/mnt/windows_share/20260425220419/E1/05690_-14262750_1777127063490.jpg,100,stage,shell,file_total,698,0,0,,
20260426_023405,2026-04-26T02:34:30,jetson,/mnt/windows_share/20260425220419/E1/05692_-14257250_1777127063745.jpg,100,stage,detect,save_json,21,0,0,,
20260426_023405,2026-04-26T02:34:30,jetson,/mnt/windows_share/20260425220419/E1/05692_-14257250_1777127063745.jpg,100,stage,detect,detect_process_total,691,,,,
20260426_023405,2026-04-26T02:34:30,jetson,/mnt/windows_share/20260425220419/E1/05692_-14257250_1777127063745.jpg,100,stage,shell,file_total,691,0,0,,
20260426_023405,2026-04-26T02:34:30,jetson,,,stage,area1,process_total,33,,,1,
20260426_023405,2026-04-26T02:34:30,jetson,/mnt/windows_share/20260425220419/E1/05694_-14251750_1777127063995.jpg,100,stage,detect,read_image,75,,,,
20260426_023405,2026-04-26T02:34:30,jetson,/mnt/windows_share/20260425220419/E1/05695_-14249000_1777127064122.jpg,100,stage,detect,read_image,87,,,,
20260426_023405,2026-04-26T02:34:30,jetson,,,stage,element1,process_total,75,,,1,
20260426_023405,2026-04-26T02:34:30,jetson,/mnt/windows_share/20260425220419/E1/05696_-14246000_1777127064248.jpg,100,stage,detect,read_image,97,,,,
20260426_023405,2026-04-26T02:34:30,jetson,,,stage,element2,process_total,112,,,1,
20260426_023405,2026-04-26T02:34:30,jetson,,,stage,area0,process_total,78,,,1,
20260426_023405,2026-04-26T02:34:30,jetson,,,stage,element0,process_total,127,,,2,
20260426_023405,2026-04-26T02:34:30,jetson,,,stage,area1,process_total,90,,,1,
20260426_023405,2026-04-26T02:34:30,jetson,,,stage,area0,process_total,51,,,1,
20260426_023405,2026-04-26T02:34:30,jetson,,,stage,area1,process_total,97,,,1,
20260426_023405,2026-04-26T02:34:30,jetson,,,stage,area1,process_total,113,,,1,
20260426_023405,2026-04-26T02:34:30,jetson,,,stage,area0,process_total,123,,,1,
20260426_023405,2026-04-26T02:34:30,jetson,,,stage,element1,process_total,128,,,1,
20260426_023405,2026-04-26T02:34:30,jetson,,,stage,detail0,process_total,336,,,4,
20260426_023405,2026-04-26T02:34:30,jetson,,,stage,element1,process_total,154,,,1,
20260426_023405,2026-04-26T02:34:30,jetson,,,stage,element2,process_total,215,,,1,
20260426_023405,2026-04-26T02:34:30,jetson,,,stage,element1,process_total,134,,,1,
20260426_023405,2026-04-26T02:34:30,jetson,,,stage,element0,process_total,236,,,2,
20260426_023405,2026-04-26T02:34:30,jetson,,,stage,element2,process_total,203,,,1,
20260426_023405,2026-04-26T02:34:30,jetson,,,stage,element2,process_total,177,,,1,
20260426_023405,2026-04-26T02:34:30,jetson,,,stage,element0,process_total,216,,,2,
20260426_023405,2026-04-26T02:34:30,jetson,,,stage,element0,process_total,188,,,2,
20260426_023405,2026-04-26T02:34:30,jetson,,,stage,detail1,process_total,410,,,5,
20260426_023405,2026-04-26T02:34:30,jetson,/mnt/windows_share/20260425220419/E1/05693_-14254250_1777127063876.jpg,100,stage,detect,save_json,18,0,0,,
20260426_023405,2026-04-26T02:34:30,jetson,/mnt/windows_share/20260425220419/E1/05693_-14254250_1777127063876.jpg,100,stage,detect,detect_process_total,553,,,,
20260426_023405,2026-04-26T02:34:30,jetson,/mnt/windows_share/20260425220419/E1/05693_-14254250_1777127063876.jpg,100,stage,shell,file_total,553,0,0,,
20260426_023405,2026-04-26T02:34:30,jetson,,,stage,detail1,process_total,290,,,4,
20260426_023405,2026-04-26T02:34:30,jetson,,,stage,detail0,process_total,293,,,4,
20260426_023405,2026-04-26T02:34:30,jetson,,,stage,detail1,process_total,350,,,5,
20260426_023405,2026-04-26T02:34:30,jetson,,,stage,detail0,process_total,356,,,5,
20260426_023405,2026-04-26T02:34:30,jetson,,,stage,detail1,process_total,271,,,5,
20260426_023405,2026-04-26T02:34:30,jetson,,,stage,detail0,process_total,276,,,5,
20260426_023405,2026-04-26T02:34:30,jetson,/mnt/windows_share/20260425220419/E1/05695_-14249000_1777127064122.jpg,100,stage,detect,save_json,19,0,0,,
20260426_023405,2026-04-26T02:34:30,jetson,/mnt/windows_share/20260425220419/E1/05695_-14249000_1777127064122.jpg,100,stage,detect,detect_process_total,501,,,,
20260426_023405,2026-04-26T02:34:30,jetson,/mnt/windows_share/20260425220419/E1/05695_-14249000_1777127064122.jpg,100,stage,shell,file_total,501,0,0,,
20260426_023405,2026-04-26T02:34:30,jetson,/mnt/windows_share/20260425220419/E1/05697_-14243250_1777127064377.jpg,100,stage,detect,read_image,74,,,,
20260426_023405,2026-04-26T02:34:30,jetson,/mnt/windows_share/20260425220419/E1/05694_-14251750_1777127063995.jpg,100,stage,detect,save_json,26,0,0,,
20260426_023405,2026-04-26T02:34:30,jetson,/mnt/windows_share/20260425220419/E1/05694_-14251750_1777127063995.jpg,100,stage,detect,detect_process_total,551,,,,
20260426_023405,2026-04-26T02:34:30,jetson,/mnt/windows_share/20260425220419/E1/05694_-14251750_1777127063995.jpg,100,stage,shell,file_total,551,0,0,,
20260426_023405,2026-04-26T02:34:30,jetson,/mnt/windows_share/20260425220419/E1/05696_-14246000_1777127064248.jpg,100,stage,detect,save_json,23,0,0,,
20260426_023405,2026-04-26T02:34:30,jetson,/mnt/windows_share/20260425220419/E1/05696_-14246000_1777127064248.jpg,100,stage,detect,detect_process_total,522,,,,
20260426_023405,2026-04-26T02:34:30,jetson,/mnt/windows_share/20260425220419/E1/05696_-14246000_1777127064248.jpg,100,stage,shell,file_total,522,0,0,,
20260426_023405,2026-04-26T02:34:30,jetson,,,stage,area1,process_total,21,,,1,
20260426_023405,2026-04-26T02:34:30,jetson,,,stage,area0,process_total,29,,,1,
20260426_023405,2026-04-26T02:34:30,jetson,/mnt/windows_share/20260425220419/E1/05698_-14240500_1777127064500.jpg,100,stage,detect,read_image,87,,,,
20260426_023405,2026-04-26T02:34:30,jetson,,,stage,element1,process_total,94,,,1,
20260426_023405,2026-04-26T02:34:30,jetson,/mnt/windows_share/20260425220419/E1/05699_-14237750_1777127064623.jpg,100,stage,detect,read_image,117,,,,
20260426_023405,2026-04-26T02:34:30,jetson,/mnt/windows_share/20260425220419/E1/05700_-14235250_1777127064747.jpg,100,stage,detect,read_image,115,,,,
20260426_023405,2026-04-26T02:34:30,jetson,,,stage,element0,process_total,117,,,2,
20260426_023405,2026-04-26T02:34:30,jetson,,,stage,area1,process_total,69,,,1,
20260426_023405,2026-04-26T02:34:30,jetson,,,stage,area0,process_total,70,,,1,
20260426_023405,2026-04-26T02:34:30,jetson,,,stage,element2,process_total,148,,,1,
20260426_023405,2026-04-26T02:34:31,jetson,,,stage,area1,process_total,101,,,1,
20260426_023405,2026-04-26T02:34:31,jetson,,,stage,area1,process_total,104,,,1,
20260426_023405,2026-04-26T02:34:31,jetson,,,stage,element1,process_total,100,,,1,
20260426_023405,2026-04-26T02:34:31,jetson,,,stage,area0,process_total,125,,,1,
20260426_023405,2026-04-26T02:34:31,jetson,,,stage,area0,process_total,132,,,1,
20260426_023405,2026-04-26T02:34:31,jetson,,,stage,element0,process_total,218,,,2,
20260426_023405,2026-04-26T02:34:31,jetson,,,stage,detail0,process_total,355,,,4,
20260426_023405,2026-04-26T02:34:31,jetson,,,stage,element2,process_total,234,,,1,
20260426_023405,2026-04-26T02:34:31,jetson,,,stage,element1,process_total,151,,,1,
20260426_023405,2026-04-26T02:34:31,jetson,,,stage,element1,process_total,151,,,1,
20260426_023405,2026-04-26T02:34:31,jetson,,,stage,detail1,process_total,414,,,5,
20260426_023405,2026-04-26T02:34:31,jetson,,,stage,element2,process_total,193,,,1,
20260426_023405,2026-04-26T02:34:31,jetson,,,stage,element2,process_total,197,,,1,
20260426_023405,2026-04-26T02:34:31,jetson,/mnt/windows_share/20260425220419/E1/05697_-14243250_1777127064377.jpg,100,stage,detect,save_json,18,0,0,,
20260426_023405,2026-04-26T02:34:31,jetson,/mnt/windows_share/20260425220419/E1/05697_-14243250_1777127064377.jpg,100,stage,detect,detect_process_total,537,,,,
20260426_023405,2026-04-26T02:34:31,jetson,/mnt/windows_share/20260425220419/E1/05697_-14243250_1777127064377.jpg,100,stage,shell,file_total,537,0,0,,
20260426_023405,2026-04-26T02:34:31,jetson,,,stage,element0,process_total,211,,,2,
20260426_023405,2026-04-26T02:34:31,jetson,,,stage,element0,process_total,210,,,2,
20260426_023405,2026-04-26T02:34:31,jetson,,,stage,detail0,process_total,354,,,4,
20260426_023405,2026-04-26T02:34:31,jetson,,,stage,detail1,process_total,373,,,5,
20260426_023405,2026-04-26T02:34:31,jetson,,,stage,detail1,process_total,274,,,4,
20260426_023405,2026-04-26T02:34:31,jetson,,,stage,detail0,process_total,277,,,4,
20260426_023405,2026-04-26T02:34:31,jetson,,,stage,detail1,process_total,277,,,5,
20260426_023405,2026-04-26T02:34:31,jetson,/mnt/windows_share/20260425220419/E1/05698_-14240500_1777127064500.jpg,100,stage,detect,save_json,17,0,0,,
20260426_023405,2026-04-26T02:34:31,jetson,/mnt/windows_share/20260425220419/E1/05698_-14240500_1777127064500.jpg,100,stage,detect,detect_process_total,551,,,,
20260426_023405,2026-04-26T02:34:31,jetson,/mnt/windows_share/20260425220419/E1/05698_-14240500_1777127064500.jpg,100,stage,shell,file_total,551,0,0,,
20260426_023405,2026-04-26T02:34:31,jetson,,,stage,detail0,process_total,284,,,5,
20260426_023405,2026-04-26T02:34:31,jetson,/mnt/windows_share/20260425220419/E1/05701_-14232250_1777127064871.jpg,100,stage,detect,read_image,88,,,,
20260426_023405,2026-04-26T02:34:31,jetson,/mnt/windows_share/20260425220419/E1/05700_-14235250_1777127064747.jpg,100,stage,detect,save_json,22,0,0,,
20260426_023405,2026-04-26T02:34:31,jetson,/mnt/windows_share/20260425220419/E1/05700_-14235250_1777127064747.jpg,100,stage,detect,detect_process_total,543,,,,
20260426_023405,2026-04-26T02:34:31,jetson,/mnt/windows_share/20260425220419/E1/05700_-14235250_1777127064747.jpg,100,stage,shell,file_total,543,0,0,,
20260426_023405,2026-04-26T02:34:31,jetson,/mnt/windows_share/20260425220419/E1/05699_-14237750_1777127064623.jpg,100,stage,detect,save_json,22,0,0,,
20260426_023405,2026-04-26T02:34:31,jetson,/mnt/windows_share/20260425220419/E1/05699_-14237750_1777127064623.jpg,100,stage,detect,detect_process_total,561,,,,
20260426_023405,2026-04-26T02:34:31,jetson,/mnt/windows_share/20260425220419/E1/05699_-14237750_1777127064623.jpg,100,stage,shell,file_total,561,0,0,,
20260426_023405,2026-04-26T02:34:31,jetson,,,stage,area0,process_total,21,,,1,
20260426_023405,2026-04-26T02:34:31,jetson,,,stage,area1,process_total,29,,,1,
20260426_023405,2026-04-26T02:34:31,jetson,,,stage,element1,process_total,36,,,1,
20260426_023405,2026-04-26T02:34:31,jetson,/mnt/windows_share/20260425220419/E1/05702_-14229500_1777127065000.jpg,100,stage,detect,read_image,91,,,,
20260426_023405,2026-04-26T02:34:31,jetson,,,stage,element0,process_total,63,,,2,
20260426_023405,2026-04-26T02:34:31,jetson,/mnt/windows_share/20260425220419/E1/05703_-14226750_1777127065124.jpg,100,stage,detect,read_image,108,,,,
20260426_023405,2026-04-26T02:34:31,jetson,/mnt/windows_share/20260425220419/E1/05704_-14224000_1777127065250.jpg,100,stage,detect,read_image,116,,,,
20260426_023405,2026-04-26T02:34:31,jetson,,,stage,element2,process_total,115,,,1,
20260426_023405,2026-04-26T02:34:31,jetson,,,stage,area1,process_total,64,,,1,
20260426_023405,2026-04-26T02:34:31,jetson,,,stage,area0,process_total,75,,,1,
20260426_023405,2026-04-26T02:34:31,jetson,,,stage,detail1,process_total,171,,,5,
20260426_023405,2026-04-26T02:34:31,jetson,,,stage,area0,process_total,83,,,1,
20260426_023405,2026-04-26T02:34:31,jetson,,,stage,area1,process_total,94,,,1,
20260426_023405,2026-04-26T02:34:31,jetson,,,stage,area1,process_total,101,,,1,
20260426_023405,2026-04-26T02:34:31,jetson,,,stage,area0,process_total,116,,,1,
20260426_023405,2026-04-26T02:34:31,jetson,,,stage,detail0,process_total,241,,,5,
20260426_023405,2026-04-26T02:34:31,jetson,/mnt/windows_share/20260425220419/E1/05701_-14232250_1777127064871.jpg,100,stage,detect,save_json,16,0,0,,
20260426_023405,2026-04-26T02:34:31,jetson,/mnt/windows_share/20260425220419/E1/05701_-14232250_1777127064871.jpg,100,stage,detect,detect_process_total,378,,,,
20260426_023405,2026-04-26T02:34:31,jetson,/mnt/windows_share/20260425220419/E1/05701_-14232250_1777127064871.jpg,100,stage,shell,file_total,378,0,0,,
20260426_023405,2026-04-26T02:34:31,jetson,,,stage,element1,process_total,140,,,1,
20260426_023405,2026-04-26T02:34:31,jetson,,,stage,element2,process_total,186,,,1,
20260426_023405,2026-04-26T02:34:31,jetson,,,stage,element1,process_total,142,,,1,
20260426_023405,2026-04-26T02:34:31,jetson,,,stage,element0,process_total,196,,,2,
20260426_023405,2026-04-26T02:34:31,jetson,,,stage,element1,process_total,112,,,1,
20260426_023405,2026-04-26T02:34:31,jetson,/mnt/windows_share/20260425220419/E1/05705_-14221250_1777127065374.jpg,100,stage,detect,read_image,87,,,,
20260426_023405,2026-04-26T02:34:31,jetson,,,stage,element2,process_total,196,,,1,
20260426_023405,2026-04-26T02:34:31,jetson,,,stage,element0,process_total,199,,,2,
20260426_023405,2026-04-26T02:34:31,jetson,,,stage,element2,process_total,181,,,1,
20260426_023405,2026-04-26T02:34:31,jetson,,,stage,element0,process_total,185,,,2,
20260426_023405,2026-04-26T02:34:31,jetson,,,stage,area1,process_total,102,,,1,
20260426_023405,2026-04-26T02:34:31,jetson,,,stage,area0,process_total,102,,,1,
20260426_023405,2026-04-26T02:34:31,jetson,,,stage,element1,process_total,111,,,1,
20260426_023405,2026-04-26T02:34:31,jetson,,,stage,detail0,process_total,389,,,4,
20260426_023405,2026-04-26T02:34:31,jetson,,,stage,detail1,process_total,441,,,5,
20260426_023405,2026-04-26T02:34:31,jetson,,,stage,detail0,process_total,451,,,5,
20260426_023405,2026-04-26T02:34:31,jetson,,,stage,element2,process_total,139,,,1,
20260426_023405,2026-04-26T02:34:31,jetson,,,stage,detail1,process_total,412,,,5,
20260426_023405,2026-04-26T02:34:31,jetson,,,stage,element0,process_total,146,,,2,
20260426_023405,2026-04-26T02:34:31,jetson,/mnt/windows_share/20260425220419/E1/05702_-14229500_1777127065000.jpg,100,stage,detect,save_json,14,0,0,,
20260426_023405,2026-04-26T02:34:31,jetson,/mnt/windows_share/20260425220419/E1/05702_-14229500_1777127065000.jpg,100,stage,detect,detect_process_total,635,,,,
20260426_023405,2026-04-26T02:34:31,jetson,/mnt/windows_share/20260425220419/E1/05702_-14229500_1777127065000.jpg,100,stage,shell,file_total,635,0,0,,
20260426_023405,2026-04-26T02:34:31,jetson,,,stage,detail1,process_total,381,,,5,
20260426_023405,2026-04-26T02:34:31,jetson,,,stage,detail0,process_total,382,,,5,
20260426_023405,2026-04-26T02:34:31,jetson,/mnt/windows_share/20260425220419/E1/05703_-14226750_1777127065124.jpg,100,stage,detect,save_json,23,0,0,,
20260426_023405,2026-04-26T02:34:31,jetson,/mnt/windows_share/20260425220419/E1/05703_-14226750_1777127065124.jpg,100,stage,detect,detect_process_total,641,,,,
20260426_023405,2026-04-26T02:34:31,jetson,/mnt/windows_share/20260425220419/E1/05703_-14226750_1777127065124.jpg,100,stage,shell,file_total,641,0,0,,
20260426_023405,2026-04-26T02:34:31,jetson,,,stage,detail0,process_total,172,,,4,
20260426_023405,2026-04-26T02:34:32,jetson,,,stage,detail1,process_total,183,,,4,
20260426_023405,2026-04-26T02:34:32,jetson,/mnt/windows_share/20260425220419/E1/05704_-14224000_1777127065250.jpg,100,stage,detect,save_json,26,0,0,,
20260426_023405,2026-04-26T02:34:32,jetson,/mnt/windows_share/20260425220419/E1/05704_-14224000_1777127065250.jpg,100,stage,detect,detect_process_total,643,,,,
20260426_023405,2026-04-26T02:34:32,jetson,/mnt/windows_share/20260425220419/E1/05704_-14224000_1777127065250.jpg,100,stage,shell,file_total,643,0,0,,
20260426_023405,2026-04-26T02:34:32,jetson,/mnt/windows_share/20260425220419/E1/05705_-14221250_1777127065374.jpg,100,stage,detect,save_json,32,0,0,,
20260426_023405,2026-04-26T02:34:32,jetson,/mnt/windows_share/20260425220419/E1/05705_-14221250_1777127065374.jpg,100,stage,detect,detect_process_total,409,,,,
20260426_023405,2026-04-26T02:34:32,jetson,/mnt/windows_share/20260425220419/E1/05705_-14221250_1777127065374.jpg,100,stage,shell,file_total,409,0,0,,
20260426_023405,2026-04-26T02:34:32,jetson,/mnt/windows_share/20260425220419/E1/05706_-14218500_1777127065498.jpg,100,stage,detect,read_image,84,,,,
20260426_023405,2026-04-26T02:34:32,jetson,/mnt/windows_share/20260425220419/E1/05707_-14215750_1777127065624.jpg,100,stage,detect,read_image,84,,,,
20260426_023405,2026-04-26T02:34:32,jetson,,,stage,area0,process_total,25,,,1,
20260426_023405,2026-04-26T02:34:32,jetson,,,stage,area1,process_total,33,,,1,
20260426_023405,2026-04-26T02:34:32,jetson,/mnt/windows_share/20260425220419/E1/05708_-14213000_1777127065755.jpg,100,stage,detect,read_image,108,,,,
20260426_023405,2026-04-26T02:34:32,jetson,/mnt/windows_share/20260425220419/E1/05709_-14210000_1777127065885.jpg,100,stage,detect,read_image,92,,,,
20260426_023405,2026-04-26T02:34:32,jetson,,,stage,area0,process_total,71,,,1,
20260426_023405,2026-04-26T02:34:32,jetson,,,stage,element1,process_total,55,,,1,
20260426_023405,2026-04-26T02:34:32,jetson,,,stage,area1,process_total,91,,,1,
20260426_023405,2026-04-26T02:34:32,jetson,,,stage,area0,process_total,133,,,1,
20260426_023405,2026-04-26T02:34:32,jetson,,,stage,area0,process_total,120,,,1,
20260426_023405,2026-04-26T02:34:32,jetson,,,stage,area1,process_total,120,,,1,
20260426_023405,2026-04-26T02:34:32,jetson,,,stage,area1,process_total,131,,,1,
20260426_023405,2026-04-26T02:34:32,jetson,,,stage,element1,process_total,129,,,1,
20260426_023405,2026-04-26T02:34:32,jetson,,,stage,element2,process_total,242,,,1,
20260426_023405,2026-04-26T02:34:32,jetson,,,stage,element2,process_total,244,,,1,
20260426_023405,2026-04-26T02:34:32,jetson,,,stage,element1,process_total,148,,,1,
20260426_023405,2026-04-26T02:34:32,jetson,,,stage,element1,process_total,158,,,1,
20260426_023405,2026-04-26T02:34:32,jetson,,,stage,element0,process_total,271,,,2,
20260426_023405,2026-04-26T02:34:32,jetson,,,stage,element2,process_total,225,,,1,
20260426_023405,2026-04-26T02:34:32,jetson,,,stage,element2,process_total,226,,,1,
20260426_023405,2026-04-26T02:34:32,jetson,,,stage,element0,process_total,242,,,2,
20260426_023405,2026-04-26T02:34:32,jetson,,,stage,element0,process_total,244,,,2,
20260426_023405,2026-04-26T02:34:32,jetson,,,stage,detail0,process_total,446,,,5,
20260426_023405,2026-04-26T02:34:32,jetson,,,stage,detail1,process_total,463,,,5,
20260426_023405,2026-04-26T02:34:32,jetson,/mnt/windows_share/20260425220419/E1/05706_-14218500_1777127065498.jpg,100,stage,detect,save_json,18,0,0,,
20260426_023405,2026-04-26T02:34:32,jetson,/mnt/windows_share/20260425220419/E1/05706_-14218500_1777127065498.jpg,100,stage,detect,detect_process_total,603,,,,
20260426_023405,2026-04-26T02:34:32,jetson,/mnt/windows_share/20260425220419/E1/05706_-14218500_1777127065498.jpg,100,stage,shell,file_total,603,0,0,,
20260426_023405,2026-04-26T02:34:32,jetson,,,stage,detail1,process_total,342,,,4,
20260426_023405,2026-04-26T02:34:32,jetson,,,stage,detail1,process_total,429,,,5,
20260426_023405,2026-04-26T02:34:32,jetson,,,stage,detail0,process_total,349,,,4,
20260426_023405,2026-04-26T02:34:32,jetson,,,stage,detail0,process_total,441,,,5,
20260426_023405,2026-04-26T02:34:32,jetson,,,stage,detail1,process_total,356,,,5,
20260426_023405,2026-04-26T02:34:32,jetson,,,stage,detail0,process_total,359,,,5,
20260426_023405,2026-04-26T02:34:32,jetson,/mnt/windows_share/20260425220419/E1/05709_-14210000_1777127065885.jpg,100,stage,detect,save_json,21,0,0,,
20260426_023405,2026-04-26T02:34:32,jetson,/mnt/windows_share/20260425220419/E1/05709_-14210000_1777127065885.jpg,100,stage,detect,detect_process_total,586,,,,
20260426_023405,2026-04-26T02:34:32,jetson,/mnt/windows_share/20260425220419/E1/05709_-14210000_1777127065885.jpg,100,stage,shell,file_total,586,0,0,,
20260426_023405,2026-04-26T02:34:32,jetson,/mnt/windows_share/20260425220419/E1/05707_-14215750_1777127065624.jpg,100,stage,detect,save_json,24,0,0,,
20260426_023405,2026-04-26T02:34:32,jetson,/mnt/windows_share/20260425220419/E1/05707_-14215750_1777127065624.jpg,100,stage,detect,detect_process_total,643,,,,
20260426_023405,2026-04-26T02:34:32,jetson,/mnt/windows_share/20260425220419/E1/05707_-14215750_1777127065624.jpg,100,stage,shell,file_total,643,0,0,,
20260426_023405,2026-04-26T02:34:32,jetson,/mnt/windows_share/20260425220419/E1/05708_-14213000_1777127065755.jpg,100,stage,detect,save_json,18,0,0,,
20260426_023405,2026-04-26T02:34:32,jetson,/mnt/windows_share/20260425220419/E1/05708_-14213000_1777127065755.jpg,100,stage,detect,detect_process_total,634,,,,
20260426_023405,2026-04-26T02:34:32,jetson,/mnt/windows_share/20260425220419/E1/05708_-14213000_1777127065755.jpg,100,stage,shell,file_total,634,0,0,,
20260426_023405,2026-04-26T02:34:32,jetson,/mnt/windows_share/20260425220419/E1/05710_-14207250_1777127066009.jpg,100,stage,detect,read_image,84,,,,
20260426_023405,2026-04-26T02:34:32,jetson,,,stage,area0,process_total,24,,,1,
20260426_023405,2026-04-26T02:34:32,jetson,,,stage,area1,process_total,33,,,1,
20260426_023405,2026-04-26T02:34:32,jetson,/mnt/windows_share/20260425220419/E1/05711_-14204250_1777127066137.jpg,100,stage,detect,read_image,90,,,,
20260426_023405,2026-04-26T02:34:32,jetson,/mnt/windows_share/20260425220419/E1/05713_-14199250_1777127066376.jpg,100,stage,detect,read_image,113,,,,
20260426_023405,2026-04-26T02:34:32,jetson,/mnt/windows_share/20260425220419/E1/05712_-14201750_1777127066256.jpg,100,stage,detect,read_image,123,,,,
20260426_023405,2026-04-26T02:34:32,jetson,,,stage,element1,process_total,81,,,1,
20260426_023405,2026-04-26T02:34:32,jetson,,,stage,element0,process_total,122,,,2,
20260426_023405,2026-04-26T02:34:32,jetson,,,stage,area0,process_total,104,,,1,
20260426_023405,2026-04-26T02:34:32,jetson,,,stage,area1,process_total,100,,,1,
20260426_023405,2026-04-26T02:34:32,jetson,,,stage,element2,process_total,158,,,1,
20260426_023405,2026-04-26T02:34:32,jetson,,,stage,area0,process_total,108,,,1,
20260426_023405,2026-04-26T02:34:32,jetson,,,stage,area1,process_total,110,,,1,
20260426_023405,2026-04-26T02:34:32,jetson,,,stage,area1,process_total,112,,,1,
20260426_023405,2026-04-26T02:34:32,jetson,,,stage,area0,process_total,116,,,1,
20260426_023405,2026-04-26T02:34:33,jetson,,,stage,element1,process_total,182,,,1,
20260426_023405,2026-04-26T02:34:33,jetson,,,stage,element1,process_total,196,,,1,
20260426_023405,2026-04-26T02:34:33,jetson,,,stage,element1,process_total,181,,,1,
20260426_023405,2026-04-26T02:34:33,jetson,,,stage,detail0,process_total,404,,,5,
20260426_023405,2026-04-26T02:34:33,jetson,,,stage,element0,process_total,284,,,2,
20260426_023405,2026-04-26T02:34:33,jetson,,,stage,element2,process_total,286,,,1,
20260426_023405,2026-04-26T02:34:33,jetson,,,stage,element2,process_total,251,,,1,
20260426_023405,2026-04-26T02:34:33,jetson,,,stage,element2,process_total,232,,,1,
20260426_023405,2026-04-26T02:34:33,jetson,,,stage,detail1,process_total,439,,,5,
20260426_023405,2026-04-26T02:34:33,jetson,,,stage,element0,process_total,266,,,2,
20260426_023405,2026-04-26T02:34:33,jetson,,,stage,element0,process_total,252,,,2,
20260426_023405,2026-04-26T02:34:33,jetson,/mnt/windows_share/20260425220419/E1/05710_-14207250_1777127066009.jpg,100,stage,detect,save_json,15,0,0,,
20260426_023405,2026-04-26T02:34:33,jetson,/mnt/windows_share/20260425220419/E1/05710_-14207250_1777127066009.jpg,100,stage,detect,detect_process_total,575,,,,
20260426_023405,2026-04-26T02:34:33,jetson,/mnt/windows_share/20260425220419/E1/05710_-14207250_1777127066009.jpg,100,stage,shell,file_total,575,0,0,,
20260426_023405,2026-04-26T02:34:33,jetson,,,stage,detail1,process_total,348,,,4,
20260426_023405,2026-04-26T02:34:33,jetson,,,stage,detail0,process_total,362,,,4,
20260426_023405,2026-04-26T02:34:33,jetson,,,stage,detail1,process_total,417,,,5,
20260426_023405,2026-04-26T02:34:33,jetson,,,stage,detail0,process_total,421,,,5,
20260426_023405,2026-04-26T02:34:33,jetson,,,stage,detail1,process_total,361,,,5,
20260426_023405,2026-04-26T02:34:33,jetson,/mnt/windows_share/20260425220419/E1/05712_-14201750_1777127066256.jpg,100,stage,detect,save_json,14,0,0,,
20260426_023405,2026-04-26T02:34:33,jetson,/mnt/windows_share/20260425220419/E1/05712_-14201750_1777127066256.jpg,100,stage,detect,detect_process_total,613,,,,
20260426_023405,2026-04-26T02:34:33,jetson,/mnt/windows_share/20260425220419/E1/05712_-14201750_1777127066256.jpg,100,stage,shell,file_total,613,0,0,,
20260426_023405,2026-04-26T02:34:33,jetson,/mnt/windows_share/20260425220419/E1/05714_-14196500_1777127066499.jpg,100,stage,detect,read_image,99,,,,
20260426_023405,2026-04-26T02:34:33,jetson,,,stage,detail0,process_total,368,,,5,
20260426_023405,2026-04-26T02:34:33,jetson,/mnt/windows_share/20260425220419/E1/05711_-14204250_1777127066137.jpg,100,stage,detect,save_json,18,0,0,,
20260426_023405,2026-04-26T02:34:33,jetson,/mnt/windows_share/20260425220419/E1/05711_-14204250_1777127066137.jpg,100,stage,detect,detect_process_total,639,,,,
20260426_023405,2026-04-26T02:34:33,jetson,/mnt/windows_share/20260425220419/E1/05711_-14204250_1777127066137.jpg,100,stage,shell,file_total,639,0,0,,
20260426_023405,2026-04-26T02:34:33,jetson,/mnt/windows_share/20260425220419/E1/05713_-14199250_1777127066376.jpg,100,stage,detect,save_json,16,0,0,,
20260426_023405,2026-04-26T02:34:33,jetson,/mnt/windows_share/20260425220419/E1/05713_-14199250_1777127066376.jpg,100,stage,detect,detect_process_total,628,,,,
20260426_023405,2026-04-26T02:34:33,jetson,/mnt/windows_share/20260425220419/E1/05713_-14199250_1777127066376.jpg,100,stage,shell,file_total,628,0,0,,
20260426_023405,2026-04-26T02:34:33,jetson,,,stage,area1,process_total,26,,,1,
20260426_023405,2026-04-26T02:34:33,jetson,,,stage,area0,process_total,33,,,1,
20260426_023405,2026-04-26T02:34:33,jetson,,,stage,element1,process_total,44,,,1,
20260426_023405,2026-04-26T02:34:33,jetson,/mnt/windows_share/20260425220419/E1/05715_-14193750_1777127066618.jpg,100,stage,detect,read_image,84,,,,
20260426_023405,2026-04-26T02:34:33,jetson,,,stage,element0,process_total,85,,,2,
20260426_023405,2026-04-26T02:34:33,jetson,/mnt/windows_share/20260425220419/E1/05717_-14188500_1777127066871.jpg,100,stage,detect,read_image,115,,,,
20260426_023405,2026-04-26T02:34:33,jetson,/mnt/windows_share/20260425220419/E1/05716_-14191250_1777127066746.jpg,100,stage,detect,read_image,122,,,,
20260426_023405,2026-04-26T02:34:33,jetson,,,stage,area0,process_total,55,,,1,
20260426_023405,2026-04-26T02:34:33,jetson,,,stage,element2,process_total,106,,,1,
20260426_023405,2026-04-26T02:34:33,jetson,,,stage,area1,process_total,58,,,1,
20260426_023405,2026-04-26T02:34:33,jetson,,,stage,detail1,process_total,196,,,5,
20260426_023405,2026-04-26T02:34:33,jetson,,,stage,area1,process_total,98,,,1,
20260426_023405,2026-04-26T02:34:33,jetson,,,stage,area0,process_total,113,,,1,
20260426_023405,2026-04-26T02:34:33,jetson,,,stage,element1,process_total,103,,,1,
20260426_023405,2026-04-26T02:34:33,jetson,,,stage,area1,process_total,109,,,1,
20260426_023405,2026-04-26T02:34:33,jetson,,,stage,area0,process_total,110,,,1,
20260426_023405,2026-04-26T02:34:33,jetson,,,stage,element2,process_total,172,,,1,
20260426_023405,2026-04-26T02:34:33,jetson,,,stage,element1,process_total,120,,,1,
20260426_023405,2026-04-26T02:34:33,jetson,,,stage,element1,process_total,121,,,1,
20260426_023405,2026-04-26T02:34:33,jetson,,,stage,detail0,process_total,365,,,5,
20260426_023405,2026-04-26T02:34:33,jetson,,,stage,element2,process_total,159,,,1,
20260426_023405,2026-04-26T02:34:33,jetson,/mnt/windows_share/20260425220419/E1/05714_-14196500_1777127066499.jpg,100,stage,detect,save_json,19,0,0,,
20260426_023405,2026-04-26T02:34:33,jetson,/mnt/windows_share/20260425220419/E1/05714_-14196500_1777127066499.jpg,100,stage,detect,detect_process_total,519,,,,
20260426_023405,2026-04-26T02:34:33,jetson,/mnt/windows_share/20260425220419/E1/05714_-14196500_1777127066499.jpg,100,stage,shell,file_total,519,0,0,,
20260426_023405,2026-04-26T02:34:33,jetson,,,stage,element2,process_total,144,,,1,
20260426_023405,2026-04-26T02:34:33,jetson,,,stage,detail1,process_total,305,,,4,
20260426_023405,2026-04-26T02:34:33,jetson,,,stage,detail0,process_total,309,,,4,
20260426_023405,2026-04-26T02:34:33,jetson,/mnt/windows_share/20260425220419/E1/05715_-14193750_1777127066618.jpg,100,stage,detect,save_json,16,0,0,,
20260426_023405,2026-04-26T02:34:33,jetson,/mnt/windows_share/20260425220419/E1/05715_-14193750_1777127066618.jpg,100,stage,detect,detect_process_total,471,,,,
20260426_023405,2026-04-26T02:34:33,jetson,/mnt/windows_share/20260425220419/E1/05715_-14193750_1777127066618.jpg,100,stage,shell,file_total,471,0,0,,
20260426_023405,2026-04-26T02:34:33,jetson,,,stage,detail1,process_total,249,,,5,
20260426_023405,2026-04-26T02:34:33,jetson,/mnt/windows_share/20260425220419/E1/05718_-14185500_1777127067004.jpg,100,stage,detect,read_image,80,,,,
20260426_023405,2026-04-26T02:34:33,jetson,,,stage,detail1,process_total,244,,,5,
20260426_023405,2026-04-26T02:34:33,jetson,,,stage,detail0,process_total,263,,,5,
20260426_023405,2026-04-26T02:34:33,jetson,,,stage,detail0,process_total,246,,,5,
20260426_023405,2026-04-26T02:34:33,jetson,,,stage,area0,process_total,22,,,1,
20260426_023405,2026-04-26T02:34:33,jetson,,,stage,area1,process_total,29,,,1,
20260426_023405,2026-04-26T02:34:33,jetson,/mnt/windows_share/20260425220419/E1/05717_-14188500_1777127066871.jpg,100,stage,detect,save_json,21,0,0,,
20260426_023405,2026-04-26T02:34:33,jetson,/mnt/windows_share/20260425220419/E1/05717_-14188500_1777127066871.jpg,100,stage,detect,detect_process_total,515,,,,
20260426_023405,2026-04-26T02:34:33,jetson,/mnt/windows_share/20260425220419/E1/05717_-14188500_1777127066871.jpg,100,stage,shell,file_total,515,0,0,,
20260426_023405,2026-04-26T02:34:33,jetson,/mnt/windows_share/20260425220419/E1/05716_-14191250_1777127066746.jpg,100,stage,detect,save_json,30,0,0,,
20260426_023405,2026-04-26T02:34:33,jetson,/mnt/windows_share/20260425220419/E1/05716_-14191250_1777127066746.jpg,100,stage,detect,detect_process_total,529,,,,
20260426_023405,2026-04-26T02:34:33,jetson,/mnt/windows_share/20260425220419/E1/05716_-14191250_1777127066746.jpg,100,stage,shell,file_total,529,0,0,,
20260426_023405,2026-04-26T02:34:33,jetson,/mnt/windows_share/20260425220419/E1/05719_-14182750_1777127067132.jpg,100,stage,detect,read_image,78,,,,
20260426_023405,2026-04-26T02:34:33,jetson,,,stage,element1,process_total,80,,,1,
20260426_023405,2026-04-26T02:34:33,jetson,,,stage,area0,process_total,70,,,1,
20260426_023405,2026-04-26T02:34:33,jetson,,,stage,area1,process_total,78,,,1,
20260426_023405,2026-04-26T02:34:33,jetson,/mnt/windows_share/20260425220419/E1/05720_-14179750_1777127067258.jpg,100,stage,detect,read_image,96,,,,
20260426_023405,2026-04-26T02:34:33,jetson,/mnt/windows_share/20260425220419/E1/05721_-14177000_1777127067385.jpg,100,stage,detect,read_image,98,,,,
20260426_023405,2026-04-26T02:34:33,jetson,,,stage,element2,process_total,117,,,1,
20260426_023405,2026-04-26T02:34:33,jetson,,,stage,element1,process_total,114,,,1,
20260426_023405,2026-04-26T02:34:33,jetson,,,stage,area0,process_total,113,,,1,
20260426_023405,2026-04-26T02:34:33,jetson,,,stage,area1,process_total,117,,,1,
20260426_023405,2026-04-26T02:34:33,jetson,,,stage,area1,process_total,106,,,1,
20260426_023405,2026-04-26T02:34:33,jetson,,,stage,area0,process_total,107,,,1,
20260426_023405,2026-04-26T02:34:34,jetson,,,stage,element2,process_total,164,,,1,
20260426_023405,2026-04-26T02:34:34,jetson,,,stage,detail0,process_total,328,,,5,
20260426_023405,2026-04-26T02:34:34,jetson,,,stage,element1,process_total,138,,,1,
20260426_023405,2026-04-26T02:34:34,jetson,,,stage,element1,process_total,150,,,1,
20260426_023405,2026-04-26T02:34:34,jetson,,,stage,detail1,process_total,393,,,5,
20260426_023405,2026-04-26T02:34:34,jetson,,,stage,element2,process_total,181,,,1,
20260426_023405,2026-04-26T02:34:34,jetson,/mnt/windows_share/20260425220419/E1/05718_-14185500_1777127067004.jpg,100,stage,detect,save_json,15,0,0,,
20260426_023405,2026-04-26T02:34:34,jetson,/mnt/windows_share/20260425220419/E1/05718_-14185500_1777127067004.jpg,100,stage,detect,detect_process_total,520,,,,
20260426_023405,2026-04-26T02:34:34,jetson,/mnt/windows_share/20260425220419/E1/05718_-14185500_1777127067004.jpg,100,stage,shell,file_total,520,0,0,,
20260426_023405,2026-04-26T02:34:34,jetson,,,stage,element2,process_total,190,,,1,
20260426_023405,2026-04-26T02:34:34,jetson,,,stage,detail0,process_total,333,,,4,
20260426_023405,2026-04-26T02:34:34,jetson,,,stage,detail1,process_total,365,,,5,
20260426_023405,2026-04-26T02:34:34,jetson,/mnt/windows_share/20260425220419/E1/05719_-14182750_1777127067132.jpg,100,stage,detect,save_json,15,0,0,,
20260426_023405,2026-04-26T02:34:34,jetson,/mnt/windows_share/20260425220419/E1/05719_-14182750_1777127067132.jpg,100,stage,detect,detect_process_total,541,,,,
20260426_023405,2026-04-26T02:34:34,jetson,/mnt/windows_share/20260425220419/E1/05719_-14182750_1777127067132.jpg,100,stage,shell,file_total,541,0,0,,
20260426_023405,2026-04-26T02:34:34,jetson,,,stage,detail1,process_total,269,,,5,
20260426_023405,2026-04-26T02:34:34,jetson,,,stage,detail1,process_total,272,,,5,
20260426_023405,2026-04-26T02:34:34,jetson,,,stage,detail0,process_total,274,,,5,
20260426_023405,2026-04-26T02:34:34,jetson,,,stage,detail0,process_total,272,,,5,
20260426_023405,2026-04-26T02:34:34,jetson,/mnt/windows_share/20260425220419/E1/05722_-14174250_1777127067513.jpg,100,stage,detect,read_image,99,,,,
20260426_023405,2026-04-26T02:34:34,jetson,/mnt/windows_share/20260425220419/E1/05720_-14179750_1777127067258.jpg,100,stage,detect,save_json,30,0,0,,
20260426_023405,2026-04-26T02:34:34,jetson,/mnt/windows_share/20260425220419/E1/05720_-14179750_1777127067258.jpg,100,stage,detect,detect_process_total,521,,,,
20260426_023405,2026-04-26T02:34:34,jetson,/mnt/windows_share/20260425220419/E1/05720_-14179750_1777127067258.jpg,100,stage,shell,file_total,521,0,0,,
20260426_023405,2026-04-26T02:34:34,jetson,,,stage,area0,process_total,21,,,1,
20260426_023405,2026-04-26T02:34:34,jetson,/mnt/windows_share/20260425220419/E1/05721_-14177000_1777127067385.jpg,100,stage,detect,save_json,36,0,0,,
20260426_023405,2026-04-26T02:34:34,jetson,/mnt/windows_share/20260425220419/E1/05721_-14177000_1777127067385.jpg,100,stage,detect,detect_process_total,517,,,,
20260426_023405,2026-04-26T02:34:34,jetson,/mnt/windows_share/20260425220419/E1/05721_-14177000_1777127067385.jpg,100,stage,shell,file_total,517,0,0,,
20260426_023405,2026-04-26T02:34:34,jetson,,,stage,area1,process_total,30,,,1,
20260426_023405,2026-04-26T02:34:34,jetson,/mnt/windows_share/20260425220419/E1/05723_-14171500_1777127067644.jpg,100,stage,detect,read_image,89,,,,
20260426_023405,2026-04-26T02:34:34,jetson,,,stage,element1,process_total,39,,,1,
20260426_023405,2026-04-26T02:34:34,jetson,/mnt/windows_share/20260425220419/E1/05725_-14166000_1777127067894.jpg,100,stage,detect,read_image,95,,,,
20260426_023405,2026-04-26T02:34:34,jetson,/mnt/windows_share/20260425220419/E1/05724_-14168500_1777127067770.jpg,100,stage,detect,read_image,115,,,,
20260426_023405,2026-04-26T02:34:34,jetson,,,stage,area1,process_total,73,,,1,
20260426_023405,2026-04-26T02:34:34,jetson,,,stage,area0,process_total,76,,,1,
20260426_023405,2026-04-26T02:34:34,jetson,,,stage,element2,process_total,117,,,1,
20260426_023405,2026-04-26T02:34:34,jetson,,,stage,area1,process_total,114,,,1,
20260426_023405,2026-04-26T02:34:34,jetson,,,stage,detail0,process_total,202,,,4,
20260426_023405,2026-04-26T02:34:34,jetson,,,stage,area0,process_total,115,,,1,
20260426_023405,2026-04-26T02:34:34,jetson,,,stage,area1,process_total,103,,,1,
20260426_023405,2026-04-26T02:34:34,jetson,,,stage,element1,process_total,110,,,1,
20260426_023405,2026-04-26T02:34:34,jetson,,,stage,area0,process_total,132,,,1,
20260426_023405,2026-04-26T02:34:34,jetson,,,stage,detail1,process_total,236,,,4,
20260426_023405,2026-04-26T02:34:34,jetson,/mnt/windows_share/20260425220419/E1/05722_-14174250_1777127067513.jpg,100,stage,detect,save_json,17,0,0,,
20260426_023405,2026-04-26T02:34:34,jetson,/mnt/windows_share/20260425220419/E1/05722_-14174250_1777127067513.jpg,100,stage,detect,detect_process_total,386,,,,
20260426_023405,2026-04-26T02:34:34,jetson,/mnt/windows_share/20260425220419/E1/05722_-14174250_1777127067513.jpg,100,stage,shell,file_total,386,0,0,,
20260426_023405,2026-04-26T02:34:34,jetson,,,stage,element2,process_total,158,,,1,
20260426_023405,2026-04-26T02:34:34,jetson,,,stage,element1,process_total,119,,,1,
20260426_023405,2026-04-26T02:34:34,jetson,/mnt/windows_share/20260425220419/E1/05726_-14163250_1777127068020.jpg,100,stage,detect,read_image,78,,,,
20260426_023405,2026-04-26T02:34:34,jetson,,,stage,element1,process_total,144,,,1,
20260426_023405,2026-04-26T02:34:34,jetson,,,stage,element2,process_total,219,,,1,
20260426_023405,2026-04-26T02:34:34,jetson,,,stage,element2,process_total,206,,,1,
20260426_023405,2026-04-26T02:34:34,jetson,,,stage,element0,process_total,208,,,2,
20260426_023405,2026-04-26T02:34:34,jetson,,,stage,area0,process_total,112,,,1,
20260426_023405,2026-04-26T02:34:34,jetson,,,stage,area1,process_total,113,,,1,
20260426_023405,2026-04-26T02:34:34,jetson,,,stage,detail1,process_total,423,,,5,
20260426_023405,2026-04-26T02:34:34,jetson,,,stage,element1,process_total,108,,,1,
20260426_023405,2026-04-26T02:34:34,jetson,,,stage,element2,process_total,149,,,1,
20260426_023405,2026-04-26T02:34:34,jetson,,,stage,detail0,process_total,484,,,5,
20260426_023405,2026-04-26T02:34:34,jetson,,,stage,detail1,process_total,368,,,4,
20260426_023405,2026-04-26T02:34:34,jetson,,,stage,detail0,process_total,373,,,4,
20260426_023405,2026-04-26T02:34:34,jetson,,,stage,detail1,process_total,410,,,5,
20260426_023405,2026-04-26T02:34:34,jetson,,,stage,detail0,process_total,413,,,5,
20260426_023405,2026-04-26T02:34:34,jetson,/mnt/windows_share/20260425220419/E1/05723_-14171500_1777127067644.jpg,100,stage,detect,save_json,21,0,0,,
20260426_023405,2026-04-26T02:34:34,jetson,/mnt/windows_share/20260425220419/E1/05723_-14171500_1777127067644.jpg,100,stage,detect,detect_process_total,683,,,,
20260426_023405,2026-04-26T02:34:34,jetson,/mnt/windows_share/20260425220419/E1/05723_-14171500_1777127067644.jpg,100,stage,shell,file_total,683,0,0,,
20260426_023405,2026-04-26T02:34:34,jetson,/mnt/windows_share/20260425220419/E1/05724_-14168500_1777127067770.jpg,100,stage,detect,save_json,25,0,0,,
20260426_023405,2026-04-26T02:34:34,jetson,/mnt/windows_share/20260425220419/E1/05724_-14168500_1777127067770.jpg,100,stage,detect,detect_process_total,648,,,,
20260426_023405,2026-04-26T02:34:34,jetson,/mnt/windows_share/20260425220419/E1/05724_-14168500_1777127067770.jpg,100,stage,shell,file_total,648,0,0,,
20260426_023405,2026-04-26T02:34:34,jetson,,,stage,detail1,process_total,188,,,4,
20260426_023405,2026-04-26T02:34:34,jetson,,,stage,detail0,process_total,190,,,4,
20260426_023405,2026-04-26T02:34:34,jetson,/mnt/windows_share/20260425220419/E1/05725_-14166000_1777127067894.jpg,100,stage,detect,save_json,22,0,0,,
20260426_023405,2026-04-26T02:34:34,jetson,/mnt/windows_share/20260425220419/E1/05725_-14166000_1777127067894.jpg,100,stage,detect,detect_process_total,649,,,,
20260426_023405,2026-04-26T02:34:34,jetson,/mnt/windows_share/20260425220419/E1/05725_-14166000_1777127067894.jpg,100,stage,shell,file_total,649,0,0,,
20260426_023405,2026-04-26T02:34:34,jetson,/mnt/windows_share/20260425220419/E1/05726_-14163250_1777127068020.jpg,100,stage,detect,save_json,30,0,0,,
20260426_023405,2026-04-26T02:34:34,jetson,/mnt/windows_share/20260425220419/E1/05726_-14163250_1777127068020.jpg,100,stage,detect,detect_process_total,416,,,,
20260426_023405,2026-04-26T02:34:34,jetson,/mnt/windows_share/20260425220419/E1/05726_-14163250_1777127068020.jpg,100,stage,shell,file_total,417,0,0,,
20260426_023405,2026-04-26T02:34:35,jetson,/mnt/windows_share/20260425220419/E1/05727_-14160250_1777127068148.jpg,100,stage,detect,read_image,77,,,,
20260426_023405,2026-04-26T02:34:35,jetson,,,stage,area0,process_total,22,,,1,
20260426_023405,2026-04-26T02:34:35,jetson,,,stage,area1,process_total,33,,,1,
20260426_023405,2026-04-26T02:34:35,jetson,/mnt/windows_share/20260425220419/E1/05729_-14154500_1777127068407.jpg,100,stage,detect,read_image,95,,,,
20260426_023405,2026-04-26T02:34:35,jetson,/mnt/windows_share/20260425220419/E1/05728_-14157500_1777127068273.jpg,100,stage,detect,read_image,114,,,,
20260426_023405,2026-04-26T02:34:35,jetson,/mnt/windows_share/20260425220419/E1/05730_-14152000_1777127068531.jpg,100,stage,detect,read_image,111,,,,
20260426_023405,2026-04-26T02:34:35,jetson,,,stage,area1,process_total,111,,,1,
20260426_023405,2026-04-26T02:34:35,jetson,,,stage,element1,process_total,157,,,1,
20260426_023405,2026-04-26T02:34:35,jetson,,,stage,area0,process_total,156,,,1,
20260426_023405,2026-04-26T02:34:35,jetson,,,stage,area0,process_total,144,,,1,
20260426_023405,2026-04-26T02:34:35,jetson,,,stage,area0,process_total,112,,,1,
20260426_023405,2026-04-26T02:34:35,jetson,,,stage,area1,process_total,140,,,1,
20260426_023405,2026-04-26T02:34:35,jetson,,,stage,area1,process_total,117,,,1,
20260426_023405,2026-04-26T02:34:35,jetson,,,stage,element2,process_total,270,,,1,
20260426_023405,2026-04-26T02:34:35,jetson,,,stage,element1,process_total,163,,,1,
20260426_023405,2026-04-26T02:34:35,jetson,,,stage,element1,process_total,155,,,1,
20260426_023405,2026-04-26T02:34:35,jetson,,,stage,detail0,process_total,327,,,4,
20260426_023405,2026-04-26T02:34:35,jetson,,,stage,element1,process_total,159,,,1,
20260426_023405,2026-04-26T02:34:35,jetson,,,stage,element2,process_total,209,,,1,
20260426_023405,2026-04-26T02:34:35,jetson,,,stage,element2,process_total,214,,,1,
20260426_023405,2026-04-26T02:34:35,jetson,,,stage,element2,process_total,211,,,1,
20260426_023405,2026-04-26T02:34:35,jetson,,,stage,detail1,process_total,441,,,5,
20260426_023405,2026-04-26T02:34:35,jetson,/mnt/windows_share/20260425220419/E1/05727_-14160250_1777127068148.jpg,100,stage,detect,save_json,15,0,0,,
20260426_023405,2026-04-26T02:34:35,jetson,/mnt/windows_share/20260425220419/E1/05727_-14160250_1777127068148.jpg,100,stage,detect,detect_process_total,570,,,,
20260426_023405,2026-04-26T02:34:35,jetson,/mnt/windows_share/20260425220419/E1/05727_-14160250_1777127068148.jpg,100,stage,shell,file_total,570,0,0,,
20260426_023405,2026-04-26T02:34:35,jetson,,,stage,detail1,process_total,314,,,4,
20260426_023405,2026-04-26T02:34:35,jetson,,,stage,detail0,process_total,331,,,4,
20260426_023405,2026-04-26T02:34:35,jetson,,,stage,detail0,process_total,340,,,4,
20260426_023405,2026-04-26T02:34:35,jetson,,,stage,detail0,process_total,326,,,4,
20260426_023405,2026-04-26T02:34:35,jetson,,,stage,detail1,process_total,346,,,5,
20260426_023405,2026-04-26T02:34:35,jetson,,,stage,detail1,process_total,336,,,5,
20260426_023405,2026-04-26T02:34:35,jetson,/mnt/windows_share/20260425220419/E1/05730_-14152000_1777127068531.jpg,100,stage,detect,save_json,16,0,0,,
20260426_023405,2026-04-26T02:34:35,jetson,/mnt/windows_share/20260425220419/E1/05730_-14152000_1777127068531.jpg,100,stage,detect,detect_process_total,581,,,,
20260426_023405,2026-04-26T02:34:35,jetson,/mnt/windows_share/20260425220419/E1/05730_-14152000_1777127068531.jpg,100,stage,shell,file_total,582,0,0,,
20260426_023405,2026-04-26T02:34:35,jetson,/mnt/windows_share/20260425220419/E1/05729_-14154500_1777127068407.jpg,100,stage,detect,save_json,17,0,0,,
20260426_023405,2026-04-26T02:34:35,jetson,/mnt/windows_share/20260425220419/E1/05729_-14154500_1777127068407.jpg,100,stage,detect,detect_process_total,618,,,,
20260426_023405,2026-04-26T02:34:35,jetson,/mnt/windows_share/20260425220419/E1/05729_-14154500_1777127068407.jpg,100,stage,shell,file_total,618,0,0,,
20260426_023405,2026-04-26T02:34:35,jetson,/mnt/windows_share/20260425220419/E1/05728_-14157500_1777127068273.jpg,100,stage,detect,save_json,19,0,0,,
20260426_023405,2026-04-26T02:34:35,jetson,/mnt/windows_share/20260425220419/E1/05728_-14157500_1777127068273.jpg,100,stage,detect,detect_process_total,627,,,,
20260426_023405,2026-04-26T02:34:35,jetson,/mnt/windows_share/20260425220419/E1/05728_-14157500_1777127068273.jpg,100,stage,shell,file_total,627,0,0,,
20260426_023405,2026-04-26T02:34:35,jetson,/mnt/windows_share/20260425220419/E1/05731_-14149250_1777127068655.jpg,100,stage,detect,read_image,121,,,,
20260426_023405,2026-04-26T02:34:35,jetson,,,stage,area0,process_total,26,,,1,
20260426_023405,2026-04-26T02:34:35,jetson,,,stage,area1,process_total,34,,,1,
20260426_023405,2026-04-26T02:34:35,jetson,/mnt/windows_share/20260425220419/E1/05733_-14143750_1777127068910.jpg,100,stage,detect,read_image,102,,,,
20260426_023405,2026-04-26T02:34:35,jetson,/mnt/windows_share/20260425220419/E1/05732_-14146500_1777127068785.jpg,100,stage,detect,read_image,108,,,,
20260426_023405,2026-04-26T02:34:35,jetson,/mnt/windows_share/20260425220419/E1/05734_-14141000_1777127069035.jpg,100,stage,detect,read_image,123,,,,
20260426_023405,2026-04-26T02:34:35,jetson,,,stage,element1,process_total,51,,,1,
20260426_023405,2026-04-26T02:34:35,jetson,,,stage,element0,process_total,131,,,2,
20260426_023405,2026-04-26T02:34:35,jetson,,,stage,area0,process_total,104,,,1,
20260426_023405,2026-04-26T02:34:35,jetson,,,stage,area0,process_total,122,,,1,
20260426_023405,2026-04-26T02:34:35,jetson,,,stage,area1,process_total,110,,,1,
20260426_023405,2026-04-26T02:34:35,jetson,,,stage,area1,process_total,146,,,1,
20260426_023405,2026-04-26T02:34:35,jetson,,,stage,area0,process_total,150,,,1,
20260426_023405,2026-04-26T02:34:35,jetson,,,stage,element2,process_total,200,,,1,
20260426_023405,2026-04-26T02:34:35,jetson,,,stage,area1,process_total,187,,,1,
20260426_023405,2026-04-26T02:34:36,jetson,,,stage,detail1,process_total,354,,,4,
20260426_023405,2026-04-26T02:34:36,jetson,,,stage,element1,process_total,208,,,1,
20260426_023405,2026-04-26T02:34:36,jetson,,,stage,element1,process_total,189,,,1,
20260426_023405,2026-04-26T02:34:36,jetson,,,stage,detail0,process_total,375,,,4,
20260426_023405,2026-04-26T02:34:36,jetson,,,stage,element1,process_total,159,,,1,
20260426_023405,2026-04-26T02:34:36,jetson,/mnt/windows_share/20260425220419/E1/05731_-14149250_1777127068655.jpg,100,stage,detect,save_json,17,0,0,,
20260426_023405,2026-04-26T02:34:36,jetson,/mnt/windows_share/20260425220419/E1/05731_-14149250_1777127068655.jpg,100,stage,detect,detect_process_total,551,,,,
20260426_023405,2026-04-26T02:34:36,jetson,/mnt/windows_share/20260425220419/E1/05731_-14149250_1777127068655.jpg,100,stage,shell,file_total,551,0,0,,
20260426_023405,2026-04-26T02:34:36,jetson,,,stage,element2,process_total,272,,,1,
20260426_023405,2026-04-26T02:34:36,jetson,,,stage,element2,process_total,264,,,1,
20260426_023405,2026-04-26T02:34:36,jetson,,,stage,element2,process_total,210,,,1,
20260426_023405,2026-04-26T02:34:36,jetson,,,stage,element0,process_total,286,,,2,
20260426_023405,2026-04-26T02:34:36,jetson,,,stage,element0,process_total,293,,,2,
20260426_023405,2026-04-26T02:34:36,jetson,,,stage,element0,process_total,225,,,2,
20260426_023405,2026-04-26T02:34:36,jetson,/mnt/windows_share/20260425220419/E1/05735_-14138000_1777127069165.jpg,100,stage,detect,read_image,77,,,,
20260426_023405,2026-04-26T02:34:36,jetson,,,stage,area1,process_total,83,,,1,
20260426_023405,2026-04-26T02:34:36,jetson,,,stage,area0,process_total,88,,,1,
20260426_023405,2026-04-26T02:34:36,jetson,,,stage,detail1,process_total,396,,,4,
20260426_023405,2026-04-26T02:34:36,jetson,,,stage,detail0,process_total,419,,,4,
20260426_023405,2026-04-26T02:34:36,jetson,/mnt/windows_share/20260425220419/E1/05733_-14143750_1777127068910.jpg,100,stage,detect,save_json,16,0,0,,
20260426_023405,2026-04-26T02:34:36,jetson,/mnt/windows_share/20260425220419/E1/05733_-14143750_1777127068910.jpg,100,stage,detect,detect_process_total,757,,,,
20260426_023405,2026-04-26T02:34:36,jetson,/mnt/windows_share/20260425220419/E1/05733_-14143750_1777127068910.jpg,100,stage,shell,file_total,757,0,0,,
20260426_023405,2026-04-26T02:34:36,jetson,,,stage,element1,process_total,110,,,1,
20260426_023405,2026-04-26T02:34:36,jetson,,,stage,detail1,process_total,516,,,5,
20260426_023405,2026-04-26T02:34:36,jetson,,,stage,detail1,process_total,533,,,5,
20260426_023405,2026-04-26T02:34:36,jetson,,,stage,detail0,process_total,543,,,5,
20260426_023405,2026-04-26T02:34:36,jetson,,,stage,element2,process_total,142,,,1,
20260426_023405,2026-04-26T02:34:36,jetson,,,stage,detail0,process_total,540,,,5,
20260426_023405,2026-04-26T02:34:36,jetson,,,stage,element0,process_total,147,,,2,
20260426_023405,2026-04-26T02:34:36,jetson,/mnt/windows_share/20260425220419/E1/05734_-14141000_1777127069035.jpg,100,stage,detect,save_json,15,0,0,,
20260426_023405,2026-04-26T02:34:36,jetson,/mnt/windows_share/20260425220419/E1/05734_-14141000_1777127069035.jpg,100,stage,detect,detect_process_total,807,,,,
20260426_023405,2026-04-26T02:34:36,jetson,/mnt/windows_share/20260425220419/E1/05734_-14141000_1777127069035.jpg,100,stage,shell,file_total,807,0,0,,
20260426_023405,2026-04-26T02:34:36,jetson,/mnt/windows_share/20260425220419/E1/05732_-14146500_1777127068785.jpg,100,stage,detect,save_json,23,0,0,,
20260426_023405,2026-04-26T02:34:36,jetson,/mnt/windows_share/20260425220419/E1/05732_-14146500_1777127068785.jpg,100,stage,detect,detect_process_total,825,,,,
20260426_023405,2026-04-26T02:34:36,jetson,/mnt/windows_share/20260425220419/E1/05732_-14146500_1777127068785.jpg,100,stage,shell,file_total,825,0,0,,
20260426_023405,2026-04-26T02:34:36,jetson,,,stage,detail1,process_total,176,,,4,
20260426_023405,2026-04-26T02:34:36,jetson,,,stage,detail0,process_total,178,,,4,
20260426_023405,2026-04-26T02:34:36,jetson,/mnt/windows_share/20260425220419/E1/05736_-14135500_1777127069287.jpg,100,stage,detect,read_image,74,,,,
20260426_023405,2026-04-26T02:34:36,jetson,,,stage,area0,process_total,24,,,1,
20260426_023405,2026-04-26T02:34:36,jetson,/mnt/windows_share/20260425220419/E1/05735_-14138000_1777127069165.jpg,100,stage,detect,save_json,36,0,0,,
20260426_023405,2026-04-26T02:34:36,jetson,/mnt/windows_share/20260425220419/E1/05735_-14138000_1777127069165.jpg,100,stage,detect,detect_process_total,383,,,,
20260426_023405,2026-04-26T02:34:36,jetson,/mnt/windows_share/20260425220419/E1/05735_-14138000_1777127069165.jpg,100,stage,shell,file_total,383,0,0,,
20260426_023405,2026-04-26T02:34:36,jetson,,,stage,area1,process_total,24,,,1,
20260426_023405,2026-04-26T02:34:36,jetson,/mnt/windows_share/20260425220419/E1/05737_-14132750_1777127069417.jpg,100,stage,detect,read_image,100,,,,
20260426_023405,2026-04-26T02:34:36,jetson,/mnt/windows_share/20260425220419/E1/05738_-14129750_1777127069546.jpg,100,stage,detect,read_image,105,,,,
20260426_023405,2026-04-26T02:34:36,jetson,/mnt/windows_share/20260425220419/E1/05739_-14126750_1777127069679.jpg,100,stage,detect,read_image,109,,,,
20260426_023405,2026-04-26T02:34:36,jetson,,,stage,element0,process_total,113,,,2,
20260426_023405,2026-04-26T02:34:36,jetson,,,stage,element1,process_total,116,,,1,
20260426_023405,2026-04-26T02:34:36,jetson,,,stage,area0,process_total,114,,,1,
20260426_023405,2026-04-26T02:34:36,jetson,,,stage,area1,process_total,106,,,1,
20260426_023405,2026-04-26T02:34:36,jetson,,,stage,area0,process_total,103,,,1,
20260426_023405,2026-04-26T02:34:36,jetson,,,stage,area1,process_total,121,,,1,
20260426_023405,2026-04-26T02:34:36,jetson,,,stage,element2,process_total,228,,,1,
20260426_023405,2026-04-26T02:34:36,jetson,,,stage,area0,process_total,146,,,1,
20260426_023405,2026-04-26T02:34:36,jetson,,,stage,area1,process_total,147,,,1,
20260426_023405,2026-04-26T02:34:36,jetson,,,stage,element1,process_total,194,,,1,
20260426_023405,2026-04-26T02:34:36,jetson,,,stage,element1,process_total,179,,,1,
20260426_023405,2026-04-26T02:34:36,jetson,,,stage,detail0,process_total,424,,,4,
20260426_023405,2026-04-26T02:34:36,jetson,,,stage,element1,process_total,179,,,1,
20260426_023405,2026-04-26T02:34:36,jetson,,,stage,element2,process_total,272,,,1,
20260426_023405,2026-04-26T02:34:36,jetson,,,stage,element2,process_total,303,,,1,
20260426_023405,2026-04-26T02:34:36,jetson,,,stage,element0,process_total,304,,,2,
20260426_023405,2026-04-26T02:34:36,jetson,,,stage,element0,process_total,305,,,2,
20260426_023405,2026-04-26T02:34:36,jetson,,,stage,element2,process_total,238,,,1,
20260426_023405,2026-04-26T02:34:36,jetson,,,stage,element0,process_total,248,,,2,
20260426_023405,2026-04-26T02:34:36,jetson,,,stage,detail1,process_total,504,,,5,
20260426_023405,2026-04-26T02:34:36,jetson,/mnt/windows_share/20260425220419/E1/05736_-14135500_1777127069287.jpg,100,stage,detect,save_json,19,0,0,,
20260426_023405,2026-04-26T02:34:36,jetson,/mnt/windows_share/20260425220419/E1/05736_-14135500_1777127069287.jpg,100,stage,detect,detect_process_total,644,,,,
20260426_023405,2026-04-26T02:34:36,jetson,/mnt/windows_share/20260425220419/E1/05736_-14135500_1777127069287.jpg,100,stage,shell,file_total,644,0,0,,
20260426_023405,2026-04-26T02:34:37,jetson,,,stage,detail0,process_total,413,,,4,
20260426_023405,2026-04-26T02:34:37,jetson,,,stage,detail0,process_total,394,,,4,
20260426_023405,2026-04-26T02:34:37,jetson,,,stage,detail1,process_total,432,,,5,
20260426_023405,2026-04-26T02:34:37,jetson,,,stage,detail1,process_total,409,,,5,
20260426_023405,2026-04-26T02:34:37,jetson,,,stage,detail1,process_total,339,,,5,
20260426_023405,2026-04-26T02:34:37,jetson,,,stage,detail0,process_total,341,,,5,
20260426_023405,2026-04-26T02:34:37,jetson,/mnt/windows_share/20260425220419/E1/05737_-14132750_1777127069417.jpg,100,stage,detect,save_json,17,0,0,,
20260426_023405,2026-04-26T02:34:37,jetson,/mnt/windows_share/20260425220419/E1/05738_-14129750_1777127069546.jpg,100,stage,detect,save_json,18,0,0,,
20260426_023405,2026-04-26T02:34:37,jetson,/mnt/windows_share/20260425220419/E1/05737_-14132750_1777127069417.jpg,100,stage,detect,detect_process_total,669,,,,
20260426_023405,2026-04-26T02:34:37,jetson,/mnt/windows_share/20260425220419/E1/05737_-14132750_1777127069417.jpg,100,stage,shell,file_total,669,0,0,,
20260426_023405,2026-04-26T02:34:37,jetson,/mnt/windows_share/20260425220419/E1/05738_-14129750_1777127069546.jpg,100,stage,detect,detect_process_total,657,,,,
20260426_023405,2026-04-26T02:34:37,jetson,/mnt/windows_share/20260425220419/E1/05738_-14129750_1777127069546.jpg,100,stage,shell,file_total,657,0,0,,
20260426_023405,2026-04-26T02:34:37,jetson,/mnt/windows_share/20260425220419/E1/05739_-14126750_1777127069679.jpg,100,stage,detect,save_json,19,0,0,,
20260426_023405,2026-04-26T02:34:37,jetson,/mnt/windows_share/20260425220419/E1/05739_-14126750_1777127069679.jpg,100,stage,detect,detect_process_total,619,,,,
20260426_023405,2026-04-26T02:34:37,jetson,/mnt/windows_share/20260425220419/E1/05739_-14126750_1777127069679.jpg,100,stage,shell,file_total,619,0,0,,
20260426_023405,2026-04-26T02:34:37,jetson,/mnt/windows_share/20260425220419/E1/05740_-14125500_1777127069805.jpg,100,stage,detect,read_image,85,,,,
20260426_023405,2026-04-26T02:34:37,jetson,,,stage,area1,process_total,25,,,1,
20260426_023405,2026-04-26T02:34:37,jetson,,,stage,area0,process_total,35,,,1,
20260426_023405,2026-04-26T02:34:37,jetson,/mnt/windows_share/20260425220419/E1/05741_-14121500_1777127069927.jpg,100,stage,detect,read_image,91,,,,
20260426_023405,2026-04-26T02:34:37,jetson,/mnt/windows_share/20260425220419/E1/05743_-14115750_1777127070187.jpg,100,stage,detect,read_image,100,,,,
20260426_023405,2026-04-26T02:34:37,jetson,/mnt/windows_share/20260425220419/E1/05742_-14118500_1777127070060.jpg,100,stage,detect,read_image,108,,,,
20260426_023405,2026-04-26T02:34:37,jetson,,,stage,element1,process_total,135,,,1,
20260426_023405,2026-04-26T02:34:37,jetson,,,stage,area1,process_total,130,,,1,
20260426_023405,2026-04-26T02:34:37,jetson,,,stage,area1,process_total,144,,,1,
20260426_023405,2026-04-26T02:34:37,jetson,,,stage,area0,process_total,132,,,1,
20260426_023405,2026-04-26T02:34:37,jetson,,,stage,element2,process_total,195,,,1,
20260426_023405,2026-04-26T02:34:37,jetson,,,stage,area1,process_total,109,,,1,
20260426_023405,2026-04-26T02:34:37,jetson,,,stage,area0,process_total,142,,,1,
20260426_023405,2026-04-26T02:34:37,jetson,,,stage,area0,process_total,204,,,1,
20260426_023405,2026-04-26T02:34:37,jetson,,,stage,element0,process_total,272,,,2,
20260426_023405,2026-04-26T02:34:37,jetson,,,stage,element1,process_total,212,,,1,
20260426_023405,2026-04-26T02:34:37,jetson,,,stage,element1,process_total,209,,,1,
20260426_023405,2026-04-26T02:34:37,jetson,,,stage,element1,process_total,187,,,1,
20260426_023405,2026-04-26T02:34:37,jetson,,,stage,element2,process_total,262,,,1,
20260426_023405,2026-04-26T02:34:37,jetson,,,stage,element2,process_total,278,,,1,
20260426_023405,2026-04-26T02:34:37,jetson,,,stage,element2,process_total,231,,,1,
20260426_023405,2026-04-26T02:34:37,jetson,,,stage,element0,process_total,302,,,2,
20260426_023405,2026-04-26T02:34:37,jetson,,,stage,element0,process_total,308,,,2,
20260426_023405,2026-04-26T02:34:37,jetson,,,stage,detail1,process_total,506,,,5,
20260426_023405,2026-04-26T02:34:37,jetson,,,stage,detail0,process_total,256,,,2,
20260426_023405,2026-04-26T02:34:37,jetson,,,stage,detail0,process_total,560,,,5,
20260426_023405,2026-04-26T02:34:37,jetson,/mnt/windows_share/20260425220419/E1/05740_-14125500_1777127069805.jpg,100,stage,detect,save_json,15,0,0,,
20260426_023405,2026-04-26T02:34:37,jetson,/mnt/windows_share/20260425220419/E1/05740_-14125500_1777127069805.jpg,100,stage,detect,detect_process_total,700,,,,
20260426_023405,2026-04-26T02:34:37,jetson,/mnt/windows_share/20260425220419/E1/05740_-14125500_1777127069805.jpg,100,stage,shell,file_total,700,0,0,,
20260426_023405,2026-04-26T02:34:37,jetson,,,stage,detail1,process_total,313,,,4,
20260426_023405,2026-04-26T02:34:37,jetson,,,stage,detail1,process_total,400,,,5,
20260426_023405,2026-04-26T02:34:37,jetson,,,stage,detail1,process_total,405,,,5,
20260426_023405,2026-04-26T02:34:37,jetson,,,stage,detail0,process_total,406,,,5,
20260426_023405,2026-04-26T02:34:37,jetson,,,stage,detail0,process_total,403,,,5,
20260426_023405,2026-04-26T02:34:37,jetson,/mnt/windows_share/20260425220419/E1/05742_-14118500_1777127070060.jpg,100,stage,detect,save_json,32,0,0,,
20260426_023405,2026-04-26T02:34:37,jetson,/mnt/windows_share/20260425220419/E1/05742_-14118500_1777127070060.jpg,100,stage,detect,detect_process_total,661,,,,
20260426_023405,2026-04-26T02:34:37,jetson,/mnt/windows_share/20260425220419/E1/05742_-14118500_1777127070060.jpg,100,stage,shell,file_total,661,0,0,,
20260426_023405,2026-04-26T02:34:37,jetson,/mnt/windows_share/20260425220419/E1/05743_-14115750_1777127070187.jpg,100,stage,detect,save_json,23,0,0,,
20260426_023405,2026-04-26T02:34:37,jetson,/mnt/windows_share/20260425220419/E1/05743_-14115750_1777127070187.jpg,100,stage,detect,detect_process_total,664,,,,
20260426_023405,2026-04-26T02:34:37,jetson,/mnt/windows_share/20260425220419/E1/05743_-14115750_1777127070187.jpg,100,stage,shell,file_total,664,0,0,,
20260426_023405,2026-04-26T02:34:37,jetson,/mnt/windows_share/20260425220419/E1/05741_-14121500_1777127069927.jpg,100,stage,detect,save_json,33,0,0,,
20260426_023405,2026-04-26T02:34:37,jetson,/mnt/windows_share/20260425220419/E1/05741_-14121500_1777127069927.jpg,100,stage,detect,detect_process_total,684,,,,
20260426_023405,2026-04-26T02:34:37,jetson,/mnt/windows_share/20260425220419/E1/05741_-14121500_1777127069927.jpg,100,stage,shell,file_total,684,0,0,,
20260426_023405,2026-04-26T02:34:37,jetson,/mnt/windows_share/20260425220419/E1/05744_-14113000_1777127070314.jpg,100,stage,detect,read_image,81,,,,
20260426_023405,2026-04-26T02:34:37,jetson,,,stage,area1,process_total,24,,,1,
20260426_023405,2026-04-26T02:34:37,jetson,,,stage,area0,process_total,33,,,1,
20260426_023405,2026-04-26T02:34:37,jetson,/mnt/windows_share/20260425220419/E1/05746_-14107250_1777127070576.jpg,100,stage,detect,read_image,98,,,,
20260426_023405,2026-04-26T02:34:37,jetson,/mnt/windows_share/20260425220419/E1/05745_-14110250_1777127070438.jpg,100,stage,detect,read_image,110,,,,
20260426_023405,2026-04-26T02:34:37,jetson,,,stage,element1,process_total,33,,,1,
20260426_023405,2026-04-26T02:34:37,jetson,/mnt/windows_share/20260425220419/E1/05747_-14104500_1777127070701.jpg,100,stage,detect,read_image,141,,,,
20260426_023405,2026-04-26T02:34:37,jetson,,,stage,area1,process_total,109,,,1,
20260426_023405,2026-04-26T02:34:37,jetson,,,stage,area0,process_total,109,,,1,
20260426_023405,2026-04-26T02:34:37,jetson,,,stage,area0,process_total,143,,,1,
20260426_023405,2026-04-26T02:34:37,jetson,,,stage,area1,process_total,139,,,1,
20260426_023405,2026-04-26T02:34:38,jetson,,,stage,element2,process_total,205,,,1,
20260426_023405,2026-04-26T02:34:38,jetson,,,stage,element0,process_total,230,,,2,
20260426_023405,2026-04-26T02:34:38,jetson,,,stage,area1,process_total,158,,,1,
20260426_023405,2026-04-26T02:34:38,jetson,,,stage,area0,process_total,158,,,1,
20260426_023405,2026-04-26T02:34:38,jetson,,,stage,element1,process_total,161,,,1,
20260426_023405,2026-04-26T02:34:38,jetson,,,stage,detail0,process_total,169,,,1,
20260426_023405,2026-04-26T02:34:38,jetson,,,stage,element1,process_total,157,,,1,
20260426_023405,2026-04-26T02:34:38,jetson,,,stage,detail1,process_total,356,,,4,
20260426_023405,2026-04-26T02:34:38,jetson,,,stage,element1,process_total,125,,,1,
20260426_023405,2026-04-26T02:34:38,jetson,,,stage,element2,process_total,232,,,1,
20260426_023405,2026-04-26T02:34:38,jetson,,,stage,detail0,process_total,378,,,4,
20260426_023405,2026-04-26T02:34:38,jetson,,,stage,element2,process_total,209,,,1,
20260426_023405,2026-04-26T02:34:38,jetson,,,stage,element0,process_total,252,,,2,
20260426_023405,2026-04-26T02:34:38,jetson,/mnt/windows_share/20260425220419/E1/05744_-14113000_1777127070314.jpg,100,stage,detect,save_json,18,0,0,,
20260426_023405,2026-04-26T02:34:38,jetson,/mnt/windows_share/20260425220419/E1/05744_-14113000_1777127070314.jpg,100,stage,detect,detect_process_total,516,,,,
20260426_023405,2026-04-26T02:34:38,jetson,/mnt/windows_share/20260425220419/E1/05744_-14113000_1777127070314.jpg,100,stage,shell,file_total,516,0,0,,
20260426_023405,2026-04-26T02:34:38,jetson,,,stage,element0,process_total,226,,,2,
20260426_023405,2026-04-26T02:34:38,jetson,,,stage,element2,process_total,167,,,1,
20260426_023405,2026-04-26T02:34:38,jetson,,,stage,element0,process_total,174,,,2,
20260426_023405,2026-04-26T02:34:38,jetson,,,stage,detail1,process_total,311,,,4,
20260426_023405,2026-04-26T02:34:38,jetson,/mnt/windows_share/20260425220419/E1/05746_-14107250_1777127070576.jpg,100,stage,detect,save_json,15,0,0,,
20260426_023405,2026-04-26T02:34:38,jetson,/mnt/windows_share/20260425220419/E1/05746_-14107250_1777127070576.jpg,100,stage,detect,detect_process_total,537,,,,
20260426_023405,2026-04-26T02:34:38,jetson,/mnt/windows_share/20260425220419/E1/05746_-14107250_1777127070576.jpg,100,stage,shell,file_total,537,0,0,,
20260426_023405,2026-04-26T02:34:38,jetson,,,stage,detail1,process_total,306,,,5,
20260426_023405,2026-04-26T02:34:38,jetson,,,stage,detail0,process_total,307,,,5,
20260426_023405,2026-04-26T02:34:38,jetson,,,stage,detail1,process_total,238,,,5,
20260426_023405,2026-04-26T02:34:38,jetson,,,stage,detail0,process_total,246,,,5,
20260426_023405,2026-04-26T02:34:38,jetson,/mnt/windows_share/20260425220419/E1/05748_-14102000_1777127070820.jpg,100,stage,detect,read_image,97,,,,
20260426_023405,2026-04-26T02:34:38,jetson,/mnt/windows_share/20260425220419/E1/05745_-14110250_1777127070438.jpg,100,stage,detect,save_json,20,0,0,,
20260426_023405,2026-04-26T02:34:38,jetson,/mnt/windows_share/20260425220419/E1/05745_-14110250_1777127070438.jpg,100,stage,detect,detect_process_total,584,,,,
20260426_023405,2026-04-26T02:34:38,jetson,/mnt/windows_share/20260425220419/E1/05745_-14110250_1777127070438.jpg,100,stage,shell,file_total,584,0,0,,
20260426_023405,2026-04-26T02:34:38,jetson,/mnt/windows_share/20260425220419/E1/05747_-14104500_1777127070701.jpg,100,stage,detect,save_json,26,0,0,,
20260426_023405,2026-04-26T02:34:38,jetson,/mnt/windows_share/20260425220419/E1/05747_-14104500_1777127070701.jpg,100,stage,detect,detect_process_total,575,,,,
20260426_023405,2026-04-26T02:34:38,jetson,/mnt/windows_share/20260425220419/E1/05747_-14104500_1777127070701.jpg,100,stage,shell,file_total,575,0,0,,
20260426_023405,2026-04-26T02:34:38,jetson,,,stage,area1,process_total,23,,,1,
20260426_023405,2026-04-26T02:34:38,jetson,,,stage,area0,process_total,30,,,1,
20260426_023405,2026-04-26T02:34:38,jetson,/mnt/windows_share/20260425220419/E1/05749_-14099250_1777127070948.jpg,100,stage,detect,read_image,86,,,,
20260426_023405,2026-04-26T02:34:38,jetson,,,stage,element1,process_total,30,,,1,
20260426_023405,2026-04-26T02:34:38,jetson,/mnt/windows_share/20260425220419/E1/05750_-14096250_1777127071078.jpg,100,stage,detect,read_image,88,,,,
20260426_023405,2026-04-26T02:34:38,jetson,,,stage,element0,process_total,97,,,2,
20260426_023405,2026-04-26T02:34:38,jetson,/mnt/windows_share/20260425220419/E1/05751_-14093500_1777127071207.jpg,100,stage,detect,read_image,111,,,,
20260426_023405,2026-04-26T02:34:38,jetson,,,stage,area1,process_total,84,,,1,
20260426_023405,2026-04-26T02:34:38,jetson,,,stage,detail1,process_total,131,,,4,
20260426_023405,2026-04-26T02:34:38,jetson,,,stage,area0,process_total,86,,,1,
20260426_023405,2026-04-26T02:34:38,jetson,,,stage,element2,process_total,136,,,1,
20260426_023405,2026-04-26T02:34:38,jetson,,,stage,area1,process_total,78,,,1,
20260426_023405,2026-04-26T02:34:38,jetson,,,stage,area0,process_total,82,,,1,
20260426_023405,2026-04-26T02:34:38,jetson,,,stage,detail0,process_total,184,,,4,
20260426_023405,2026-04-26T02:34:38,jetson,,,stage,area0,process_total,82,,,1,
20260426_023405,2026-04-26T02:34:38,jetson,,,stage,area1,process_total,82,,,1,
20260426_023405,2026-04-26T02:34:38,jetson,/mnt/windows_share/20260425220419/E1/05748_-14102000_1777127070820.jpg,100,stage,detect,save_json,16,0,0,,
20260426_023405,2026-04-26T02:34:38,jetson,/mnt/windows_share/20260425220419/E1/05748_-14102000_1777127070820.jpg,100,stage,detect,detect_process_total,329,,,,
20260426_023405,2026-04-26T02:34:38,jetson,/mnt/windows_share/20260425220419/E1/05748_-14102000_1777127070820.jpg,100,stage,shell,file_total,330,0,0,,
20260426_023405,2026-04-26T02:34:38,jetson,/mnt/windows_share/20260425220419/E1/05752_-14091000_1777127071333.jpg,100,stage,detect,read_image,86,,,,
20260426_023405,2026-04-26T02:34:38,jetson,,,stage,element1,process_total,151,,,1,
20260426_023405,2026-04-26T02:34:38,jetson,,,stage,element1,process_total,179,,,1,
20260426_023405,2026-04-26T02:34:38,jetson,,,stage,element1,process_total,158,,,1,
20260426_023405,2026-04-26T02:34:38,jetson,,,stage,element2,process_total,236,,,1,
20260426_023405,2026-04-26T02:34:38,jetson,,,stage,element0,process_total,244,,,2,
20260426_023405,2026-04-26T02:34:38,jetson,,,stage,element2,process_total,242,,,1,
20260426_023405,2026-04-26T02:34:38,jetson,,,stage,element2,process_total,210,,,1,
20260426_023405,2026-04-26T02:34:38,jetson,,,stage,element0,process_total,249,,,2,
20260426_023405,2026-04-26T02:34:38,jetson,,,stage,area1,process_total,112,,,1,
20260426_023405,2026-04-26T02:34:38,jetson,,,stage,area0,process_total,113,,,1,
20260426_023405,2026-04-26T02:34:38,jetson,,,stage,element0,process_total,250,,,2,
20260426_023405,2026-04-26T02:34:38,jetson,,,stage,element1,process_total,110,,,1,
20260426_023405,2026-04-26T02:34:38,jetson,,,stage,detail0,process_total,376,,,3,
20260426_023405,2026-04-26T02:34:38,jetson,,,stage,detail1,process_total,416,,,4,
20260426_023405,2026-04-26T02:34:38,jetson,,,stage,element2,process_total,152,,,1,
20260426_023405,2026-04-26T02:34:38,jetson,,,stage,detail0,process_total,430,,,4,
20260426_023405,2026-04-26T02:34:38,jetson,,,stage,element0,process_total,170,,,2,
20260426_023405,2026-04-26T02:34:38,jetson,/mnt/windows_share/20260425220419/E1/05749_-14099250_1777127070948.jpg,100,stage,detect,save_json,16,0,0,,
20260426_023405,2026-04-26T02:34:38,jetson,/mnt/windows_share/20260425220419/E1/05749_-14099250_1777127070948.jpg,100,stage,detect,detect_process_total,639,,,,
20260426_023405,2026-04-26T02:34:38,jetson,/mnt/windows_share/20260425220419/E1/05749_-14099250_1777127070948.jpg,100,stage,shell,file_total,639,0,0,,
20260426_023405,2026-04-26T02:34:38,jetson,,,stage,detail1,process_total,398,,,4,
20260426_023405,2026-04-26T02:34:38,jetson,,,stage,detail0,process_total,403,,,4,
20260426_023405,2026-04-26T02:34:38,jetson,,,stage,detail1,process_total,437,,,5,
20260426_023405,2026-04-26T02:34:38,jetson,,,stage,detail1,process_total,216,,,5,
20260426_023405,2026-04-26T02:34:38,jetson,/mnt/windows_share/20260425220419/E1/05751_-14093500_1777127071207.jpg,100,stage,detect,save_json,38,0,0,,
20260426_023405,2026-04-26T02:34:38,jetson,/mnt/windows_share/20260425220419/E1/05751_-14093500_1777127071207.jpg,100,stage,detect,detect_process_total,637,,,,
20260426_023405,2026-04-26T02:34:38,jetson,/mnt/windows_share/20260425220419/E1/05751_-14093500_1777127071207.jpg,100,stage,shell,file_total,637,0,0,,
20260426_023405,2026-04-26T02:34:38,jetson,,,stage,detail0,process_total,226,,,5,
20260426_023405,2026-04-26T02:34:38,jetson,/mnt/windows_share/20260425220419/E1/05750_-14096250_1777127071078.jpg,100,stage,detect,save_json,41,0,0,,
20260426_023405,2026-04-26T02:34:38,jetson,/mnt/windows_share/20260425220419/E1/05750_-14096250_1777127071078.jpg,100,stage,detect,detect_process_total,660,,,,
20260426_023405,2026-04-26T02:34:38,jetson,/mnt/windows_share/20260425220419/E1/05750_-14096250_1777127071078.jpg,100,stage,shell,file_total,660,0,0,,
20260426_023405,2026-04-26T02:34:38,jetson,/mnt/windows_share/20260425220419/E1/05752_-14091000_1777127071333.jpg,100,stage,detect,save_json,32,0,0,,
20260426_023405,2026-04-26T02:34:38,jetson,/mnt/windows_share/20260425220419/E1/05752_-14091000_1777127071333.jpg,100,stage,detect,detect_process_total,460,,,,
20260426_023405,2026-04-26T02:34:38,jetson,/mnt/windows_share/20260425220419/E1/05752_-14091000_1777127071333.jpg,100,stage,shell,file_total,460,0,0,,
20260426_023405,2026-04-26T02:34:39,jetson,/mnt/windows_share/20260425220419/E1/05753_-14088000_1777127071458.jpg,100,stage,detect,read_image,98,,,,
20260426_023405,2026-04-26T02:34:39,jetson,,,stage,area1,process_total,25,,,1,
20260426_023405,2026-04-26T02:34:39,jetson,/mnt/windows_share/20260425220419/E1/05754_-14085250_1777127071588.jpg,100,stage,detect,read_image,87,,,,
20260426_023405,2026-04-26T02:34:39,jetson,/mnt/windows_share/20260425220419/E1/05755_-14082500_1777127071718.jpg,100,stage,detect,read_image,86,,,,
20260426_023405,2026-04-26T02:34:39,jetson,,,stage,area0,process_total,50,,,1,
20260426_023405,2026-04-26T02:34:39,jetson,,,stage,area1,process_total,34,,,1,
20260426_023405,2026-04-26T02:34:39,jetson,/mnt/windows_share/20260425220419/E1/05756_-14079750_1777127071847.jpg,100,stage,detect,read_image,113,,,,
20260426_023405,2026-04-26T02:34:39,jetson,,,stage,area0,process_total,103,,,1,
20260426_023405,2026-04-26T02:34:39,jetson,,,stage,area1,process_total,156,,,1,
20260426_023405,2026-04-26T02:34:39,jetson,,,stage,area0,process_total,160,,,1,
20260426_023405,2026-04-26T02:34:39,jetson,,,stage,element1,process_total,160,,,1,
20260426_023405,2026-04-26T02:34:39,jetson,,,stage,area0,process_total,160,,,1,
20260426_023405,2026-04-26T02:34:39,jetson,,,stage,area1,process_total,161,,,1,
20260426_023405,2026-04-26T02:34:39,jetson,,,stage,element1,process_total,173,,,1,
20260426_023405,2026-04-26T02:34:39,jetson,,,stage,element2,process_total,282,,,1,
20260426_023405,2026-04-26T02:34:39,jetson,,,stage,element0,process_total,309,,,2,
20260426_023405,2026-04-26T02:34:39,jetson,,,stage,element1,process_total,158,,,1,
20260426_023405,2026-04-26T02:34:39,jetson,,,stage,element2,process_total,256,,,1,
20260426_023405,2026-04-26T02:34:39,jetson,,,stage,element1,process_total,159,,,1,
20260426_023405,2026-04-26T02:34:39,jetson,,,stage,element0,process_total,291,,,2,
20260426_023405,2026-04-26T02:34:39,jetson,,,stage,element2,process_total,238,,,1,
20260426_023405,2026-04-26T02:34:39,jetson,,,stage,element2,process_total,204,,,1,
20260426_023405,2026-04-26T02:34:39,jetson,,,stage,detail1,process_total,416,,,4,
20260426_023405,2026-04-26T02:34:39,jetson,,,stage,element0,process_total,253,,,2,
20260426_023405,2026-04-26T02:34:39,jetson,,,stage,detail0,process_total,422,,,4,
20260426_023405,2026-04-26T02:34:39,jetson,,,stage,element0,process_total,223,,,2,
20260426_023405,2026-04-26T02:34:39,jetson,/mnt/windows_share/20260425220419/E1/05753_-14088000_1777127071458.jpg,100,stage,detect,save_json,19,0,0,,
20260426_023405,2026-04-26T02:34:39,jetson,/mnt/windows_share/20260425220419/E1/05753_-14088000_1777127071458.jpg,100,stage,detect,detect_process_total,592,,,,
20260426_023405,2026-04-26T02:34:39,jetson,/mnt/windows_share/20260425220419/E1/05753_-14088000_1777127071458.jpg,100,stage,shell,file_total,592,0,0,,
20260426_023405,2026-04-26T02:34:39,jetson,,,stage,detail1,process_total,339,,,4,
20260426_023405,2026-04-26T02:34:39,jetson,,,stage,detail1,process_total,432,,,5,
20260426_023405,2026-04-26T02:34:39,jetson,/mnt/windows_share/20260425220419/E1/05757_-14077000_1777127071975.jpg,100,stage,detect,read_image,80,,,,
20260426_023405,2026-04-26T02:34:39,jetson,,,stage,detail0,process_total,438,,,5,
20260426_023405,2026-04-26T02:34:39,jetson,,,stage,detail1,process_total,335,,,5,
20260426_023405,2026-04-26T02:34:39,jetson,/mnt/windows_share/20260425220419/E1/05754_-14085250_1777127071588.jpg,100,stage,detect,save_json,15,0,0,,
20260426_023405,2026-04-26T02:34:39,jetson,/mnt/windows_share/20260425220419/E1/05754_-14085250_1777127071588.jpg,100,stage,detect,detect_process_total,647,,,,
20260426_023405,2026-04-26T02:34:39,jetson,/mnt/windows_share/20260425220419/E1/05754_-14085250_1777127071588.jpg,100,stage,shell,file_total,647,0,0,,
20260426_023405,2026-04-26T02:34:39,jetson,,,stage,detail0,process_total,385,,,5,
20260426_023405,2026-04-26T02:34:39,jetson,,,stage,detail0,process_total,344,,,5,
20260426_023405,2026-04-26T02:34:39,jetson,,,stage,area1,process_total,34,,,1,
20260426_023405,2026-04-26T02:34:39,jetson,,,stage,area0,process_total,35,,,1,
20260426_023405,2026-04-26T02:34:39,jetson,/mnt/windows_share/20260425220419/E1/05755_-14082500_1777127071718.jpg,100,stage,detect,save_json,23,0,0,,
20260426_023405,2026-04-26T02:34:39,jetson,/mnt/windows_share/20260425220419/E1/05755_-14082500_1777127071718.jpg,100,stage,detect,detect_process_total,666,,,,
20260426_023405,2026-04-26T02:34:39,jetson,/mnt/windows_share/20260425220419/E1/05755_-14082500_1777127071718.jpg,100,stage,shell,file_total,666,0,0,,
20260426_023405,2026-04-26T02:34:39,jetson,/mnt/windows_share/20260425220419/E1/05756_-14079750_1777127071847.jpg,100,stage,detect,save_json,25,0,0,,
20260426_023405,2026-04-26T02:34:39,jetson,/mnt/windows_share/20260425220419/E1/05756_-14079750_1777127071847.jpg,100,stage,detect,detect_process_total,647,,,,
20260426_023405,2026-04-26T02:34:39,jetson,/mnt/windows_share/20260425220419/E1/05756_-14079750_1777127071847.jpg,100,stage,shell,file_total,647,0,0,,
20260426_023405,2026-04-26T02:34:39,jetson,,,stage,element1,process_total,78,,,1,
20260426_023405,2026-04-26T02:34:39,jetson,,,stage,element0,process_total,76,,,2,
20260426_023405,2026-04-26T02:34:39,jetson,/mnt/windows_share/20260425220419/E1/05758_-14074000_1777127072106.jpg,100,stage,detect,read_image,104,,,,
20260426_023405,2026-04-26T02:34:39,jetson,,,stage,element2,process_total,90,,,1,
20260426_023405,2026-04-26T02:34:39,jetson,/mnt/windows_share/20260425220419/E1/05759_-14071000_1777127072239.jpg,100,stage,detect,read_image,79,,,,
20260426_023405,2026-04-26T02:34:39,jetson,,,stage,detail0,process_total,123,,,4,
20260426_023405,2026-04-26T02:34:39,jetson,/mnt/windows_share/20260425220419/E1/05760_-14068250_1777127072370.jpg,100,stage,detect,read_image,131,,,,
20260426_023405,2026-04-26T02:34:39,jetson,,,stage,area0,process_total,65,,,1,
20260426_023405,2026-04-26T02:34:39,jetson,,,stage,area1,process_total,66,,,1,
20260426_023405,2026-04-26T02:34:39,jetson,,,stage,area1,process_total,67,,,1,
20260426_023405,2026-04-26T02:34:39,jetson,,,stage,area0,process_total,73,,,1,
20260426_023405,2026-04-26T02:34:39,jetson,,,stage,detail1,process_total,210,,,5,
20260426_023405,2026-04-26T02:34:39,jetson,/mnt/windows_share/20260425220419/E1/05757_-14077000_1777127071975.jpg,100,stage,detect,save_json,8,0,0,,
20260426_023405,2026-04-26T02:34:39,jetson,/mnt/windows_share/20260425220419/E1/05757_-14077000_1777127071975.jpg,100,stage,detect,detect_process_total,339,,,,
20260426_023405,2026-04-26T02:34:39,jetson,/mnt/windows_share/20260425220419/E1/05757_-14077000_1777127071975.jpg,100,stage,shell,file_total,339,0,0,,
20260426_023405,2026-04-26T02:34:39,jetson,,,stage,area0,process_total,146,,,1,
20260426_023405,2026-04-26T02:34:39,jetson,,,stage,element1,process_total,131,,,1,
20260426_023405,2026-04-26T02:34:39,jetson,,,stage,area1,process_total,152,,,1,
20260426_023405,2026-04-26T02:34:39,jetson,,,stage,element1,process_total,123,,,1,
20260426_023405,2026-04-26T02:34:39,jetson,/mnt/windows_share/20260425220419/E1/05761_-14065500_1777127072501.jpg,100,stage,detect,read_image,93,,,,
20260426_023405,2026-04-26T02:34:40,jetson,,,stage,element0,process_total,227,,,2,
20260426_023405,2026-04-26T02:34:40,jetson,,,stage,element0,process_total,224,,,2,
20260426_023405,2026-04-26T02:34:40,jetson,,,stage,element1,process_total,116,,,1,
20260426_023405,2026-04-26T02:34:40,jetson,,,stage,element2,process_total,237,,,1,
20260426_023405,2026-04-26T02:34:40,jetson,,,stage,element2,process_total,234,,,1,
20260426_023405,2026-04-26T02:34:40,jetson,,,stage,area0,process_total,117,,,1,
20260426_023405,2026-04-26T02:34:40,jetson,,,stage,area1,process_total,116,,,1,
20260426_023405,2026-04-26T02:34:40,jetson,,,stage,element2,process_total,181,,,1,
20260426_023405,2026-04-26T02:34:40,jetson,,,stage,element0,process_total,184,,,2,
20260426_023405,2026-04-26T02:34:40,jetson,,,stage,element1,process_total,102,,,1,
20260426_023405,2026-04-26T02:34:40,jetson,,,stage,detail0,process_total,397,,,4,
20260426_023405,2026-04-26T02:34:40,jetson,,,stage,element2,process_total,152,,,1,
20260426_023405,2026-04-26T02:34:40,jetson,,,stage,element0,process_total,167,,,2,
20260426_023405,2026-04-26T02:34:40,jetson,,,stage,detail1,process_total,443,,,5,
20260426_023405,2026-04-26T02:34:40,jetson,,,stage,detail1,process_total,433,,,5,
20260426_023405,2026-04-26T02:34:40,jetson,,,stage,detail0,process_total,454,,,5,
20260426_023405,2026-04-26T02:34:40,jetson,,,stage,detail1,process_total,321,,,5,
20260426_023405,2026-04-26T02:34:40,jetson,/mnt/windows_share/20260425220419/E1/05759_-14071000_1777127072239.jpg,100,stage,detect,save_json,17,0,0,,
20260426_023405,2026-04-26T02:34:40,jetson,/mnt/windows_share/20260425220419/E1/05759_-14071000_1777127072239.jpg,100,stage,detect,detect_process_total,614,,,,
20260426_023405,2026-04-26T02:34:40,jetson,/mnt/windows_share/20260425220419/E1/05759_-14071000_1777127072239.jpg,100,stage,shell,file_total,614,0,0,,
20260426_023405,2026-04-26T02:34:40,jetson,/mnt/windows_share/20260425220419/E1/05758_-14074000_1777127072106.jpg,100,stage,detect,save_json,23,0,0,,
20260426_023405,2026-04-26T02:34:40,jetson,/mnt/windows_share/20260425220419/E1/05758_-14074000_1777127072106.jpg,100,stage,detect,detect_process_total,654,,,,
20260426_023405,2026-04-26T02:34:40,jetson,/mnt/windows_share/20260425220419/E1/05758_-14074000_1777127072106.jpg,100,stage,shell,file_total,654,0,0,,
20260426_023405,2026-04-26T02:34:40,jetson,,,stage,detail1,process_total,207,,,4,
20260426_023405,2026-04-26T02:34:40,jetson,,,stage,detail0,process_total,208,,,4,
20260426_023405,2026-04-26T02:34:40,jetson,,,stage,detail0,process_total,342,,,5,
20260426_023405,2026-04-26T02:34:40,jetson,/mnt/windows_share/20260425220419/E1/05760_-14068250_1777127072370.jpg,100,stage,detect,save_json,35,0,0,,
20260426_023405,2026-04-26T02:34:40,jetson,/mnt/windows_share/20260425220419/E1/05760_-14068250_1777127072370.jpg,100,stage,detect,detect_process_total,663,,,,
20260426_023405,2026-04-26T02:34:40,jetson,/mnt/windows_share/20260425220419/E1/05760_-14068250_1777127072370.jpg,100,stage,shell,file_total,663,0,0,,
20260426_023405,2026-04-26T02:34:40,jetson,/mnt/windows_share/20260425220419/E1/05761_-14065500_1777127072501.jpg,100,stage,detect,save_json,43,0,0,,
20260426_023405,2026-04-26T02:34:40,jetson,/mnt/windows_share/20260425220419/E1/05761_-14065500_1777127072501.jpg,100,stage,detect,detect_process_total,466,,,,
20260426_023405,2026-04-26T02:34:40,jetson,/mnt/windows_share/20260425220419/E1/05761_-14065500_1777127072501.jpg,100,stage,shell,file_total,466,0,0,,
20260426_023405,2026-04-26T02:34:40,jetson,/mnt/windows_share/20260425220419/E1/05762_-14062750_1777127072631.jpg,100,stage,detect,read_image,91,,,,
20260426_023405,2026-04-26T02:34:40,jetson,/mnt/windows_share/20260425220419/E1/05763_-14060000_1777127072756.jpg,100,stage,detect,read_image,92,,,,
20260426_023405,2026-04-26T02:34:40,jetson,,,stage,area1,process_total,29,,,1,
20260426_023405,2026-04-26T02:34:40,jetson,,,stage,area0,process_total,33,,,1,
20260426_023405,2026-04-26T02:34:40,jetson,,,stage,area0,process_total,27,,,1,
20260426_023405,2026-04-26T02:34:40,jetson,/mnt/windows_share/20260425220419/E1/05764_-14057250_1777127072883.jpg,100,stage,detect,read_image,92,,,,
20260426_023405,2026-04-26T02:34:40,jetson,,,stage,area1,process_total,38,,,1,
20260426_023405,2026-04-26T02:34:40,jetson,/mnt/windows_share/20260425220419/E1/05765_-14054500_1777127073013.jpg,100,stage,detect,read_image,97,,,,
20260426_023405,2026-04-26T02:34:40,jetson,,,stage,element1,process_total,169,,,1,
20260426_023405,2026-04-26T02:34:40,jetson,,,stage,element1,process_total,134,,,1,
20260426_023405,2026-04-26T02:34:40,jetson,,,stage,area0,process_total,166,,,1,
20260426_023405,2026-04-26T02:34:40,jetson,,,stage,area1,process_total,166,,,1,
20260426_023405,2026-04-26T02:34:40,jetson,,,stage,element0,process_total,188,,,2,
20260426_023405,2026-04-26T02:34:40,jetson,,,stage,area1,process_total,145,,,1,
20260426_023405,2026-04-26T02:34:40,jetson,,,stage,area0,process_total,156,,,1,
20260426_023405,2026-04-26T02:34:40,jetson,,,stage,element2,process_total,264,,,1,
20260426_023405,2026-04-26T02:34:40,jetson,,,stage,element2,process_total,247,,,1,
20260426_023405,2026-04-26T02:34:40,jetson,,,stage,element0,process_total,281,,,2,
20260426_023405,2026-04-26T02:34:40,jetson,,,stage,element1,process_total,183,,,1,
20260426_023405,2026-04-26T02:34:40,jetson,,,stage,element1,process_total,177,,,1,
20260426_023405,2026-04-26T02:34:40,jetson,,,stage,element2,process_total,209,,,1,
20260426_023405,2026-04-26T02:34:40,jetson,,,stage,element2,process_total,211,,,1,
20260426_023405,2026-04-26T02:34:40,jetson,,,stage,element0,process_total,236,,,2,
20260426_023405,2026-04-26T02:34:40,jetson,,,stage,detail1,process_total,475,,,5,
20260426_023405,2026-04-26T02:34:40,jetson,,,stage,detail1,process_total,462,,,4,
20260426_023405,2026-04-26T02:34:40,jetson,,,stage,detail0,process_total,473,,,4,
20260426_023405,2026-04-26T02:34:40,jetson,,,stage,detail0,process_total,494,,,5,
20260426_023405,2026-04-26T02:34:40,jetson,/mnt/windows_share/20260425220419/E1/05763_-14060000_1777127072756.jpg,100,stage,detect,save_json,23,0,0,,
20260426_023405,2026-04-26T02:34:40,jetson,/mnt/windows_share/20260425220419/E1/05763_-14060000_1777127072756.jpg,100,stage,detect,detect_process_total,633,,,,
20260426_023405,2026-04-26T02:34:40,jetson,/mnt/windows_share/20260425220419/E1/05763_-14060000_1777127072756.jpg,100,stage,shell,file_total,633,0,0,,
20260426_023405,2026-04-26T02:34:40,jetson,/mnt/windows_share/20260425220419/E1/05762_-14062750_1777127072631.jpg,100,stage,detect,save_json,32,0,0,,
20260426_023405,2026-04-26T02:34:40,jetson,/mnt/windows_share/20260425220419/E1/05762_-14062750_1777127072631.jpg,100,stage,detect,detect_process_total,656,,,,
20260426_023405,2026-04-26T02:34:40,jetson,/mnt/windows_share/20260425220419/E1/05762_-14062750_1777127072631.jpg,100,stage,shell,file_total,656,0,0,,
20260426_023405,2026-04-26T02:34:40,jetson,,,stage,detail1,process_total,352,,,5,
20260426_023405,2026-04-26T02:34:40,jetson,,,stage,detail1,process_total,370,,,5,
20260426_023405,2026-04-26T02:34:40,jetson,,,stage,detail0,process_total,373,,,5,
20260426_023405,2026-04-26T02:34:40,jetson,,,stage,detail0,process_total,367,,,5,
20260426_023405,2026-04-26T02:34:40,jetson,/mnt/windows_share/20260425220419/E1/05764_-14057250_1777127072883.jpg,100,stage,detect,save_json,24,0,0,,
20260426_023405,2026-04-26T02:34:40,jetson,/mnt/windows_share/20260425220419/E1/05764_-14057250_1777127072883.jpg,100,stage,detect,detect_process_total,660,,,,
20260426_023405,2026-04-26T02:34:40,jetson,/mnt/windows_share/20260425220419/E1/05764_-14057250_1777127072883.jpg,100,stage,shell,file_total,660,0,0,,
20260426_023405,2026-04-26T02:34:40,jetson,/mnt/windows_share/20260425220419/E1/05765_-14054500_1777127073013.jpg,100,stage,detect,save_json,31,0,0,,
20260426_023405,2026-04-26T02:34:40,jetson,/mnt/windows_share/20260425220419/E1/05765_-14054500_1777127073013.jpg,100,stage,detect,detect_process_total,659,,,,
20260426_023405,2026-04-26T02:34:40,jetson,/mnt/windows_share/20260425220419/E1/05765_-14054500_1777127073013.jpg,100,stage,shell,file_total,659,0,0,,
20260426_023405,2026-04-26T02:34:40,jetson,/mnt/windows_share/20260425220419/E1/05767_-14049000_1777127073259.jpg,100,stage,detect,read_image,82,,,,
20260426_023405,2026-04-26T02:34:40,jetson,/mnt/windows_share/20260425220419/E1/05766_-14051750_1777127073134.jpg,100,stage,detect,read_image,99,,,,
20260426_023405,2026-04-26T02:34:41,jetson,,,stage,area1,process_total,25,,,1,
20260426_023405,2026-04-26T02:34:41,jetson,,,stage,area0,process_total,31,,,1,
20260426_023405,2026-04-26T02:34:41,jetson,,,stage,area0,process_total,40,,,1,
20260426_023405,2026-04-26T02:34:41,jetson,,,stage,area1,process_total,41,,,1,
20260426_023405,2026-04-26T02:34:41,jetson,/mnt/windows_share/20260425220419/E1/05769_-14043500_1777127073511.jpg,100,stage,detect,read_image,83,,,,
20260426_023405,2026-04-26T02:34:41,jetson,/mnt/windows_share/20260425220419/E1/05768_-14046250_1777127073386.jpg,100,stage,detect,read_image,93,,,,
20260426_023405,2026-04-26T02:34:41,jetson,,,stage,element1,process_total,167,,,1,
20260426_023405,2026-04-26T02:34:41,jetson,,,stage,element1,process_total,179,,,1,
20260426_023405,2026-04-26T02:34:41,jetson,,,stage,area1,process_total,169,,,1,
20260426_023405,2026-04-26T02:34:41,jetson,,,stage,area0,process_total,169,,,1,
20260426_023405,2026-04-26T02:34:41,jetson,,,stage,area0,process_total,172,,,1,
20260426_023405,2026-04-26T02:34:41,jetson,,,stage,area1,process_total,171,,,1,
20260426_023405,2026-04-26T02:34:41,jetson,,,stage,element2,process_total,280,,,1,
20260426_023405,2026-04-26T02:34:41,jetson,,,stage,element2,process_total,300,,,1,
20260426_023405,2026-04-26T02:34:41,jetson,,,stage,element0,process_total,333,,,2,
20260426_023405,2026-04-26T02:34:41,jetson,,,stage,element0,process_total,341,,,2,
20260426_023405,2026-04-26T02:34:41,jetson,,,stage,element1,process_total,269,,,1,
20260426_023405,2026-04-26T02:34:41,jetson,,,stage,element1,process_total,269,,,1,
20260426_023405,2026-04-26T02:34:41,jetson,,,stage,element2,process_total,322,,,1,
20260426_023405,2026-04-26T02:34:41,jetson,,,stage,element2,process_total,314,,,1,
20260426_023405,2026-04-26T02:34:41,jetson,,,stage,element0,process_total,347,,,2,
20260426_023405,2026-04-26T02:34:41,jetson,,,stage,element0,process_total,358,,,2,
20260426_023405,2026-04-26T02:34:41,jetson,,,stage,detail1,process_total,568,,,4,
20260426_023405,2026-04-26T02:34:41,jetson,,,stage,detail0,process_total,575,,,4,
20260426_023405,2026-04-26T02:34:41,jetson,,,stage,detail0,process_total,593,,,5,
20260426_023405,2026-04-26T02:34:41,jetson,,,stage,detail1,process_total,594,,,5,
20260426_023405,2026-04-26T02:34:41,jetson,/mnt/windows_share/20260425220419/E1/05766_-14051750_1777127073134.jpg,100,stage,detect,save_json,19,0,0,,
20260426_023405,2026-04-26T02:34:41,jetson,/mnt/windows_share/20260425220419/E1/05766_-14051750_1777127073134.jpg,100,stage,detect,detect_process_total,744,,,,
20260426_023405,2026-04-26T02:34:41,jetson,/mnt/windows_share/20260425220419/E1/05766_-14051750_1777127073134.jpg,100,stage,shell,file_total,744,0,0,,
20260426_023405,2026-04-26T02:34:41,jetson,/mnt/windows_share/20260425220419/E1/05767_-14049000_1777127073259.jpg,100,stage,detect,save_json,24,0,0,,
20260426_023405,2026-04-26T02:34:41,jetson,/mnt/windows_share/20260425220419/E1/05767_-14049000_1777127073259.jpg,100,stage,detect,detect_process_total,742,,,,
20260426_023405,2026-04-26T02:34:41,jetson,/mnt/windows_share/20260425220419/E1/05767_-14049000_1777127073259.jpg,100,stage,shell,file_total,742,0,0,,
20260426_023405,2026-04-26T02:34:41,jetson,,,stage,detail1,process_total,424,,,4,
20260426_023405,2026-04-26T02:34:41,jetson,,,stage,detail0,process_total,430,,,4,
20260426_023405,2026-04-26T02:34:41,jetson,,,stage,detail0,process_total,427,,,4,
20260426_023405,2026-04-26T02:34:41,jetson,,,stage,detail1,process_total,432,,,5,
20260426_023405,2026-04-26T02:34:41,jetson,/mnt/windows_share/20260425220419/E1/05768_-14046250_1777127073386.jpg,100,stage,detect,save_json,30,0,0,,
20260426_023405,2026-04-26T02:34:41,jetson,/mnt/windows_share/20260425220419/E1/05768_-14046250_1777127073386.jpg,100,stage,detect,detect_process_total,731,,,,
20260426_023405,2026-04-26T02:34:41,jetson,/mnt/windows_share/20260425220419/E1/05768_-14046250_1777127073386.jpg,100,stage,shell,file_total,731,0,0,,
20260426_023405,2026-04-26T02:34:41,jetson,/mnt/windows_share/20260425220419/E1/05769_-14043500_1777127073511.jpg,100,stage,detect,save_json,42,0,0,,
20260426_023405,2026-04-26T02:34:41,jetson,/mnt/windows_share/20260425220419/E1/05769_-14043500_1777127073511.jpg,100,stage,detect,detect_process_total,731,,,,
20260426_023405,2026-04-26T02:34:41,jetson,/mnt/windows_share/20260425220419/E1/05769_-14043500_1777127073511.jpg,100,stage,shell,file_total,731,0,0,,
20260426_023405,2026-04-26T02:34:41,jetson,/mnt/windows_share/20260425220419/E1/05770_-14040750_1777127073634.jpg,100,stage,detect,read_image,86,,,,
20260426_023405,2026-04-26T02:34:41,jetson,/mnt/windows_share/20260425220419/E1/05771_-14038250_1777127073749.jpg,100,stage,detect,read_image,86,,,,
20260426_023405,2026-04-26T02:34:41,jetson,,,stage,area0,process_total,36,,,1,
20260426_023405,2026-04-26T02:34:41,jetson,,,stage,area0,process_total,48,,,1,
20260426_023405,2026-04-26T02:34:41,jetson,,,stage,area1,process_total,50,,,1,
20260426_023405,2026-04-26T02:34:41,jetson,,,stage,area1,process_total,43,,,1,
20260426_023405,2026-04-26T02:34:41,jetson,/mnt/windows_share/20260425220419/E1/05773_-14032750_1777127074001.jpg,100,stage,detect,read_image,98,,,,
20260426_023405,2026-04-26T02:34:41,jetson,/mnt/windows_share/20260425220419/E1/05772_-14035500_1777127073879.jpg,100,stage,detect,read_image,105,,,,
20260426_023405,2026-04-26T02:34:41,jetson,,,stage,element1,process_total,57,,,1,
20260426_023405,2026-04-26T02:34:41,jetson,,,stage,element0,process_total,174,,,2,
20260426_023405,2026-04-26T02:34:41,jetson,,,stage,element1,process_total,158,,,1,
20260426_023405,2026-04-26T02:34:41,jetson,,,stage,area0,process_total,159,,,1,
20260426_023405,2026-04-26T02:34:41,jetson,,,stage,area1,process_total,157,,,1,
20260426_023405,2026-04-26T02:34:41,jetson,,,stage,area1,process_total,160,,,1,
20260426_023405,2026-04-26T02:34:41,jetson,,,stage,area0,process_total,155,,,1,
20260426_023405,2026-04-26T02:34:42,jetson,,,stage,element2,process_total,261,,,1,
20260426_023405,2026-04-26T02:34:42,jetson,,,stage,element2,process_total,293,,,1,
20260426_023405,2026-04-26T02:34:42,jetson,,,stage,element0,process_total,295,,,2,
20260426_023405,2026-04-26T02:34:42,jetson,,,stage,element1,process_total,172,,,1,
20260426_023405,2026-04-26T02:34:42,jetson,,,stage,element1,process_total,154,,,1,
20260426_023405,2026-04-26T02:34:42,jetson,,,stage,element2,process_total,219,,,1,
20260426_023405,2026-04-26T02:34:42,jetson,,,stage,element2,process_total,225,,,1,
20260426_023405,2026-04-26T02:34:42,jetson,,,stage,element0,process_total,239,,,2,
20260426_023405,2026-04-26T02:34:42,jetson,,,stage,element0,process_total,238,,,2,
20260426_023405,2026-04-26T02:34:42,jetson,,,stage,detail1,process_total,431,,,4,
20260426_023405,2026-04-26T02:34:42,jetson,,,stage,detail0,process_total,444,,,4,
20260426_023405,2026-04-26T02:34:42,jetson,,,stage,detail1,process_total,462,,,5,
20260426_023405,2026-04-26T02:34:42,jetson,/mnt/windows_share/20260425220419/E1/05771_-14038250_1777127073749.jpg,100,stage,detect,save_json,18,0,0,,
20260426_023405,2026-04-26T02:34:42,jetson,/mnt/windows_share/20260425220419/E1/05771_-14038250_1777127073749.jpg,100,stage,detect,detect_process_total,603,,,,
20260426_023405,2026-04-26T02:34:42,jetson,/mnt/windows_share/20260425220419/E1/05771_-14038250_1777127073749.jpg,100,stage,shell,file_total,603,0,0,,
20260426_023405,2026-04-26T02:34:42,jetson,,,stage,detail0,process_total,282,,,3,
20260426_023405,2026-04-26T02:34:42,jetson,,,stage,detail0,process_total,476,,,5,
20260426_023405,2026-04-26T02:34:42,jetson,,,stage,detail1,process_total,298,,,4,
20260426_023405,2026-04-26T02:34:42,jetson,,,stage,detail1,process_total,310,,,5,
20260426_023405,2026-04-26T02:34:42,jetson,,,stage,detail0,process_total,317,,,5,
20260426_023405,2026-04-26T02:34:42,jetson,/mnt/windows_share/20260425220419/E1/05770_-14040750_1777127073634.jpg,100,stage,detect,save_json,27,0,0,,
20260426_023405,2026-04-26T02:34:42,jetson,/mnt/windows_share/20260425220419/E1/05770_-14040750_1777127073634.jpg,100,stage,detect,detect_process_total,646,,,,
20260426_023405,2026-04-26T02:34:42,jetson,/mnt/windows_share/20260425220419/E1/05770_-14040750_1777127073634.jpg,100,stage,shell,file_total,646,0,0,,
20260426_023405,2026-04-26T02:34:42,jetson,/mnt/windows_share/20260425220419/E1/05772_-14035500_1777127073879.jpg,100,stage,detect,save_json,31,0,0,,
20260426_023405,2026-04-26T02:34:42,jetson,/mnt/windows_share/20260425220419/E1/05772_-14035500_1777127073879.jpg,100,stage,detect,detect_process_total,601,,,,
20260426_023405,2026-04-26T02:34:42,jetson,/mnt/windows_share/20260425220419/E1/05772_-14035500_1777127073879.jpg,100,stage,shell,file_total,601,0,0,,
20260426_023405,2026-04-26T02:34:42,jetson,/mnt/windows_share/20260425220419/E1/05773_-14032750_1777127074001.jpg,100,stage,detect,save_json,23,0,0,,
20260426_023405,2026-04-26T02:34:42,jetson,/mnt/windows_share/20260425220419/E1/05773_-14032750_1777127074001.jpg,100,stage,detect,detect_process_total,602,,,,
20260426_023405,2026-04-26T02:34:42,jetson,/mnt/windows_share/20260425220419/E1/05773_-14032750_1777127074001.jpg,100,stage,shell,file_total,602,0,0,,
20260426_023405,2026-04-26T02:34:42,jetson,/mnt/windows_share/20260425220419/E1/05774_-14030000_1777127074119.jpg,100,stage,detect,read_image,89,,,,
20260426_023405,2026-04-26T02:34:42,jetson,,,stage,area1,process_total,23,,,1,
20260426_023405,2026-04-26T02:34:42,jetson,/mnt/windows_share/20260425220419/E1/05775_-14027250_1777127074244.jpg,100,stage,detect,read_image,79,,,,
20260426_023405,2026-04-26T02:34:42,jetson,,,stage,area0,process_total,32,,,1,
20260426_023405,2026-04-26T02:34:42,jetson,,,stage,area1,process_total,19,,,1,
20260426_023405,2026-04-26T02:34:42,jetson,/mnt/windows_share/20260425220419/E1/05777_-14022000_1777127074487.jpg,100,stage,detect,read_image,91,,,,
20260426_023405,2026-04-26T02:34:42,jetson,/mnt/windows_share/20260425220419/E1/05776_-14024750_1777127074366.jpg,100,stage,detect,read_image,98,,,,
20260426_023405,2026-04-26T02:34:42,jetson,,,stage,area0,process_total,60,,,1,
20260426_023405,2026-04-26T02:34:42,jetson,,,stage,element1,process_total,129,,,1,
20260426_023405,2026-04-26T02:34:42,jetson,,,stage,area1,process_total,120,,,1,
20260426_023405,2026-04-26T02:34:42,jetson,,,stage,area1,process_total,130,,,1,
20260426_023405,2026-04-26T02:34:42,jetson,,,stage,area0,process_total,134,,,1,
20260426_023405,2026-04-26T02:34:42,jetson,,,stage,area0,process_total,141,,,1,
20260426_023405,2026-04-26T02:34:42,jetson,,,stage,element1,process_total,138,,,1,
20260426_023405,2026-04-26T02:34:42,jetson,,,stage,element0,process_total,254,,,2,
20260426_023405,2026-04-26T02:34:42,jetson,,,stage,element2,process_total,278,,,1,
20260426_023405,2026-04-26T02:34:42,jetson,,,stage,element2,process_total,243,,,1,
20260426_023405,2026-04-26T02:34:42,jetson,,,stage,element0,process_total,259,,,2,
20260426_023405,2026-04-26T02:34:42,jetson,,,stage,element1,process_total,159,,,1,
20260426_023405,2026-04-26T02:34:42,jetson,,,stage,element1,process_total,148,,,1,
20260426_023405,2026-04-26T02:34:42,jetson,,,stage,element2,process_total,209,,,1,
20260426_023405,2026-04-26T02:34:42,jetson,,,stage,element2,process_total,192,,,1,
20260426_023405,2026-04-26T02:34:42,jetson,,,stage,element0,process_total,229,,,2,
20260426_023405,2026-04-26T02:34:42,jetson,,,stage,element0,process_total,212,,,2,
20260426_023405,2026-04-26T02:34:42,jetson,,,stage,detail1,process_total,447,,,5,
20260426_023405,2026-04-26T02:34:42,jetson,,,stage,detail1,process_total,397,,,4,
20260426_023405,2026-04-26T02:34:42,jetson,,,stage,detail0,process_total,410,,,4,
20260426_023405,2026-04-26T02:34:42,jetson,,,stage,detail0,process_total,466,,,5,
20260426_023405,2026-04-26T02:34:42,jetson,/mnt/windows_share/20260425220419/E1/05775_-14027250_1777127074244.jpg,100,stage,detect,save_json,19,0,0,,
20260426_023405,2026-04-26T02:34:42,jetson,/mnt/windows_share/20260425220419/E1/05775_-14027250_1777127074244.jpg,100,stage,detect,detect_process_total,571,,,,
20260426_023405,2026-04-26T02:34:42,jetson,/mnt/windows_share/20260425220419/E1/05775_-14027250_1777127074244.jpg,100,stage,shell,file_total,571,0,0,,
20260426_023405,2026-04-26T02:34:42,jetson,,,stage,detail0,process_total,321,,,4,
20260426_023405,2026-04-26T02:34:42,jetson,,,stage,detail1,process_total,316,,,5,
20260426_023405,2026-04-26T02:34:42,jetson,,,stage,detail1,process_total,325,,,5,
20260426_023405,2026-04-26T02:34:42,jetson,/mnt/windows_share/20260425220419/E1/05774_-14030000_1777127074119.jpg,100,stage,detect,save_json,24,0,0,,
20260426_023405,2026-04-26T02:34:42,jetson,/mnt/windows_share/20260425220419/E1/05774_-14030000_1777127074119.jpg,100,stage,detect,detect_process_total,614,,,,
20260426_023405,2026-04-26T02:34:42,jetson,/mnt/windows_share/20260425220419/E1/05774_-14030000_1777127074119.jpg,100,stage,shell,file_total,614,0,0,,
20260426_023405,2026-04-26T02:34:42,jetson,,,stage,detail0,process_total,325,,,5,
20260426_023405,2026-04-26T02:34:42,jetson,/mnt/windows_share/20260425220419/E1/05776_-14024750_1777127074366.jpg,100,stage,detect,save_json,14,0,0,,
20260426_023405,2026-04-26T02:34:42,jetson,/mnt/windows_share/20260425220419/E1/05776_-14024750_1777127074366.jpg,100,stage,detect,detect_process_total,583,,,,
20260426_023405,2026-04-26T02:34:42,jetson,/mnt/windows_share/20260425220419/E1/05776_-14024750_1777127074366.jpg,100,stage,shell,file_total,583,0,0,,
20260426_023405,2026-04-26T02:34:42,jetson,/mnt/windows_share/20260425220419/E1/05777_-14022000_1777127074487.jpg,100,stage,detect,save_json,40,0,0,,
20260426_023405,2026-04-26T02:34:42,jetson,/mnt/windows_share/20260425220419/E1/05777_-14022000_1777127074487.jpg,100,stage,detect,detect_process_total,610,,,,
20260426_023405,2026-04-26T02:34:42,jetson,/mnt/windows_share/20260425220419/E1/05777_-14022000_1777127074487.jpg,100,stage,shell,file_total,610,0,0,,
20260426_023405,2026-04-26T02:34:42,jetson,/mnt/windows_share/20260425220419/E1/05778_-14019500_1777127074605.jpg,100,stage,detect,read_image,91,,,,
20260426_023405,2026-04-26T02:34:42,jetson,/mnt/windows_share/20260425220419/E1/05779_-14016500_1777127074731.jpg,100,stage,detect,read_image,90,,,,
20260426_023405,2026-04-26T02:34:42,jetson,,,stage,area0,process_total,23,,,1,
20260426_023405,2026-04-26T02:34:42,jetson,/mnt/windows_share/20260425220419/E1/05780_-14014000_1777127074856.jpg,100,stage,detect,read_image,103,,,,
20260426_023405,2026-04-26T02:34:42,jetson,,,stage,area1,process_total,37,,,1,
20260426_023405,2026-04-26T02:34:42,jetson,,,stage,area1,process_total,41,,,1,
20260426_023405,2026-04-26T02:34:42,jetson,,,stage,area0,process_total,45,,,1,
20260426_023405,2026-04-26T02:34:43,jetson,/mnt/windows_share/20260425220419/E1/05781_-14011250_1777127074981.jpg,100,stage,detect,read_image,97,,,,
20260426_023405,2026-04-26T02:34:43,jetson,,,stage,element1,process_total,135,,,1,
20260426_023405,2026-04-26T02:34:43,jetson,,,stage,area0,process_total,165,,,1,
20260426_023405,2026-04-26T02:34:43,jetson,,,stage,area1,process_total,170,,,1,
20260426_023405,2026-04-26T02:34:43,jetson,,,stage,area0,process_total,148,,,1,
20260426_023405,2026-04-26T02:34:43,jetson,,,stage,element1,process_total,153,,,1,
20260426_023405,2026-04-26T02:34:43,jetson,,,stage,area1,process_total,153,,,1,
20260426_023405,2026-04-26T02:34:43,jetson,,,stage,element2,process_total,246,,,1,
20260426_023405,2026-04-26T02:34:43,jetson,,,stage,element2,process_total,249,,,1,
20260426_023405,2026-04-26T02:34:43,jetson,,,stage,element0,process_total,276,,,2,
20260426_023405,2026-04-26T02:34:43,jetson,,,stage,element0,process_total,274,,,2,
20260426_023405,2026-04-26T02:34:43,jetson,,,stage,element1,process_total,161,,,1,
20260426_023405,2026-04-26T02:34:43,jetson,,,stage,element1,process_total,136,,,1,
20260426_023405,2026-04-26T02:34:43,jetson,,,stage,element2,process_total,202,,,1,
20260426_023405,2026-04-26T02:34:43,jetson,,,stage,element2,process_total,186,,,1,
20260426_023405,2026-04-26T02:34:43,jetson,,,stage,element0,process_total,219,,,2,
20260426_023405,2026-04-26T02:34:43,jetson,,,stage,element0,process_total,221,,,2,
20260426_023405,2026-04-26T02:34:43,jetson,,,stage,detail1,process_total,431,,,4,
20260426_023405,2026-04-26T02:34:43,jetson,,,stage,detail1,process_total,425,,,4,
20260426_023405,2026-04-26T02:34:43,jetson,,,stage,detail0,process_total,433,,,4,
20260426_023405,2026-04-26T02:34:43,jetson,,,stage,detail0,process_total,434,,,4,
20260426_023405,2026-04-26T02:34:43,jetson,,,stage,detail0,process_total,262,,,3,
20260426_023405,2026-04-26T02:34:43,jetson,,,stage,detail1,process_total,277,,,4,
20260426_023405,2026-04-26T02:34:43,jetson,,,stage,detail1,process_total,298,,,5,
20260426_023405,2026-04-26T02:34:43,jetson,/mnt/windows_share/20260425220419/E1/05778_-14019500_1777127074605.jpg,100,stage,detect,save_json,23,0,0,,
20260426_023405,2026-04-26T02:34:43,jetson,/mnt/windows_share/20260425220419/E1/05778_-14019500_1777127074605.jpg,100,stage,detect,detect_process_total,603,,,,
20260426_023405,2026-04-26T02:34:43,jetson,/mnt/windows_share/20260425220419/E1/05778_-14019500_1777127074605.jpg,100,stage,shell,file_total,603,0,0,,
20260426_023405,2026-04-26T02:34:43,jetson,,,stage,detail0,process_total,309,,,5,
20260426_023405,2026-04-26T02:34:43,jetson,/mnt/windows_share/20260425220419/E1/05779_-14016500_1777127074731.jpg,100,stage,detect,save_json,32,0,0,,
20260426_023405,2026-04-26T02:34:43,jetson,/mnt/windows_share/20260425220419/E1/05779_-14016500_1777127074731.jpg,100,stage,detect,detect_process_total,605,,,,
20260426_023405,2026-04-26T02:34:43,jetson,/mnt/windows_share/20260425220419/E1/05779_-14016500_1777127074731.jpg,100,stage,shell,file_total,605,0,0,,
20260426_023405,2026-04-26T02:34:43,jetson,/mnt/windows_share/20260425220419/E1/05781_-14011250_1777127074981.jpg,100,stage,detect,save_json,22,0,0,,
20260426_023405,2026-04-26T02:34:43,jetson,/mnt/windows_share/20260425220419/E1/05781_-14011250_1777127074981.jpg,100,stage,detect,detect_process_total,566,,,,
20260426_023405,2026-04-26T02:34:43,jetson,/mnt/windows_share/20260425220419/E1/05781_-14011250_1777127074981.jpg,100,stage,shell,file_total,566,0,0,,
20260426_023405,2026-04-26T02:34:43,jetson,/mnt/windows_share/20260425220419/E1/05780_-14014000_1777127074856.jpg,100,stage,detect,save_json,18,0,0,,
20260426_023405,2026-04-26T02:34:43,jetson,/mnt/windows_share/20260425220419/E1/05780_-14014000_1777127074856.jpg,100,stage,detect,detect_process_total,609,,,,
20260426_023405,2026-04-26T02:34:43,jetson,/mnt/windows_share/20260425220419/E1/05780_-14014000_1777127074856.jpg,100,stage,shell,file_total,609,0,0,,
20260426_023405,2026-04-26T02:34:43,jetson,/mnt/windows_share/20260425220419/E1/05782_-14008250_1777127075107.jpg,100,stage,detect,read_image,92,,,,
20260426_023405,2026-04-26T02:34:43,jetson,/mnt/windows_share/20260425220419/E1/05783_-14005500_1777127075230.jpg,100,stage,detect,read_image,92,,,,
20260426_023405,2026-04-26T02:34:43,jetson,/mnt/windows_share/20260425220419/E1/05784_-14002750_1777127075358.jpg,100,stage,detect,read_image,86,,,,
20260426_023405,2026-04-26T02:34:43,jetson,,,stage,area0,process_total,31,,,1,
20260426_023405,2026-04-26T02:34:43,jetson,,,stage,area1,process_total,32,,,1,
20260426_023405,2026-04-26T02:34:43,jetson,/mnt/windows_share/20260425220419/E1/05785_-14000000_1777127075483.jpg,100,stage,detect,read_image,108,,,,
20260426_023405,2026-04-26T02:34:43,jetson,,,stage,area1,process_total,35,,,1,
20260426_023405,2026-04-26T02:34:43,jetson,,,stage,area1,process_total,90,,,1,
20260426_023405,2026-04-26T02:34:43,jetson,,,stage,area0,process_total,117,,,1,
20260426_023405,2026-04-26T02:34:43,jetson,,,stage,area0,process_total,90,,,1,
20260426_023405,2026-04-26T02:34:43,jetson,,,stage,element1,process_total,95,,,1,
20260426_023405,2026-04-26T02:34:43,jetson,,,stage,area1,process_total,99,,,1,
20260426_023405,2026-04-26T02:34:43,jetson,,,stage,area0,process_total,174,,,1,
20260426_023405,2026-04-26T02:34:43,jetson,,,stage,element2,process_total,228,,,1,
20260426_023405,2026-04-26T02:34:43,jetson,,,stage,element0,process_total,271,,,2,
20260426_023405,2026-04-26T02:34:43,jetson,,,stage,element1,process_total,185,,,1,
20260426_023405,2026-04-26T02:34:43,jetson,,,stage,element1,process_total,179,,,1,
20260426_023405,2026-04-26T02:34:43,jetson,,,stage,element1,process_total,163,,,1,
20260426_023405,2026-04-26T02:34:43,jetson,,,stage,element2,process_total,252,,,1,
20260426_023405,2026-04-26T02:34:43,jetson,,,stage,element2,process_total,241,,,1,
20260426_023405,2026-04-26T02:34:43,jetson,,,stage,element2,process_total,206,,,1,
20260426_023405,2026-04-26T02:34:43,jetson,,,stage,element0,process_total,270,,,2,
20260426_023405,2026-04-26T02:34:43,jetson,,,stage,element0,process_total,260,,,2,
20260426_023405,2026-04-26T02:34:43,jetson,,,stage,element0,process_total,223,,,2,
20260426_023405,2026-04-26T02:34:44,jetson,,,stage,detail0,process_total,440,,,5,
20260426_023405,2026-04-26T02:34:44,jetson,,,stage,detail1,process_total,455,,,5,
20260426_023405,2026-04-26T02:34:44,jetson,,,stage,detail0,process_total,377,,,4,
20260426_023405,2026-04-26T02:34:44,jetson,/mnt/windows_share/20260425220419/E1/05782_-14008250_1777127075107.jpg,100,stage,detect,save_json,15,0,0,,
20260426_023405,2026-04-26T02:34:44,jetson,/mnt/windows_share/20260425220419/E1/05782_-14008250_1777127075107.jpg,100,stage,detect,detect_process_total,606,,,,
20260426_023405,2026-04-26T02:34:44,jetson,/mnt/windows_share/20260425220419/E1/05782_-14008250_1777127075107.jpg,100,stage,shell,file_total,606,0,0,,
20260426_023405,2026-04-26T02:34:44,jetson,,,stage,detail0,process_total,326,,,4,
20260426_023405,2026-04-26T02:34:44,jetson,,,stage,detail1,process_total,389,,,5,
20260426_023405,2026-04-26T02:34:44,jetson,,,stage,detail1,process_total,379,,,5,
20260426_023405,2026-04-26T02:34:44,jetson,,,stage,detail1,process_total,336,,,5,
20260426_023405,2026-04-26T02:34:44,jetson,,,stage,detail0,process_total,383,,,5,
20260426_023405,2026-04-26T02:34:44,jetson,/mnt/windows_share/20260425220419/E1/05783_-14005500_1777127075230.jpg,100,stage,detect,save_json,26,0,0,,
20260426_023405,2026-04-26T02:34:44,jetson,/mnt/windows_share/20260425220419/E1/05783_-14005500_1777127075230.jpg,100,stage,detect,detect_process_total,633,,,,
20260426_023405,2026-04-26T02:34:44,jetson,/mnt/windows_share/20260425220419/E1/05783_-14005500_1777127075230.jpg,100,stage,shell,file_total,633,0,0,,
20260426_023405,2026-04-26T02:34:44,jetson,/mnt/windows_share/20260425220419/E1/05784_-14002750_1777127075358.jpg,100,stage,detect,save_json,25,0,0,,
20260426_023405,2026-04-26T02:34:44,jetson,/mnt/windows_share/20260425220419/E1/05784_-14002750_1777127075358.jpg,100,stage,detect,detect_process_total,625,,,,
20260426_023405,2026-04-26T02:34:44,jetson,/mnt/windows_share/20260425220419/E1/05784_-14002750_1777127075358.jpg,100,stage,shell,file_total,625,0,0,,
20260426_023405,2026-04-26T02:34:44,jetson,/mnt/windows_share/20260425220419/E1/05785_-14000000_1777127075483.jpg,100,stage,detect,save_json,24,0,0,,
20260426_023405,2026-04-26T02:34:44,jetson,/mnt/windows_share/20260425220419/E1/05785_-14000000_1777127075483.jpg,100,stage,detect,detect_process_total,617,,,,
20260426_023405,2026-04-26T02:34:44,jetson,/mnt/windows_share/20260425220419/E1/05785_-14000000_1777127075483.jpg,100,stage,shell,file_total,617,0,0,,
20260426_023405,2026-04-26T02:34:44,jetson,/mnt/windows_share/20260425220419/E1/05786_-13998250_1777127075609.jpg,100,stage,detect,read_image,81,,,,
20260426_023405,2026-04-26T02:34:44,jetson,,,stage,area1,process_total,26,,,1,
20260426_023405,2026-04-26T02:34:44,jetson,/mnt/windows_share/20260425220419/E1/05787_-13995250_1777127075739.jpg,100,stage,detect,read_image,74,,,,
20260426_023405,2026-04-26T02:34:44,jetson,,,stage,area0,process_total,35,,,1,
20260426_023405,2026-04-26T02:34:44,jetson,/mnt/windows_share/20260425220419/E1/05788_-13992750_1777127075866.jpg,100,stage,detect,read_image,93,,,,
20260426_023405,2026-04-26T02:34:44,jetson,/mnt/windows_share/20260425220419/E1/05789_-13989750_1777127075997.jpg,100,stage,detect,read_image,119,,,,
20260426_023405,2026-04-26T02:34:44,jetson,,,stage,area1,process_total,68,,,1,
20260426_023405,2026-04-26T02:34:44,jetson,,,stage,area0,process_total,138,,,1,
20260426_023405,2026-04-26T02:34:44,jetson,,,stage,element1,process_total,132,,,1,
20260426_023405,2026-04-26T02:34:44,jetson,,,stage,detail1,process_total,142,,,4,
20260426_023405,2026-04-26T02:34:44,jetson,,,stage,area0,process_total,103,,,1,
20260426_023405,2026-04-26T02:34:44,jetson,,,stage,element0,process_total,171,,,2,
20260426_023405,2026-04-26T02:34:44,jetson,,,stage,area1,process_total,133,,,1,
20260426_023405,2026-04-26T02:34:44,jetson,,,stage,area0,process_total,153,,,1,
20260426_023405,2026-04-26T02:34:44,jetson,,,stage,area1,process_total,155,,,1,
20260426_023405,2026-04-26T02:34:44,jetson,,,stage,element2,process_total,261,,,1,
20260426_023405,2026-04-26T02:34:44,jetson,,,stage,element1,process_total,181,,,1,
20260426_023405,2026-04-26T02:34:44,jetson,,,stage,element1,process_total,164,,,1,
20260426_023405,2026-04-26T02:34:44,jetson,,,stage,element1,process_total,171,,,1,
20260426_023405,2026-04-26T02:34:44,jetson,,,stage,element2,process_total,247,,,1,
20260426_023405,2026-04-26T02:34:44,jetson,,,stage,element2,process_total,214,,,1,
20260426_023405,2026-04-26T02:34:44,jetson,,,stage,element0,process_total,262,,,2,
20260426_023405,2026-04-26T02:34:44,jetson,,,stage,element2,process_total,214,,,1,
20260426_023405,2026-04-26T02:34:44,jetson,,,stage,detail0,process_total,408,,,4,
20260426_023405,2026-04-26T02:34:44,jetson,,,stage,element0,process_total,239,,,2,
20260426_023405,2026-04-26T02:34:44,jetson,,,stage,element0,process_total,231,,,2,
20260426_023405,2026-04-26T02:34:44,jetson,/mnt/windows_share/20260425220419/E1/05786_-13998250_1777127075609.jpg,100,stage,detect,save_json,19,0,0,,
20260426_023405,2026-04-26T02:34:44,jetson,/mnt/windows_share/20260425220419/E1/05786_-13998250_1777127075609.jpg,100,stage,detect,detect_process_total,547,,,,
20260426_023405,2026-04-26T02:34:44,jetson,/mnt/windows_share/20260425220419/E1/05786_-13998250_1777127075609.jpg,100,stage,shell,file_total,547,0,0,,
20260426_023405,2026-04-26T02:34:44,jetson,/mnt/windows_share/20260425220419/E1/05790_-13987000_1777127076120.jpg,100,stage,detect,read_image,85,,,,
20260426_023405,2026-04-26T02:34:44,jetson,,,stage,detail1,process_total,335,,,4,
20260426_023405,2026-04-26T02:34:44,jetson,,,stage,detail0,process_total,347,,,4,
20260426_023405,2026-04-26T02:34:44,jetson,,,stage,detail0,process_total,342,,,4,
20260426_023405,2026-04-26T02:34:44,jetson,,,stage,detail1,process_total,400,,,5,
20260426_023405,2026-04-26T02:34:44,jetson,,,stage,detail1,process_total,354,,,5,
20260426_023405,2026-04-26T02:34:44,jetson,,,stage,detail0,process_total,398,,,5,
20260426_023405,2026-04-26T02:34:44,jetson,,,stage,area0,process_total,27,,,1,
20260426_023405,2026-04-26T02:34:44,jetson,/mnt/windows_share/20260425220419/E1/05788_-13992750_1777127075866.jpg,100,stage,detect,save_json,18,0,0,,
20260426_023405,2026-04-26T02:34:44,jetson,/mnt/windows_share/20260425220419/E1/05788_-13992750_1777127075866.jpg,100,stage,detect,detect_process_total,626,,,,
20260426_023405,2026-04-26T02:34:44,jetson,/mnt/windows_share/20260425220419/E1/05788_-13992750_1777127075866.jpg,100,stage,shell,file_total,627,0,0,,
20260426_023405,2026-04-26T02:34:44,jetson,,,stage,area1,process_total,31,,,1,
20260426_023405,2026-04-26T02:34:44,jetson,/mnt/windows_share/20260425220419/E1/05789_-13989750_1777127075997.jpg,100,stage,detect,save_json,17,0,0,,
20260426_023405,2026-04-26T02:34:44,jetson,/mnt/windows_share/20260425220419/E1/05789_-13989750_1777127075997.jpg,100,stage,detect,detect_process_total,630,,,,
20260426_023405,2026-04-26T02:34:44,jetson,/mnt/windows_share/20260425220419/E1/05789_-13989750_1777127075997.jpg,100,stage,shell,file_total,630,0,0,,
20260426_023405,2026-04-26T02:34:44,jetson,/mnt/windows_share/20260425220419/E1/05787_-13995250_1777127075739.jpg,100,stage,detect,save_json,19,0,0,,
20260426_023405,2026-04-26T02:34:44,jetson,/mnt/windows_share/20260425220419/E1/05787_-13995250_1777127075739.jpg,100,stage,detect,detect_process_total,637,,,,
20260426_023405,2026-04-26T02:34:44,jetson,/mnt/windows_share/20260425220419/E1/05787_-13995250_1777127075739.jpg,100,stage,shell,file_total,637,0,0,,
20260426_023405,2026-04-26T02:34:44,jetson,,,stage,element1,process_total,36,,,1,
20260426_023405,2026-04-26T02:34:44,jetson,,,stage,element0,process_total,52,,,2,
20260426_023405,2026-04-26T02:34:44,jetson,,,stage,detail0,process_total,88,,,4,
20260426_023405,2026-04-26T02:34:44,jetson,,,stage,element2,process_total,99,,,1,
20260426_023405,2026-04-26T02:34:44,jetson,,,stage,detail1,process_total,100,,,4,
20260426_023405,2026-04-26T02:34:44,jetson,/mnt/windows_share/20260425220419/E1/05790_-13987000_1777127076120.jpg,100,stage,detect,save_json,17,0,0,,
20260426_023405,2026-04-26T02:34:44,jetson,/mnt/windows_share/20260425220419/E1/05790_-13987000_1777127076120.jpg,100,stage,detect,detect_process_total,240,,,,
20260426_023405,2026-04-26T02:34:44,jetson,/mnt/windows_share/20260425220419/E1/05790_-13987000_1777127076120.jpg,100,stage,shell,file_total,240,0,0,,
20260426_023405,2026-04-26T02:34:44,jetson,/mnt/windows_share/20260425220419/E1/05791_-13984250_1777127076243.jpg,100,stage,detect,read_image,122,,,,
20260426_023405,2026-04-26T02:34:44,jetson,/mnt/windows_share/20260425220419/E1/05793_-13978750_1777127076494.jpg,100,stage,detect,read_image,120,,,,
20260426_023405,2026-04-26T02:34:44,jetson,/mnt/windows_share/20260425220419/E1/05792_-13981500_1777127076367.jpg,100,stage,detect,read_image,159,,,,
20260426_023405,2026-04-26T02:34:44,jetson,,,stage,area0,process_total,48,,,1,
20260426_023405,2026-04-26T02:34:44,jetson,,,stage,area1,process_total,42,,,1,
20260426_023405,2026-04-26T02:34:44,jetson,,,stage,area0,process_total,48,,,1,
20260426_023405,2026-04-26T02:34:44,jetson,,,stage,area1,process_total,30,,,1,
20260426_023405,2026-04-26T02:34:44,jetson,,,stage,area1,process_total,75,,,1,
20260426_023405,2026-04-26T02:34:44,jetson,/mnt/windows_share/20260425220419/E1/05794_-13976000_1777127076623.jpg,100,stage,detect,read_image,109,,,,
20260426_023405,2026-04-26T02:34:45,jetson,,,stage,area0,process_total,113,,,1,
20260426_023405,2026-04-26T02:34:45,jetson,,,stage,element1,process_total,140,,,1,
20260426_023405,2026-04-26T02:34:45,jetson,,,stage,element1,process_total,156,,,1,
20260426_023405,2026-04-26T02:34:45,jetson,,,stage,area1,process_total,166,,,1,
20260426_023405,2026-04-26T02:34:45,jetson,,,stage,area0,process_total,159,,,1,
20260426_023405,2026-04-26T02:34:45,jetson,,,stage,element0,process_total,245,,,2,
20260426_023405,2026-04-26T02:34:45,jetson,,,stage,element1,process_total,154,,,1,
20260426_023405,2026-04-26T02:34:45,jetson,,,stage,element0,process_total,242,,,2,
20260426_023405,2026-04-26T02:34:45,jetson,,,stage,element2,process_total,279,,,1,
20260426_023405,2026-04-26T02:34:45,jetson,,,stage,element2,process_total,276,,,1,
20260426_023405,2026-04-26T02:34:45,jetson,,,stage,element2,process_total,214,,,1,
20260426_023405,2026-04-26T02:34:45,jetson,,,stage,element1,process_total,128,,,1,
20260426_023405,2026-04-26T02:34:45,jetson,,,stage,element0,process_total,256,,,2,
20260426_023405,2026-04-26T02:34:45,jetson,,,stage,element2,process_total,171,,,1,
20260426_023405,2026-04-26T02:34:45,jetson,,,stage,element0,process_total,180,,,2,
20260426_023405,2026-04-26T02:34:45,jetson,,,stage,detail1,process_total,448,,,5,
20260426_023405,2026-04-26T02:34:45,jetson,,,stage,detail0,process_total,453,,,5,
20260426_023405,2026-04-26T02:34:45,jetson,,,stage,detail1,process_total,359,,,4,
20260426_023405,2026-04-26T02:34:45,jetson,,,stage,detail1,process_total,429,,,5,
20260426_023405,2026-04-26T02:34:45,jetson,,,stage,detail0,process_total,367,,,4,
20260426_023405,2026-04-26T02:34:45,jetson,,,stage,detail0,process_total,448,,,5,
20260426_023405,2026-04-26T02:34:45,jetson,/mnt/windows_share/20260425220419/E1/05793_-13978750_1777127076494.jpg,100,stage,detect,save_json,15,0,0,,
20260426_023405,2026-04-26T02:34:45,jetson,/mnt/windows_share/20260425220419/E1/05793_-13978750_1777127076494.jpg,100,stage,detect,detect_process_total,642,,,,
20260426_023405,2026-04-26T02:34:45,jetson,/mnt/windows_share/20260425220419/E1/05793_-13978750_1777127076494.jpg,100,stage,shell,file_total,642,0,0,,
20260426_023405,2026-04-26T02:34:45,jetson,,,stage,detail1,process_total,255,,,5,
20260426_023405,2026-04-26T02:34:45,jetson,,,stage,detail0,process_total,262,,,5,
20260426_023405,2026-04-26T02:34:45,jetson,/mnt/windows_share/20260425220419/E1/05791_-13984250_1777127076243.jpg,100,stage,detect,save_json,21,0,0,,
20260426_023405,2026-04-26T02:34:45,jetson,/mnt/windows_share/20260425220419/E1/05791_-13984250_1777127076243.jpg,100,stage,detect,detect_process_total,669,,,,
20260426_023405,2026-04-26T02:34:45,jetson,/mnt/windows_share/20260425220419/E1/05791_-13984250_1777127076243.jpg,100,stage,shell,file_total,669,0,0,,
20260426_023405,2026-04-26T02:34:45,jetson,/mnt/windows_share/20260425220419/E1/05792_-13981500_1777127076367.jpg,100,stage,detect,save_json,29,0,0,,
20260426_023405,2026-04-26T02:34:45,jetson,/mnt/windows_share/20260425220419/E1/05792_-13981500_1777127076367.jpg,100,stage,detect,detect_process_total,671,,,,
20260426_023405,2026-04-26T02:34:45,jetson,/mnt/windows_share/20260425220419/E1/05792_-13981500_1777127076367.jpg,100,stage,shell,file_total,671,0,0,,
20260426_023405,2026-04-26T02:34:45,jetson,/mnt/windows_share/20260425220419/E1/05794_-13976000_1777127076623.jpg,100,stage,detect,save_json,36,0,0,,
20260426_023405,2026-04-26T02:34:45,jetson,/mnt/windows_share/20260425220419/E1/05794_-13976000_1777127076623.jpg,100,stage,detect,detect_process_total,582,,,,
20260426_023405,2026-04-26T02:34:45,jetson,/mnt/windows_share/20260425220419/E1/05794_-13976000_1777127076623.jpg,100,stage,shell,file_total,582,0,0,,
20260426_023405,2026-04-26T02:34:45,jetson,/mnt/windows_share/20260425220419/E1/05795_-13973250_1777127076747.jpg,100,stage,detect,read_image,92,,,,
20260426_023405,2026-04-26T02:34:45,jetson,/mnt/windows_share/20260425220419/E1/05796_-13970500_1777127076870.jpg,100,stage,detect,read_image,94,,,,
20260426_023405,2026-04-26T02:34:45,jetson,,,stage,area1,process_total,30,,,1,
20260426_023405,2026-04-26T02:34:45,jetson,,,stage,area0,process_total,40,,,1,
20260426_023405,2026-04-26T02:34:45,jetson,,,stage,area0,process_total,28,,,1,
20260426_023405,2026-04-26T02:34:45,jetson,/mnt/windows_share/20260425220419/E1/05797_-13967500_1777127076997.jpg,100,stage,detect,read_image,131,,,,
20260426_023405,2026-04-26T02:34:45,jetson,/mnt/windows_share/20260425220419/E1/05798_-13965000_1777127077120.jpg,100,stage,detect,read_image,108,,,,
20260426_023405,2026-04-26T02:34:45,jetson,,,stage,area1,process_total,117,,,1,
20260426_023405,2026-04-26T02:34:45,jetson,,,stage,element1,process_total,152,,,1,
20260426_023405,2026-04-26T02:34:45,jetson,,,stage,element0,process_total,159,,,2,
20260426_023405,2026-04-26T02:34:45,jetson,,,stage,area0,process_total,143,,,1,
20260426_023405,2026-04-26T02:34:45,jetson,,,stage,area1,process_total,137,,,1,
20260426_023405,2026-04-26T02:34:45,jetson,,,stage,area0,process_total,142,,,1,
20260426_023405,2026-04-26T02:34:45,jetson,,,stage,area1,process_total,154,,,1,
20260426_023405,2026-04-26T02:34:45,jetson,,,stage,element1,process_total,135,,,1,
20260426_023405,2026-04-26T02:34:45,jetson,,,stage,element2,process_total,253,,,1,
20260426_023405,2026-04-26T02:34:45,jetson,,,stage,element1,process_total,195,,,1,
20260426_023405,2026-04-26T02:34:45,jetson,,,stage,element1,process_total,189,,,1,
20260426_023405,2026-04-26T02:34:45,jetson,,,stage,element0,process_total,292,,,2,
20260426_023405,2026-04-26T02:34:45,jetson,,,stage,element2,process_total,292,,,1,
20260426_023405,2026-04-26T02:34:46,jetson,,,stage,detail1,process_total,424,,,4,
20260426_023405,2026-04-26T02:34:46,jetson,,,stage,element0,process_total,257,,,2,
20260426_023405,2026-04-26T02:34:46,jetson,,,stage,element2,process_total,258,,,1,
20260426_023405,2026-04-26T02:34:46,jetson,,,stage,element2,process_total,251,,,1,
20260426_023405,2026-04-26T02:34:46,jetson,,,stage,element0,process_total,253,,,2,
20260426_023405,2026-04-26T02:34:46,jetson,,,stage,detail0,process_total,456,,,4,
20260426_023405,2026-04-26T02:34:46,jetson,/mnt/windows_share/20260425220419/E1/05795_-13973250_1777127076747.jpg,100,stage,detect,save_json,18,0,0,,
20260426_023405,2026-04-26T02:34:46,jetson,/mnt/windows_share/20260425220419/E1/05795_-13973250_1777127076747.jpg,100,stage,detect,detect_process_total,645,,,,
20260426_023405,2026-04-26T02:34:46,jetson,/mnt/windows_share/20260425220419/E1/05795_-13973250_1777127076747.jpg,100,stage,shell,file_total,645,0,0,,
20260426_023405,2026-04-26T02:34:46,jetson,,,stage,detail1,process_total,335,,,4,
20260426_023405,2026-04-26T02:34:46,jetson,,,stage,detail1,process_total,420,,,5,
20260426_023405,2026-04-26T02:34:46,jetson,,,stage,detail0,process_total,341,,,4,
20260426_023405,2026-04-26T02:34:46,jetson,,,stage,detail0,process_total,426,,,5,
20260426_023405,2026-04-26T02:34:46,jetson,,,stage,detail1,process_total,354,,,5,
20260426_023405,2026-04-26T02:34:46,jetson,,,stage,detail0,process_total,356,,,5,
20260426_023405,2026-04-26T02:34:46,jetson,/mnt/windows_share/20260425220419/E1/05797_-13967500_1777127076997.jpg,100,stage,detect,save_json,28,0,0,,
20260426_023405,2026-04-26T02:34:46,jetson,/mnt/windows_share/20260425220419/E1/05797_-13967500_1777127076997.jpg,100,stage,detect,detect_process_total,659,,,,
20260426_023405,2026-04-26T02:34:46,jetson,/mnt/windows_share/20260425220419/E1/05797_-13967500_1777127076997.jpg,100,stage,shell,file_total,660,0,0,,
20260426_023405,2026-04-26T02:34:46,jetson,/mnt/windows_share/20260425220419/E1/05796_-13970500_1777127076870.jpg,100,stage,detect,save_json,28,0,0,,
20260426_023405,2026-04-26T02:34:46,jetson,/mnt/windows_share/20260425220419/E1/05796_-13970500_1777127076870.jpg,100,stage,detect,detect_process_total,668,,,,
20260426_023405,2026-04-26T02:34:46,jetson,/mnt/windows_share/20260425220419/E1/05796_-13970500_1777127076870.jpg,100,stage,shell,file_total,668,0,0,,
20260426_023405,2026-04-26T02:34:46,jetson,/mnt/windows_share/20260425220419/E1/05798_-13965000_1777127077120.jpg,100,stage,detect,save_json,29,0,0,,
20260426_023405,2026-04-26T02:34:46,jetson,/mnt/windows_share/20260425220419/E1/05798_-13965000_1777127077120.jpg,100,stage,detect,detect_process_total,639,,,,
20260426_023405,2026-04-26T02:34:46,jetson,/mnt/windows_share/20260425220419/E1/05798_-13965000_1777127077120.jpg,100,stage,shell,file_total,639,0,0,,
20260426_023405,2026-04-26T02:34:46,jetson,/mnt/windows_share/20260425220419/E1/05799_-13962250_1777127077247.jpg,100,stage,detect,read_image,78,,,,
20260426_023405,2026-04-26T02:34:46,jetson,,,stage,area0,process_total,23,,,1,
20260426_023405,2026-04-26T02:34:46,jetson,,,stage,area1,process_total,30,,,1,
20260426_023405,2026-04-26T02:34:46,jetson,/mnt/windows_share/20260425220419/E1/05800_-13959250_1777127077374.jpg,100,stage,detect,read_image,116,,,,
20260426_023405,2026-04-26T02:34:46,jetson,/mnt/windows_share/20260425220419/E1/05801_-13956750_1777127077500.jpg,100,stage,detect,read_image,119,,,,
20260426_023405,2026-04-26T02:34:46,jetson,/mnt/windows_share/20260425220419/E1/05802_-13953750_1777127077626.jpg,100,stage,detect,read_image,121,,,,
20260426_023405,2026-04-26T02:34:46,jetson,,,stage,element0,process_total,73,,,2,
20260426_023405,2026-04-26T02:34:46,jetson,,,stage,element1,process_total,98,,,1,
20260426_023405,2026-04-26T02:34:46,jetson,,,stage,element2,process_total,133,,,1,
20260426_023405,2026-04-26T02:34:46,jetson,,,stage,area0,process_total,91,,,1,
20260426_023405,2026-04-26T02:34:46,jetson,,,stage,area1,process_total,101,,,1,
20260426_023405,2026-04-26T02:34:46,jetson,,,stage,area0,process_total,102,,,1,
20260426_023405,2026-04-26T02:34:46,jetson,,,stage,area1,process_total,102,,,1,
20260426_023405,2026-04-26T02:34:46,jetson,,,stage,area0,process_total,108,,,1,
20260426_023405,2026-04-26T02:34:46,jetson,,,stage,area1,process_total,95,,,1,
20260426_023405,2026-04-26T02:34:46,jetson,,,stage,element1,process_total,185,,,1,
20260426_023405,2026-04-26T02:34:46,jetson,,,stage,element1,process_total,178,,,1,
20260426_023405,2026-04-26T02:34:46,jetson,,,stage,element1,process_total,179,,,1,
20260426_023405,2026-04-26T02:34:46,jetson,,,stage,detail0,process_total,375,,,5,
20260426_023405,2026-04-26T02:34:46,jetson,,,stage,element2,process_total,235,,,1,
20260426_023405,2026-04-26T02:34:46,jetson,,,stage,element2,process_total,224,,,1,
20260426_023405,2026-04-26T02:34:46,jetson,,,stage,element2,process_total,230,,,1,
20260426_023405,2026-04-26T02:34:46,jetson,,,stage,detail1,process_total,400,,,5,
20260426_023405,2026-04-26T02:34:46,jetson,,,stage,element0,process_total,250,,,2,
20260426_023405,2026-04-26T02:34:46,jetson,,,stage,element0,process_total,244,,,2,
20260426_023405,2026-04-26T02:34:46,jetson,,,stage,element0,process_total,237,,,2,
20260426_023405,2026-04-26T02:34:46,jetson,/mnt/windows_share/20260425220419/E1/05799_-13962250_1777127077247.jpg,100,stage,detect,save_json,16,0,0,,
20260426_023405,2026-04-26T02:34:46,jetson,/mnt/windows_share/20260425220419/E1/05799_-13962250_1777127077247.jpg,100,stage,detect,detect_process_total,527,,,,
20260426_023405,2026-04-26T02:34:46,jetson,/mnt/windows_share/20260425220419/E1/05799_-13962250_1777127077247.jpg,100,stage,shell,file_total,527,0,0,,
20260426_023405,2026-04-26T02:34:46,jetson,,,stage,detail0,process_total,336,,,4,
20260426_023405,2026-04-26T02:34:46,jetson,,,stage,detail0,process_total,343,,,4,
20260426_023405,2026-04-26T02:34:46,jetson,/mnt/windows_share/20260425220419/E1/05803_-13950750_1777127077760.jpg,100,stage,detect,read_image,90,,,,
20260426_023405,2026-04-26T02:34:46,jetson,,,stage,detail1,process_total,357,,,5,
20260426_023405,2026-04-26T02:34:46,jetson,,,stage,detail1,process_total,351,,,5,
20260426_023405,2026-04-26T02:34:46,jetson,,,stage,detail1,process_total,348,,,5,
20260426_023405,2026-04-26T02:34:46,jetson,,,stage,detail0,process_total,362,,,5,
20260426_023405,2026-04-26T02:34:46,jetson,,,stage,area1,process_total,23,,,1,
20260426_023405,2026-04-26T02:34:46,jetson,/mnt/windows_share/20260425220419/E1/05802_-13953750_1777127077626.jpg,100,stage,detect,save_json,21,0,0,,
20260426_023405,2026-04-26T02:34:46,jetson,/mnt/windows_share/20260425220419/E1/05802_-13953750_1777127077626.jpg,100,stage,detect,detect_process_total,597,,,,
20260426_023405,2026-04-26T02:34:46,jetson,/mnt/windows_share/20260425220419/E1/05802_-13953750_1777127077626.jpg,100,stage,shell,file_total,597,0,0,,
20260426_023405,2026-04-26T02:34:46,jetson,/mnt/windows_share/20260425220419/E1/05800_-13959250_1777127077374.jpg,100,stage,detect,save_json,21,0,0,,
20260426_023405,2026-04-26T02:34:46,jetson,/mnt/windows_share/20260425220419/E1/05800_-13959250_1777127077374.jpg,100,stage,detect,detect_process_total,607,,,,
20260426_023405,2026-04-26T02:34:46,jetson,/mnt/windows_share/20260425220419/E1/05800_-13959250_1777127077374.jpg,100,stage,shell,file_total,607,0,0,,
20260426_023405,2026-04-26T02:34:46,jetson,,,stage,area0,process_total,32,,,1,
20260426_023405,2026-04-26T02:34:46,jetson,/mnt/windows_share/20260425220419/E1/05801_-13956750_1777127077500.jpg,100,stage,detect,save_json,23,0,0,,
20260426_023405,2026-04-26T02:34:46,jetson,/mnt/windows_share/20260425220419/E1/05801_-13956750_1777127077500.jpg,100,stage,detect,detect_process_total,610,,,,
20260426_023405,2026-04-26T02:34:46,jetson,/mnt/windows_share/20260425220419/E1/05801_-13956750_1777127077500.jpg,100,stage,shell,file_total,610,0,0,,
20260426_023405,2026-04-26T02:34:46,jetson,,,stage,element1,process_total,58,,,1,
20260426_023405,2026-04-26T02:34:46,jetson,,,stage,element0,process_total,63,,,2,
20260426_023405,2026-04-26T02:34:46,jetson,/mnt/windows_share/20260425220419/E1/05804_-13948000_1777127077887.jpg,100,stage,detect,read_image,80,,,,
20260426_023405,2026-04-26T02:34:46,jetson,,,stage,element2,process_total,78,,,1,
20260426_023405,2026-04-26T02:34:46,jetson,/mnt/windows_share/20260425220419/E1/05806_-13942500_1777127078137.jpg,100,stage,detect,read_image,100,,,,
20260426_023405,2026-04-26T02:34:46,jetson,/mnt/windows_share/20260425220419/E1/05805_-13945000_1777127078015.jpg,100,stage,detect,read_image,105,,,,
20260426_023405,2026-04-26T02:34:46,jetson,,,stage,area1,process_total,42,,,1,
20260426_023405,2026-04-26T02:34:46,jetson,,,stage,detail0,process_total,124,,,4,
20260426_023405,2026-04-26T02:34:46,jetson,,,stage,area0,process_total,64,,,1,
20260426_023405,2026-04-26T02:34:46,jetson,,,stage,area1,process_total,72,,,1,
20260426_023405,2026-04-26T02:34:46,jetson,,,stage,detail1,process_total,185,,,5,
20260426_023405,2026-04-26T02:34:46,jetson,,,stage,area1,process_total,85,,,1,
20260426_023405,2026-04-26T02:34:46,jetson,,,stage,area0,process_total,83,,,1,
20260426_023405,2026-04-26T02:34:46,jetson,,,stage,area0,process_total,87,,,1,
20260426_023405,2026-04-26T02:34:46,jetson,/mnt/windows_share/20260425220419/E1/05803_-13950750_1777127077760.jpg,100,stage,detect,save_json,15,1,1,,
20260426_023405,2026-04-26T02:34:46,jetson,/mnt/windows_share/20260425220419/E1/05803_-13950750_1777127077760.jpg,100,stage,detect,detect_process_total,325,,,,
20260426_023405,2026-04-26T02:34:46,jetson,/mnt/windows_share/20260425220419/E1/05803_-13950750_1777127077760.jpg,100,stage,shell,file_total,325,1,1,,
20260426_023405,2026-04-26T02:34:46,jetson,,,stage,element1,process_total,67,,,1,
20260426_023405,2026-04-26T02:34:46,jetson,/mnt/windows_share/20260425220419/E1/05807_-13939750_1777127078264.jpg,100,stage,detect,read_image,82,,,,
20260426_023405,2026-04-26T02:34:47,jetson,,,stage,element1,process_total,151,,,1,
20260426_023405,2026-04-26T02:34:47,jetson,,,stage,element1,process_total,175,,,1,
20260426_023405,2026-04-26T02:34:47,jetson,,,stage,element0,process_total,236,,,2,
20260426_023405,2026-04-26T02:34:47,jetson,,,stage,element2,process_total,255,,,1,
20260426_023405,2026-04-26T02:34:47,jetson,,,stage,element2,process_total,205,,,1,
20260426_023405,2026-04-26T02:34:47,jetson,,,stage,element2,process_total,210,,,1,
20260426_023405,2026-04-26T02:34:47,jetson,,,stage,element0,process_total,225,,,2,
20260426_023405,2026-04-26T02:34:47,jetson,,,stage,area0,process_total,133,,,1,
20260426_023405,2026-04-26T02:34:47,jetson,,,stage,area1,process_total,135,,,1,
20260426_023405,2026-04-26T02:34:47,jetson,,,stage,element0,process_total,223,,,2,
20260426_023405,2026-04-26T02:34:47,jetson,,,stage,element1,process_total,110,,,1,
20260426_023405,2026-04-26T02:34:47,jetson,,,stage,element2,process_total,148,,,1,
20260426_023405,2026-04-26T02:34:47,jetson,,,stage,detail1,process_total,378,,,4,
20260426_023405,2026-04-26T02:34:47,jetson,,,stage,element0,process_total,152,,,2,
20260426_023405,2026-04-26T02:34:47,jetson,,,stage,detail0,process_total,390,,,4,
20260426_023405,2026-04-26T02:34:47,jetson,,,stage,detail1,process_total,453,,,5,
20260426_023405,2026-04-26T02:34:47,jetson,,,stage,detail0,process_total,457,,,5,
20260426_023405,2026-04-26T02:34:47,jetson,,,stage,detail1,process_total,413,,,5,
20260426_023405,2026-04-26T02:34:47,jetson,,,stage,detail0,process_total,416,,,5,
20260426_023405,2026-04-26T02:34:47,jetson,/mnt/windows_share/20260425220419/E1/05805_-13945000_1777127078015.jpg,100,stage,detect,save_json,20,0,0,,
20260426_023405,2026-04-26T02:34:47,jetson,/mnt/windows_share/20260425220419/E1/05805_-13945000_1777127078015.jpg,100,stage,detect,detect_process_total,613,,,,
20260426_023405,2026-04-26T02:34:47,jetson,/mnt/windows_share/20260425220419/E1/05805_-13945000_1777127078015.jpg,100,stage,shell,file_total,613,0,0,,
20260426_023405,2026-04-26T02:34:47,jetson,/mnt/windows_share/20260425220419/E1/05804_-13948000_1777127077887.jpg,100,stage,detect,save_json,25,0,0,,
20260426_023405,2026-04-26T02:34:47,jetson,/mnt/windows_share/20260425220419/E1/05804_-13948000_1777127077887.jpg,100,stage,detect,detect_process_total,629,,,,
20260426_023405,2026-04-26T02:34:47,jetson,/mnt/windows_share/20260425220419/E1/05804_-13948000_1777127077887.jpg,100,stage,shell,file_total,629,0,0,,
20260426_023405,2026-04-26T02:34:47,jetson,,,stage,detail1,process_total,202,,,5,
20260426_023405,2026-04-26T02:34:47,jetson,,,stage,detail0,process_total,209,,,5,
20260426_023405,2026-04-26T02:34:47,jetson,/mnt/windows_share/20260425220419/E1/05806_-13942500_1777127078137.jpg,100,stage,detect,save_json,28,0,0,,
20260426_023405,2026-04-26T02:34:47,jetson,/mnt/windows_share/20260425220419/E1/05806_-13942500_1777127078137.jpg,100,stage,detect,detect_process_total,634,,,,
20260426_023405,2026-04-26T02:34:47,jetson,/mnt/windows_share/20260425220419/E1/05806_-13942500_1777127078137.jpg,100,stage,shell,file_total,634,0,0,,
20260426_023405,2026-04-26T02:34:47,jetson,/mnt/windows_share/20260425220419/E1/05807_-13939750_1777127078264.jpg,100,stage,detect,save_json,44,0,0,,
20260426_023405,2026-04-26T02:34:47,jetson,/mnt/windows_share/20260425220419/E1/05807_-13939750_1777127078264.jpg,100,stage,detect,detect_process_total,473,,,,
20260426_023405,2026-04-26T02:34:47,jetson,/mnt/windows_share/20260425220419/E1/05807_-13939750_1777127078264.jpg,100,stage,shell,file_total,473,0,0,,
20260426_023405,2026-04-26T02:34:47,jetson,/mnt/windows_share/20260425220419/E1/05808_-13936750_1777127078394.jpg,100,stage,detect,read_image,91,,,,
20260426_023405,2026-04-26T02:34:47,jetson,/mnt/windows_share/20260425220419/E1/05809_-13934000_1777127078521.jpg,100,stage,detect,read_image,91,,,,
20260426_023405,2026-04-26T02:34:47,jetson,,,stage,area0,process_total,33,,,1,
20260426_023405,2026-04-26T02:34:47,jetson,,,stage,area1,process_total,36,,,1,
20260426_023405,2026-04-26T02:34:47,jetson,/mnt/windows_share/20260425220419/E1/05810_-13931250_1777127078647.jpg,100,stage,detect,read_image,104,,,,
20260426_023405,2026-04-26T02:34:47,jetson,,,stage,area0,process_total,35,,,1,
20260426_023405,2026-04-26T02:34:47,jetson,/mnt/windows_share/20260425220419/E1/05811_-13928250_1777127078776.jpg,100,stage,detect,read_image,104,,,,
20260426_023405,2026-04-26T02:34:47,jetson,,,stage,area1,process_total,78,,,1,
20260426_023405,2026-04-26T02:34:47,jetson,,,stage,area0,process_total,96,,,1,
20260426_023405,2026-04-26T02:34:47,jetson,,,stage,element1,process_total,134,,,1,
20260426_023405,2026-04-26T02:34:47,jetson,,,stage,area1,process_total,150,,,1,
20260426_023405,2026-04-26T02:34:47,jetson,,,stage,element1,process_total,152,,,1,
20260426_023405,2026-04-26T02:34:47,jetson,,,stage,element0,process_total,208,,,2,
20260426_023405,2026-04-26T02:34:47,jetson,,,stage,area0,process_total,174,,,1,
20260426_023405,2026-04-26T02:34:47,jetson,,,stage,area1,process_total,177,,,1,
20260426_023405,2026-04-26T02:34:47,jetson,,,stage,element2,process_total,272,,,1,
20260426_023405,2026-04-26T02:34:47,jetson,,,stage,element2,process_total,217,,,1,
20260426_023405,2026-04-26T02:34:47,jetson,,,stage,element1,process_total,138,,,1,
20260426_023405,2026-04-26T02:34:47,jetson,,,stage,element0,process_total,252,,,2,
20260426_023405,2026-04-26T02:34:47,jetson,,,stage,element1,process_total,121,,,1,
20260426_023405,2026-04-26T02:34:47,jetson,,,stage,element2,process_total,210,,,1,
20260426_023405,2026-04-26T02:34:47,jetson,,,stage,element0,process_total,227,,,2,
20260426_023405,2026-04-26T02:34:47,jetson,,,stage,element2,process_total,166,,,1,
20260426_023405,2026-04-26T02:34:47,jetson,,,stage,element0,process_total,185,,,2,
20260426_023405,2026-04-26T02:34:47,jetson,,,stage,detail1,process_total,451,,,5,
20260426_023405,2026-04-26T02:34:47,jetson,,,stage,detail0,process_total,471,,,5,
20260426_023405,2026-04-26T02:34:47,jetson,/mnt/windows_share/20260425220419/E1/05808_-13936750_1777127078394.jpg,100,stage,detect,save_json,18,0,0,,
20260426_023405,2026-04-26T02:34:47,jetson,/mnt/windows_share/20260425220419/E1/05808_-13936750_1777127078394.jpg,100,stage,detect,detect_process_total,621,,,,
20260426_023405,2026-04-26T02:34:47,jetson,/mnt/windows_share/20260425220419/E1/05808_-13936750_1777127078394.jpg,100,stage,shell,file_total,621,0,0,,
20260426_023405,2026-04-26T02:34:47,jetson,,,stage,detail1,process_total,442,,,5,
20260426_023405,2026-04-26T02:34:47,jetson,,,stage,detail0,process_total,452,,,5,
20260426_023405,2026-04-26T02:34:47,jetson,,,stage,detail1,process_total,362,,,5,
20260426_023405,2026-04-26T02:34:47,jetson,,,stage,detail0,process_total,368,,,5,
20260426_023405,2026-04-26T02:34:47,jetson,,,stage,detail1,process_total,304,,,5,
20260426_023405,2026-04-26T02:34:47,jetson,/mnt/windows_share/20260425220419/E1/05809_-13934000_1777127078521.jpg,100,stage,detect,save_json,16,0,0,,
20260426_023405,2026-04-26T02:34:47,jetson,/mnt/windows_share/20260425220419/E1/05809_-13934000_1777127078521.jpg,100,stage,detect,detect_process_total,641,,,,
20260426_023405,2026-04-26T02:34:47,jetson,/mnt/windows_share/20260425220419/E1/05809_-13934000_1777127078521.jpg,100,stage,shell,file_total,641,0,0,,
20260426_023405,2026-04-26T02:34:47,jetson,,,stage,detail0,process_total,305,,,5,
20260426_023405,2026-04-26T02:34:47,jetson,/mnt/windows_share/20260425220419/E1/05810_-13931250_1777127078647.jpg,100,stage,detect,save_json,15,0,0,,
20260426_023405,2026-04-26T02:34:47,jetson,/mnt/windows_share/20260425220419/E1/05810_-13931250_1777127078647.jpg,100,stage,detect,detect_process_total,646,,,,
20260426_023405,2026-04-26T02:34:47,jetson,/mnt/windows_share/20260425220419/E1/05810_-13931250_1777127078647.jpg,100,stage,shell,file_total,646,0,0,,
20260426_023405,2026-04-26T02:34:47,jetson,/mnt/windows_share/20260425220419/E1/05811_-13928250_1777127078776.jpg,100,stage,detect,save_json,24,0,0,,
20260426_023405,2026-04-26T02:34:47,jetson,/mnt/windows_share/20260425220419/E1/05811_-13928250_1777127078776.jpg,100,stage,detect,detect_process_total,614,,,,
20260426_023405,2026-04-26T02:34:47,jetson,/mnt/windows_share/20260425220419/E1/05811_-13928250_1777127078776.jpg,100,stage,shell,file_total,614,0,0,,
20260426_023405,2026-04-26T02:34:47,jetson,/mnt/windows_share/20260425220419/E1/05812_-13925750_1777127078897.jpg,100,stage,detect,read_image,89,,,,
20260426_023405,2026-04-26T02:34:48,jetson,,,stage,area1,process_total,27,,,1,
20260426_023405,2026-04-26T02:34:48,jetson,,,stage,area0,process_total,34,,,1,
20260426_023405,2026-04-26T02:34:48,jetson,/mnt/windows_share/20260425220419/E1/05813_-13923000_1777127079022.jpg,100,stage,detect,read_image,104,,,,
20260426_023405,2026-04-26T02:34:48,jetson,/mnt/windows_share/20260425220419/E1/05814_-13920000_1777127079149.jpg,100,stage,detect,read_image,88,,,,
20260426_023405,2026-04-26T02:34:48,jetson,/mnt/windows_share/20260425220419/E1/05815_-13917250_1777127079277.jpg,100,stage,detect,read_image,95,,,,
20260426_023405,2026-04-26T02:34:48,jetson,,,stage,element1,process_total,50,,,1,
20260426_023405,2026-04-26T02:34:48,jetson,,,stage,element0,process_total,104,,,2,
20260426_023405,2026-04-26T02:34:48,jetson,,,stage,area0,process_total,112,,,1,
20260426_023405,2026-04-26T02:34:48,jetson,,,stage,area1,process_total,121,,,1,
20260426_023405,2026-04-26T02:34:48,jetson,,,stage,area0,process_total,122,,,1,
20260426_023405,2026-04-26T02:34:48,jetson,,,stage,area1,process_total,123,,,1,
20260426_023405,2026-04-26T02:34:48,jetson,,,stage,area0,process_total,109,,,1,
20260426_023405,2026-04-26T02:34:48,jetson,,,stage,area1,process_total,127,,,1,
20260426_023405,2026-04-26T02:34:48,jetson,,,stage,element2,process_total,229,,,1,
20260426_023405,2026-04-26T02:34:48,jetson,,,stage,element1,process_total,149,,,1,
20260426_023405,2026-04-26T02:34:48,jetson,,,stage,element1,process_total,185,,,1,
20260426_023405,2026-04-26T02:34:48,jetson,,,stage,element1,process_total,166,,,1,
20260426_023405,2026-04-26T02:34:48,jetson,,,stage,detail1,process_total,354,,,4,
20260426_023405,2026-04-26T02:34:48,jetson,,,stage,element2,process_total,238,,,1,
20260426_023405,2026-04-26T02:34:48,jetson,,,stage,element2,process_total,231,,,1,
20260426_023405,2026-04-26T02:34:48,jetson,,,stage,element2,process_total,211,,,1,
20260426_023405,2026-04-26T02:34:48,jetson,,,stage,element0,process_total,243,,,2,
20260426_023405,2026-04-26T02:34:48,jetson,,,stage,element0,process_total,250,,,2,
20260426_023405,2026-04-26T02:34:48,jetson,,,stage,element0,process_total,227,,,2,
20260426_023405,2026-04-26T02:34:48,jetson,,,stage,detail0,process_total,426,,,4,
20260426_023405,2026-04-26T02:34:48,jetson,/mnt/windows_share/20260425220419/E1/05812_-13925750_1777127078897.jpg,100,stage,detect,save_json,23,0,0,,
20260426_023405,2026-04-26T02:34:48,jetson,/mnt/windows_share/20260425220419/E1/05812_-13925750_1777127078897.jpg,100,stage,detect,detect_process_total,576,,,,
20260426_023405,2026-04-26T02:34:48,jetson,/mnt/windows_share/20260425220419/E1/05812_-13925750_1777127078897.jpg,100,stage,shell,file_total,576,0,0,,
20260426_023405,2026-04-26T02:34:48,jetson,,,stage,detail1,process_total,318,,,4,
20260426_023405,2026-04-26T02:34:48,jetson,,,stage,detail0,process_total,332,,,4,
20260426_023405,2026-04-26T02:34:48,jetson,,,stage,detail0,process_total,313,,,4,
20260426_023405,2026-04-26T02:34:48,jetson,,,stage,detail1,process_total,350,,,5,
20260426_023405,2026-04-26T02:34:48,jetson,,,stage,detail1,process_total,307,,,5,
20260426_023405,2026-04-26T02:34:48,jetson,,,stage,detail0,process_total,351,,,5,
20260426_023405,2026-04-26T02:34:48,jetson,/mnt/windows_share/20260425220419/E1/05814_-13920000_1777127079149.jpg,100,stage,detect,save_json,28,0,0,,
20260426_023405,2026-04-26T02:34:48,jetson,/mnt/windows_share/20260425220419/E1/05814_-13920000_1777127079149.jpg,100,stage,detect,detect_process_total,580,,,,
20260426_023405,2026-04-26T02:34:48,jetson,/mnt/windows_share/20260425220419/E1/05814_-13920000_1777127079149.jpg,100,stage,shell,file_total,580,0,0,,
20260426_023405,2026-04-26T02:34:48,jetson,/mnt/windows_share/20260425220419/E1/05815_-13917250_1777127079277.jpg,100,stage,detect,save_json,21,0,0,,
20260426_023405,2026-04-26T02:34:48,jetson,/mnt/windows_share/20260425220419/E1/05815_-13917250_1777127079277.jpg,100,stage,detect,detect_process_total,576,,,,
20260426_023405,2026-04-26T02:34:48,jetson,/mnt/windows_share/20260425220419/E1/05815_-13917250_1777127079277.jpg,100,stage,shell,file_total,576,0,0,,
20260426_023405,2026-04-26T02:34:48,jetson,/mnt/windows_share/20260425220419/E1/05813_-13923000_1777127079022.jpg,100,stage,detect,save_json,23,0,0,,
20260426_023405,2026-04-26T02:34:48,jetson,/mnt/windows_share/20260425220419/E1/05813_-13923000_1777127079022.jpg,100,stage,detect,detect_process_total,604,,,,
20260426_023405,2026-04-26T02:34:48,jetson,/mnt/windows_share/20260425220419/E1/05813_-13923000_1777127079022.jpg,100,stage,shell,file_total,604,0,0,,
20260426_023405,2026-04-26T02:34:48,jetson,/mnt/windows_share/20260425220419/E1/05816_-13914500_1777127079399.jpg,100,stage,detect,read_image,106,,,,
20260426_023405,2026-04-26T02:34:48,jetson,,,stage,area0,process_total,25,,,1,
20260426_023405,2026-04-26T02:34:48,jetson,,,stage,area1,process_total,32,,,1,
20260426_023405,2026-04-26T02:34:48,jetson,/mnt/windows_share/20260425220419/E1/05818_-13909000_1777127079652.jpg,100,stage,detect,read_image,86,,,,
20260426_023405,2026-04-26T02:34:48,jetson,/mnt/windows_share/20260425220419/E1/05817_-13911750_1777127079524.jpg,100,stage,detect,read_image,91,,,,
20260426_023405,2026-04-26T02:34:48,jetson,/mnt/windows_share/20260425220419/E1/05819_-13907000_1777127079771.jpg,100,stage,detect,read_image,110,,,,
20260426_023405,2026-04-26T02:34:48,jetson,,,stage,area1,process_total,69,,,1,
20260426_023405,2026-04-26T02:34:48,jetson,,,stage,element1,process_total,109,,,1,
20260426_023405,2026-04-26T02:34:48,jetson,,,stage,element0,process_total,110,,,2,
20260426_023405,2026-04-26T02:34:48,jetson,,,stage,area1,process_total,93,,,1,
20260426_023405,2026-04-26T02:34:48,jetson,,,stage,area0,process_total,106,,,1,
20260426_023405,2026-04-26T02:34:48,jetson,,,stage,area0,process_total,114,,,1,
20260426_023405,2026-04-26T02:34:48,jetson,,,stage,area1,process_total,100,,,1,
20260426_023405,2026-04-26T02:34:48,jetson,,,stage,area0,process_total,135,,,1,
20260426_023405,2026-04-26T02:34:48,jetson,,,stage,element2,process_total,264,,,1,
20260426_023405,2026-04-26T02:34:48,jetson,,,stage,element1,process_total,190,,,1,
20260426_023405,2026-04-26T02:34:48,jetson,,,stage,element1,process_total,186,,,1,
20260426_023405,2026-04-26T02:34:48,jetson,,,stage,element1,process_total,179,,,1,
20260426_023405,2026-04-26T02:34:48,jetson,,,stage,detail1,process_total,366,,,4,
20260426_023405,2026-04-26T02:34:48,jetson,,,stage,element0,process_total,258,,,2,
20260426_023405,2026-04-26T02:34:48,jetson,,,stage,element2,process_total,238,,,1,
20260426_023405,2026-04-26T02:34:48,jetson,,,stage,element2,process_total,260,,,1,
20260426_023405,2026-04-26T02:34:49,jetson,,,stage,detail0,process_total,378,,,4,
20260426_023405,2026-04-26T02:34:49,jetson,,,stage,element0,process_total,256,,,2,
20260426_023405,2026-04-26T02:34:49,jetson,,,stage,element2,process_total,213,,,1,
20260426_023405,2026-04-26T02:34:49,jetson,/mnt/windows_share/20260425220419/E1/05816_-13914500_1777127079399.jpg,100,stage,detect,save_json,16,1,1,,
20260426_023405,2026-04-26T02:34:49,jetson,/mnt/windows_share/20260425220419/E1/05816_-13914500_1777127079399.jpg,100,stage,detect,detect_process_total,536,,,,
20260426_023405,2026-04-26T02:34:49,jetson,/mnt/windows_share/20260425220419/E1/05816_-13914500_1777127079399.jpg,100,stage,shell,file_total,536,1,1,,
20260426_023405,2026-04-26T02:34:49,jetson,,,stage,element0,process_total,218,,,2,
20260426_023405,2026-04-26T02:34:49,jetson,,,stage,detail1,process_total,294,,,4,
20260426_023405,2026-04-26T02:34:49,jetson,,,stage,detail0,process_total,296,,,4,
20260426_023405,2026-04-26T02:34:49,jetson,/mnt/windows_share/20260425220419/E1/05820_-13903250_1777127079901.jpg,100,stage,detect,read_image,80,,,,
20260426_023405,2026-04-26T02:34:49,jetson,,,stage,detail1,process_total,366,,,5,
20260426_023405,2026-04-26T02:34:49,jetson,,,stage,detail0,process_total,371,,,5,
20260426_023405,2026-04-26T02:34:49,jetson,,,stage,detail1,process_total,354,,,5,
20260426_023405,2026-04-26T02:34:49,jetson,,,stage,detail0,process_total,364,,,5,
20260426_023405,2026-04-26T02:34:49,jetson,/mnt/windows_share/20260425220419/E1/05819_-13907000_1777127079771.jpg,100,stage,detect,save_json,14,0,0,,
20260426_023405,2026-04-26T02:34:49,jetson,/mnt/windows_share/20260425220419/E1/05819_-13907000_1777127079771.jpg,100,stage,detect,detect_process_total,568,,,,
20260426_023405,2026-04-26T02:34:49,jetson,/mnt/windows_share/20260425220419/E1/05819_-13907000_1777127079771.jpg,100,stage,shell,file_total,568,0,0,,
20260426_023405,2026-04-26T02:34:49,jetson,,,stage,area1,process_total,20,,,1,
20260426_023405,2026-04-26T02:34:49,jetson,,,stage,area0,process_total,27,,,1,
20260426_023405,2026-04-26T02:34:49,jetson,/mnt/windows_share/20260425220419/E1/05817_-13911750_1777127079524.jpg,100,stage,detect,save_json,18,0,0,,
20260426_023405,2026-04-26T02:34:49,jetson,/mnt/windows_share/20260425220419/E1/05818_-13909000_1777127079652.jpg,100,stage,detect,save_json,19,0,0,,
20260426_023405,2026-04-26T02:34:49,jetson,/mnt/windows_share/20260425220419/E1/05817_-13911750_1777127079524.jpg,100,stage,detect,detect_process_total,591,,,,
20260426_023405,2026-04-26T02:34:49,jetson,/mnt/windows_share/20260425220419/E1/05817_-13911750_1777127079524.jpg,100,stage,shell,file_total,591,0,0,,
20260426_023405,2026-04-26T02:34:49,jetson,/mnt/windows_share/20260425220419/E1/05818_-13909000_1777127079652.jpg,100,stage,detect,detect_process_total,588,,,,
20260426_023405,2026-04-26T02:34:49,jetson,/mnt/windows_share/20260425220419/E1/05818_-13909000_1777127079652.jpg,100,stage,shell,file_total,588,0,0,,
20260426_023405,2026-04-26T02:34:49,jetson,,,stage,element1,process_total,67,,,1,
20260426_023405,2026-04-26T02:34:49,jetson,/mnt/windows_share/20260425220419/E1/05821_-13900750_1777127080024.jpg,100,stage,detect,read_image,85,,,,
20260426_023405,2026-04-26T02:34:49,jetson,,,stage,element0,process_total,83,,,2,
20260426_023405,2026-04-26T02:34:49,jetson,/mnt/windows_share/20260425220419/E1/05822_-13898250_1777127080139.jpg,100,stage,detect,read_image,87,,,,
20260426_023405,2026-04-26T02:34:49,jetson,,,stage,element2,process_total,97,,,1,
20260426_023405,2026-04-26T02:34:49,jetson,,,stage,area0,process_total,41,,,1,
20260426_023405,2026-04-26T02:34:49,jetson,/mnt/windows_share/20260425220419/E1/05823_-13895250_1777127080263.jpg,100,stage,detect,read_image,126,,,,
20260426_023405,2026-04-26T02:34:49,jetson,,,stage,area1,process_total,66,,,1,
20260426_023405,2026-04-26T02:34:49,jetson,,,stage,area1,process_total,60,,,1,
20260426_023405,2026-04-26T02:34:49,jetson,,,stage,area0,process_total,60,,,1,
20260426_023405,2026-04-26T02:34:49,jetson,,,stage,area1,process_total,73,,,1,
20260426_023405,2026-04-26T02:34:49,jetson,,,stage,detail1,process_total,244,,,5,
20260426_023405,2026-04-26T02:34:49,jetson,,,stage,area0,process_total,131,,,1,
20260426_023405,2026-04-26T02:34:49,jetson,,,stage,detail0,process_total,263,,,5,
20260426_023405,2026-04-26T02:34:49,jetson,/mnt/windows_share/20260425220419/E1/05820_-13903250_1777127079901.jpg,100,stage,detect,save_json,17,0,0,,
20260426_023405,2026-04-26T02:34:49,jetson,/mnt/windows_share/20260425220419/E1/05820_-13903250_1777127079901.jpg,100,stage,detect,detect_process_total,395,,,,
20260426_023405,2026-04-26T02:34:49,jetson,/mnt/windows_share/20260425220419/E1/05820_-13903250_1777127079901.jpg,100,stage,shell,file_total,395,0,0,,
20260426_023405,2026-04-26T02:34:49,jetson,,,stage,element1,process_total,136,,,1,
20260426_023405,2026-04-26T02:34:49,jetson,,,stage,element1,process_total,142,,,1,
20260426_023405,2026-04-26T02:34:49,jetson,,,stage,element2,process_total,191,,,1,
20260426_023405,2026-04-26T02:34:49,jetson,,,stage,element2,process_total,191,,,1,
20260426_023405,2026-04-26T02:34:49,jetson,,,stage,element0,process_total,207,,,2,
20260426_023405,2026-04-26T02:34:49,jetson,,,stage,element1,process_total,110,,,1,
20260426_023405,2026-04-26T02:34:49,jetson,/mnt/windows_share/20260425220419/E1/05824_-13892500_1777127080388.jpg,100,stage,detect,read_image,92,,,,
20260426_023405,2026-04-26T02:34:49,jetson,,,stage,element0,process_total,223,,,2,
20260426_023405,2026-04-26T02:34:49,jetson,,,stage,element2,process_total,147,,,1,
20260426_023405,2026-04-26T02:34:49,jetson,,,stage,element0,process_total,170,,,2,
20260426_023405,2026-04-26T02:34:49,jetson,,,stage,area1,process_total,75,,,1,
20260426_023405,2026-04-26T02:34:49,jetson,,,stage,area0,process_total,78,,,1,
20260426_023405,2026-04-26T02:34:49,jetson,,,stage,detail1,process_total,354,,,4,
20260426_023405,2026-04-26T02:34:49,jetson,,,stage,detail0,process_total,373,,,4,
20260426_023405,2026-04-26T02:34:49,jetson,/mnt/windows_share/20260425220419/E1/05821_-13900750_1777127080024.jpg,100,stage,detect,save_json,15,0,0,,
20260426_023405,2026-04-26T02:34:49,jetson,/mnt/windows_share/20260425220419/E1/05821_-13900750_1777127080024.jpg,100,stage,detect,detect_process_total,554,,,,
20260426_023405,2026-04-26T02:34:49,jetson,/mnt/windows_share/20260425220419/E1/05821_-13900750_1777127080024.jpg,100,stage,shell,file_total,554,0,0,,
20260426_023405,2026-04-26T02:34:49,jetson,,,stage,element1,process_total,80,,,1,
20260426_023405,2026-04-26T02:34:49,jetson,,,stage,detail0,process_total,393,,,5,
20260426_023405,2026-04-26T02:34:49,jetson,,,stage,detail1,process_total,413,,,5,
20260426_023405,2026-04-26T02:34:49,jetson,,,stage,element2,process_total,115,,,1,
20260426_023405,2026-04-26T02:34:49,jetson,,,stage,element0,process_total,122,,,2,
20260426_023405,2026-04-26T02:34:49,jetson,/mnt/windows_share/20260425220419/E1/05822_-13898250_1777127080139.jpg,100,stage,detect,save_json,20,0,0,,
20260426_023405,2026-04-26T02:34:49,jetson,/mnt/windows_share/20260425220419/E1/05822_-13898250_1777127080139.jpg,100,stage,detect,detect_process_total,584,,,,
20260426_023405,2026-04-26T02:34:49,jetson,/mnt/windows_share/20260425220419/E1/05822_-13898250_1777127080139.jpg,100,stage,shell,file_total,584,0,0,,
20260426_023405,2026-04-26T02:34:49,jetson,,,stage,detail0,process_total,325,,,5,
20260426_023405,2026-04-26T02:34:49,jetson,,,stage,detail1,process_total,331,,,5,
20260426_023405,2026-04-26T02:34:49,jetson,,,stage,detail1,process_total,150,,,4,
20260426_023405,2026-04-26T02:34:49,jetson,,,stage,detail0,process_total,150,,,4,
20260426_023405,2026-04-26T02:34:49,jetson,/mnt/windows_share/20260425220419/E1/05823_-13895250_1777127080263.jpg,100,stage,detect,save_json,26,0,0,,
20260426_023405,2026-04-26T02:34:49,jetson,/mnt/windows_share/20260425220419/E1/05823_-13895250_1777127080263.jpg,100,stage,detect,detect_process_total,616,,,,
20260426_023405,2026-04-26T02:34:49,jetson,/mnt/windows_share/20260425220419/E1/05823_-13895250_1777127080263.jpg,100,stage,shell,file_total,616,0,0,,
20260426_023405,2026-04-26T02:34:49,jetson,/mnt/windows_share/20260425220419/E1/05825_-13889750_1777127080513.jpg,100,stage,detect,read_image,84,,,,
20260426_023405,2026-04-26T02:34:49,jetson,/mnt/windows_share/20260425220419/E1/05824_-13892500_1777127080388.jpg,100,stage,detect,save_json,24,0,0,,
20260426_023405,2026-04-26T02:34:49,jetson,/mnt/windows_share/20260425220419/E1/05824_-13892500_1777127080388.jpg,100,stage,detect,detect_process_total,351,,,,
20260426_023405,2026-04-26T02:34:49,jetson,/mnt/windows_share/20260425220419/E1/05824_-13892500_1777127080388.jpg,100,stage,shell,file_total,351,0,0,,
20260426_023405,2026-04-26T02:34:49,jetson,,,stage,area0,process_total,25,,,1,
20260426_023405,2026-04-26T02:34:49,jetson,,,stage,area1,process_total,33,,,1,
20260426_023405,2026-04-26T02:34:49,jetson,/mnt/windows_share/20260425220419/E1/05826_-13886750_1777127080641.jpg,100,stage,detect,read_image,83,,,,
20260426_023405,2026-04-26T02:34:49,jetson,/mnt/windows_share/20260425220419/E1/05827_-13884000_1777127080762.jpg,100,stage,detect,read_image,82,,,,
20260426_023405,2026-04-26T02:34:49,jetson,/mnt/windows_share/20260425220419/E1/05828_-13881250_1777127080881.jpg,100,stage,detect,read_image,115,,,,
20260426_023405,2026-04-26T02:34:49,jetson,,,stage,element1,process_total,130,,,1,
20260426_023405,2026-04-26T02:34:49,jetson,,,stage,area1,process_total,111,,,1,
20260426_023405,2026-04-26T02:34:49,jetson,,,stage,area0,process_total,122,,,1,
20260426_023405,2026-04-26T02:34:49,jetson,,,stage,area1,process_total,105,,,1,
20260426_023405,2026-04-26T02:34:49,jetson,,,stage,area0,process_total,109,,,1,
20260426_023405,2026-04-26T02:34:49,jetson,,,stage,element2,process_total,194,,,1,
20260426_023405,2026-04-26T02:34:50,jetson,,,stage,element0,process_total,225,,,2,
20260426_023405,2026-04-26T02:34:50,jetson,,,stage,area1,process_total,132,,,1,
20260426_023405,2026-04-26T02:34:50,jetson,,,stage,area0,process_total,133,,,1,
20260426_023405,2026-04-26T02:34:50,jetson,,,stage,element1,process_total,157,,,1,
20260426_023405,2026-04-26T02:34:50,jetson,,,stage,element1,process_total,154,,,1,
20260426_023405,2026-04-26T02:34:50,jetson,,,stage,element2,process_total,214,,,1,
20260426_023405,2026-04-26T02:34:50,jetson,,,stage,element1,process_total,136,,,1,
20260426_023405,2026-04-26T02:34:50,jetson,,,stage,element2,process_total,223,,,1,
20260426_023405,2026-04-26T02:34:50,jetson,,,stage,detail0,process_total,385,,,5,
20260426_023405,2026-04-26T02:34:50,jetson,,,stage,element0,process_total,250,,,2,
20260426_023405,2026-04-26T02:34:50,jetson,,,stage,element0,process_total,232,,,2,
20260426_023405,2026-04-26T02:34:50,jetson,,,stage,element2,process_total,180,,,1,
20260426_023405,2026-04-26T02:34:50,jetson,,,stage,detail1,process_total,418,,,5,
20260426_023405,2026-04-26T02:34:50,jetson,,,stage,element0,process_total,189,,,2,
20260426_023405,2026-04-26T02:34:50,jetson,/mnt/windows_share/20260425220419/E1/05825_-13889750_1777127080513.jpg,100,stage,detect,save_json,16,0,0,,
20260426_023405,2026-04-26T02:34:50,jetson,/mnt/windows_share/20260425220419/E1/05825_-13889750_1777127080513.jpg,100,stage,detect,detect_process_total,554,,,,
20260426_023405,2026-04-26T02:34:50,jetson,/mnt/windows_share/20260425220419/E1/05825_-13889750_1777127080513.jpg,100,stage,shell,file_total,554,0,0,,
20260426_023405,2026-04-26T02:34:50,jetson,,,stage,detail1,process_total,267,,,4,
20260426_023405,2026-04-26T02:34:50,jetson,,,stage,detail1,process_total,362,,,5,
20260426_023405,2026-04-26T02:34:50,jetson,,,stage,detail1,process_total,343,,,5,
20260426_023405,2026-04-26T02:34:50,jetson,,,stage,detail0,process_total,271,,,4,
20260426_023405,2026-04-26T02:34:50,jetson,,,stage,detail0,process_total,368,,,5,
20260426_023405,2026-04-26T02:34:50,jetson,,,stage,detail0,process_total,348,,,5,
20260426_023405,2026-04-26T02:34:50,jetson,/mnt/windows_share/20260425220419/E1/05828_-13881250_1777127080881.jpg,100,stage,detect,save_json,18,0,0,,
20260426_023405,2026-04-26T02:34:50,jetson,/mnt/windows_share/20260425220419/E1/05828_-13881250_1777127080881.jpg,100,stage,detect,detect_process_total,540,,,,
20260426_023405,2026-04-26T02:34:50,jetson,/mnt/windows_share/20260425220419/E1/05828_-13881250_1777127080881.jpg,100,stage,shell,file_total,541,0,0,,
20260426_023405,2026-04-26T02:34:50,jetson,/mnt/windows_share/20260425220419/E1/05829_-13878500_1777127080999.jpg,100,stage,detect,read_image,86,,,,
20260426_023405,2026-04-26T02:34:50,jetson,/mnt/windows_share/20260425220419/E1/05826_-13886750_1777127080641.jpg,100,stage,detect,save_json,25,0,0,,
20260426_023405,2026-04-26T02:34:50,jetson,/mnt/windows_share/20260425220419/E1/05826_-13886750_1777127080641.jpg,100,stage,detect,detect_process_total,602,,,,
20260426_023405,2026-04-26T02:34:50,jetson,/mnt/windows_share/20260425220419/E1/05826_-13886750_1777127080641.jpg,100,stage,shell,file_total,602,0,0,,
20260426_023405,2026-04-26T02:34:50,jetson,/mnt/windows_share/20260425220419/E1/05827_-13884000_1777127080762.jpg,100,stage,detect,save_json,26,0,0,,
20260426_023405,2026-04-26T02:34:50,jetson,/mnt/windows_share/20260425220419/E1/05827_-13884000_1777127080762.jpg,100,stage,detect,detect_process_total,571,,,,
20260426_023405,2026-04-26T02:34:50,jetson,/mnt/windows_share/20260425220419/E1/05827_-13884000_1777127080762.jpg,100,stage,shell,file_total,571,0,0,,
20260426_023405,2026-04-26T02:34:50,jetson,,,stage,area1,process_total,20,,,1,
20260426_023405,2026-04-26T02:34:50,jetson,,,stage,area0,process_total,27,,,1,
20260426_023405,2026-04-26T02:34:50,jetson,/mnt/windows_share/20260425220419/E1/05830_-13876000_1777127081121.jpg,100,stage,detect,read_image,82,,,,
20260426_023405,2026-04-26T02:34:50,jetson,,,stage,element1,process_total,61,,,1,
20260426_023405,2026-04-26T02:34:50,jetson,/mnt/windows_share/20260425220419/E1/05831_-13873000_1777127081240.jpg,100,stage,detect,read_image,94,,,,
20260426_023405,2026-04-26T02:34:50,jetson,/mnt/windows_share/20260425220419/E1/05832_-13870500_1777127081358.jpg,100,stage,detect,read_image,103,,,,
20260426_023405,2026-04-26T02:34:50,jetson,,,stage,element2,process_total,90,,,1,
20260426_023405,2026-04-26T02:34:50,jetson,,,stage,element0,process_total,122,,,2,
20260426_023405,2026-04-26T02:34:50,jetson,,,stage,area0,process_total,72,,,1,
20260426_023405,2026-04-26T02:34:50,jetson,,,stage,area1,process_total,78,,,1,
20260426_023405,2026-04-26T02:34:50,jetson,,,stage,area1,process_total,89,,,1,
20260426_023405,2026-04-26T02:34:50,jetson,,,stage,area0,process_total,90,,,1,
20260426_023405,2026-04-26T02:34:50,jetson,,,stage,area0,process_total,84,,,1,
20260426_023405,2026-04-26T02:34:50,jetson,,,stage,area1,process_total,112,,,1,
20260426_023405,2026-04-26T02:34:50,jetson,,,stage,element1,process_total,147,,,1,
20260426_023405,2026-04-26T02:34:50,jetson,,,stage,element1,process_total,163,,,1,
20260426_023405,2026-04-26T02:34:50,jetson,,,stage,element1,process_total,142,,,1,
20260426_023405,2026-04-26T02:34:50,jetson,,,stage,element2,process_total,246,,,1,
20260426_023405,2026-04-26T02:34:50,jetson,,,stage,element0,process_total,249,,,2,
20260426_023405,2026-04-26T02:34:50,jetson,,,stage,element2,process_total,217,,,1,
20260426_023405,2026-04-26T02:34:50,jetson,,,stage,element2,process_total,199,,,1,
20260426_023405,2026-04-26T02:34:50,jetson,,,stage,element0,process_total,238,,,2,
20260426_023405,2026-04-26T02:34:50,jetson,,,stage,element0,process_total,213,,,2,
20260426_023405,2026-04-26T02:34:50,jetson,,,stage,detail1,process_total,431,,,5,
20260426_023405,2026-04-26T02:34:50,jetson,,,stage,detail0,process_total,447,,,5,
20260426_023405,2026-04-26T02:34:50,jetson,/mnt/windows_share/20260425220419/E1/05829_-13878500_1777127080999.jpg,100,stage,detect,save_json,17,0,0,,
20260426_023405,2026-04-26T02:34:50,jetson,/mnt/windows_share/20260425220419/E1/05829_-13878500_1777127080999.jpg,100,stage,detect,detect_process_total,583,,,,
20260426_023405,2026-04-26T02:34:50,jetson,/mnt/windows_share/20260425220419/E1/05829_-13878500_1777127080999.jpg,100,stage,shell,file_total,583,0,0,,
20260426_023405,2026-04-26T02:34:50,jetson,,,stage,detail1,process_total,328,,,4,
20260426_023405,2026-04-26T02:34:50,jetson,,,stage,detail0,process_total,335,,,4,
20260426_023405,2026-04-26T02:34:50,jetson,,,stage,detail1,process_total,368,,,5,
20260426_023405,2026-04-26T02:34:50,jetson,,,stage,detail1,process_total,314,,,5,
20260426_023405,2026-04-26T02:34:50,jetson,,,stage,detail0,process_total,318,,,5,
20260426_023405,2026-04-26T02:34:50,jetson,,,stage,detail0,process_total,385,,,5,
20260426_023405,2026-04-26T02:34:50,jetson,/mnt/windows_share/20260425220419/E1/05831_-13873000_1777127081240.jpg,100,stage,detect,save_json,17,0,0,,
20260426_023405,2026-04-26T02:34:50,jetson,/mnt/windows_share/20260425220419/E1/05831_-13873000_1777127081240.jpg,100,stage,detect,detect_process_total,538,,,,
20260426_023405,2026-04-26T02:34:50,jetson,/mnt/windows_share/20260425220419/E1/05831_-13873000_1777127081240.jpg,100,stage,shell,file_total,538,0,0,,
20260426_023405,2026-04-26T02:34:50,jetson,/mnt/windows_share/20260425220419/E1/05832_-13870500_1777127081358.jpg,100,stage,detect,save_json,19,0,0,,
20260426_023405,2026-04-26T02:34:50,jetson,/mnt/windows_share/20260425220419/E1/05830_-13876000_1777127081121.jpg,100,stage,detect,save_json,17,0,0,,
20260426_023405,2026-04-26T02:34:50,jetson,/mnt/windows_share/20260425220419/E1/05832_-13870500_1777127081358.jpg,100,stage,detect,detect_process_total,555,,,,
20260426_023405,2026-04-26T02:34:50,jetson,/mnt/windows_share/20260425220419/E1/05832_-13870500_1777127081358.jpg,100,stage,shell,file_total,555,0,0,,
20260426_023405,2026-04-26T02:34:50,jetson,/mnt/windows_share/20260425220419/E1/05830_-13876000_1777127081121.jpg,100,stage,detect,detect_process_total,566,,,,
20260426_023405,2026-04-26T02:34:50,jetson,/mnt/windows_share/20260425220419/E1/05830_-13876000_1777127081121.jpg,100,stage,shell,file_total,566,0,0,,
20260426_023405,2026-04-26T02:34:50,jetson,/mnt/windows_share/20260425220419/E1/05833_-13867750_1777127081479.jpg,100,stage,detect,read_image,87,,,,
20260426_023405,2026-04-26T02:34:50,jetson,,,stage,area1,process_total,20,,,1,
20260426_023405,2026-04-26T02:34:50,jetson,,,stage,area0,process_total,28,,,1,
20260426_023405,2026-04-26T02:34:50,jetson,/mnt/windows_share/20260425220419/E1/05834_-13865000_1777127081595.jpg,100,stage,detect,read_image,86,,,,
20260426_023405,2026-04-26T02:34:50,jetson,,,stage,element1,process_total,56,,,1,
20260426_023405,2026-04-26T02:34:51,jetson,/mnt/windows_share/20260425220419/E1/05836_-13859750_1777127081831.jpg,100,stage,detect,read_image,122,,,,
20260426_023405,2026-04-26T02:34:51,jetson,/mnt/windows_share/20260425220419/E1/05835_-13862500_1777127081709.jpg,100,stage,detect,read_image,127,,,,
20260426_023405,2026-04-26T02:34:51,jetson,,,stage,element0,process_total,126,,,2,
20260426_023405,2026-04-26T02:34:51,jetson,,,stage,area0,process_total,115,,,1,
20260426_023405,2026-04-26T02:34:51,jetson,,,stage,area1,process_total,116,,,1,
20260426_023405,2026-04-26T02:34:51,jetson,,,stage,area1,process_total,116,,,1,
20260426_023405,2026-04-26T02:34:51,jetson,,,stage,area0,process_total,117,,,1,
20260426_023405,2026-04-26T02:34:51,jetson,,,stage,element2,process_total,195,,,1,
20260426_023405,2026-04-26T02:34:51,jetson,,,stage,area1,process_total,116,,,1,
20260426_023405,2026-04-26T02:34:51,jetson,,,stage,area0,process_total,119,,,1,
20260426_023405,2026-04-26T02:34:51,jetson,,,stage,detail0,process_total,271,,,4,
20260426_023405,2026-04-26T02:34:51,jetson,,,stage,detail1,process_total,275,,,4,
20260426_023405,2026-04-26T02:34:51,jetson,/mnt/windows_share/20260425220419/E1/05833_-13867750_1777127081479.jpg,100,stage,detect,save_json,16,0,0,,
20260426_023405,2026-04-26T02:34:51,jetson,/mnt/windows_share/20260425220419/E1/05833_-13867750_1777127081479.jpg,100,stage,detect,detect_process_total,410,,,,
20260426_023405,2026-04-26T02:34:51,jetson,/mnt/windows_share/20260425220419/E1/05833_-13867750_1777127081479.jpg,100,stage,shell,file_total,410,0,0,,
20260426_023405,2026-04-26T02:34:51,jetson,,,stage,element1,process_total,166,,,1,
20260426_023405,2026-04-26T02:34:51,jetson,,,stage,element1,process_total,169,,,1,
20260426_023405,2026-04-26T02:34:51,jetson,,,stage,element1,process_total,169,,,1,
20260426_023405,2026-04-26T02:34:51,jetson,,,stage,element2,process_total,231,,,1,
20260426_023405,2026-04-26T02:34:51,jetson,/mnt/windows_share/20260425220419/E1/05837_-13856750_1777127081950.jpg,100,stage,detect,read_image,78,,,,
20260426_023405,2026-04-26T02:34:51,jetson,,,stage,element0,process_total,262,,,2,
20260426_023405,2026-04-26T02:34:51,jetson,,,stage,element2,process_total,227,,,1,
20260426_023405,2026-04-26T02:34:51,jetson,,,stage,element2,process_total,221,,,1,
20260426_023405,2026-04-26T02:34:51,jetson,,,stage,element0,process_total,242,,,2,
20260426_023405,2026-04-26T02:34:51,jetson,,,stage,element0,process_total,229,,,2,
20260426_023405,2026-04-26T02:34:51,jetson,,,stage,area1,process_total,78,,,1,
20260426_023405,2026-04-26T02:34:51,jetson,,,stage,area0,process_total,82,,,1,
20260426_023405,2026-04-26T02:34:51,jetson,,,stage,detail1,process_total,403,,,4,
20260426_023405,2026-04-26T02:34:51,jetson,,,stage,element1,process_total,93,,,1,
20260426_023405,2026-04-26T02:34:51,jetson,,,stage,detail0,process_total,411,,,4,
20260426_023405,2026-04-26T02:34:51,jetson,/mnt/windows_share/20260425220419/E1/05834_-13865000_1777127081595.jpg,100,stage,detect,save_json,15,0,0,,
20260426_023405,2026-04-26T02:34:51,jetson,/mnt/windows_share/20260425220419/E1/05834_-13865000_1777127081595.jpg,100,stage,detect,detect_process_total,632,,,,
20260426_023405,2026-04-26T02:34:51,jetson,/mnt/windows_share/20260425220419/E1/05834_-13865000_1777127081595.jpg,100,stage,shell,file_total,632,0,0,,
20260426_023405,2026-04-26T02:34:51,jetson,,,stage,element2,process_total,130,,,1,
20260426_023405,2026-04-26T02:34:51,jetson,,,stage,element0,process_total,141,,,2,
20260426_023405,2026-04-26T02:34:51,jetson,,,stage,detail1,process_total,425,,,5,
20260426_023405,2026-04-26T02:34:51,jetson,,,stage,detail1,process_total,419,,,5,
20260426_023405,2026-04-26T02:34:51,jetson,,,stage,detail0,process_total,432,,,5,
20260426_023405,2026-04-26T02:34:51,jetson,,,stage,detail0,process_total,428,,,5,
20260426_023405,2026-04-26T02:34:51,jetson,,,stage,detail1,process_total,187,,,4,
20260426_023405,2026-04-26T02:34:51,jetson,/mnt/windows_share/20260425220419/E1/05836_-13859750_1777127081831.jpg,100,stage,detect,save_json,19,0,0,,
20260426_023405,2026-04-26T02:34:51,jetson,/mnt/windows_share/20260425220419/E1/05836_-13859750_1777127081831.jpg,100,stage,detect,detect_process_total,693,,,,
20260426_023405,2026-04-26T02:34:51,jetson,/mnt/windows_share/20260425220419/E1/05836_-13859750_1777127081831.jpg,100,stage,shell,file_total,694,0,0,,
20260426_023405,2026-04-26T02:34:51,jetson,/mnt/windows_share/20260425220419/E1/05838_-13854000_1777127082067.jpg,100,stage,detect,read_image,81,,,,
20260426_023405,2026-04-26T02:34:51,jetson,,,stage,detail0,process_total,196,,,4,
20260426_023405,2026-04-26T02:34:51,jetson,/mnt/windows_share/20260425220419/E1/05835_-13862500_1777127081709.jpg,100,stage,detect,save_json,24,0,0,,
20260426_023405,2026-04-26T02:34:51,jetson,/mnt/windows_share/20260425220419/E1/05835_-13862500_1777127081709.jpg,100,stage,detect,detect_process_total,704,,,,
20260426_023405,2026-04-26T02:34:51,jetson,/mnt/windows_share/20260425220419/E1/05835_-13862500_1777127081709.jpg,100,stage,shell,file_total,704,0,0,,
20260426_023405,2026-04-26T02:34:51,jetson,,,stage,area1,process_total,20,,,1,
20260426_023405,2026-04-26T02:34:51,jetson,,,stage,area0,process_total,27,,,1,
20260426_023405,2026-04-26T02:34:51,jetson,/mnt/windows_share/20260425220419/E1/05837_-13856750_1777127081950.jpg,100,stage,detect,save_json,29,0,0,,
20260426_023405,2026-04-26T02:34:51,jetson,/mnt/windows_share/20260425220419/E1/05837_-13856750_1777127081950.jpg,100,stage,detect,detect_process_total,390,,,,
20260426_023405,2026-04-26T02:34:51,jetson,/mnt/windows_share/20260425220419/E1/05837_-13856750_1777127081950.jpg,100,stage,shell,file_total,390,0,0,,
20260426_023405,2026-04-26T02:34:51,jetson,,,stage,element1,process_total,51,,,1,
20260426_023405,2026-04-26T02:34:51,jetson,,,stage,element2,process_total,65,,,1,
20260426_023405,2026-04-26T02:34:51,jetson,/mnt/windows_share/20260425220419/E1/05840_-13848750_1777127082300.jpg,100,stage,detect,read_image,93,,,,
20260426_023405,2026-04-26T02:34:51,jetson,/mnt/windows_share/20260425220419/E1/05839_-13851500_1777127082180.jpg,100,stage,detect,read_image,107,,,,
20260426_023405,2026-04-26T02:34:51,jetson,,,stage,element0,process_total,79,,,2,
20260426_023405,2026-04-26T02:34:51,jetson,,,stage,area1,process_total,30,,,1,
20260426_023405,2026-04-26T02:34:51,jetson,/mnt/windows_share/20260425220419/E1/05841_-13846000_1777127082417.jpg,100,stage,detect,read_image,97,,,,
20260426_023405,2026-04-26T02:34:51,jetson,,,stage,area0,process_total,58,,,1,
20260426_023405,2026-04-26T02:34:51,jetson,,,stage,area0,process_total,69,,,1,
20260426_023405,2026-04-26T02:34:51,jetson,,,stage,area0,process_total,68,,,1,
20260426_023405,2026-04-26T02:34:51,jetson,,,stage,area1,process_total,107,,,1,
20260426_023405,2026-04-26T02:34:51,jetson,,,stage,detail1,process_total,185,,,5,
20260426_023405,2026-04-26T02:34:51,jetson,,,stage,detail0,process_total,196,,,5,
20260426_023405,2026-04-26T02:34:51,jetson,,,stage,area1,process_total,103,,,1,
20260426_023405,2026-04-26T02:34:51,jetson,/mnt/windows_share/20260425220419/E1/05838_-13854000_1777127082067.jpg,100,stage,detect,save_json,18,0,0,,
20260426_023405,2026-04-26T02:34:51,jetson,/mnt/windows_share/20260425220419/E1/05838_-13854000_1777127082067.jpg,100,stage,detect,detect_process_total,326,,,,
20260426_023405,2026-04-26T02:34:51,jetson,/mnt/windows_share/20260425220419/E1/05838_-13854000_1777127082067.jpg,100,stage,shell,file_total,326,0,0,,
20260426_023405,2026-04-26T02:34:51,jetson,,,stage,element1,process_total,148,,,1,
20260426_023405,2026-04-26T02:34:51,jetson,/mnt/windows_share/20260425220419/E1/05842_-13843250_1777127082535.jpg,100,stage,detect,read_image,86,,,,
20260426_023405,2026-04-26T02:34:51,jetson,,,stage,element1,process_total,167,,,1,
20260426_023405,2026-04-26T02:34:51,jetson,,,stage,element1,process_total,158,,,1,
20260426_023405,2026-04-26T02:34:51,jetson,,,stage,element2,process_total,220,,,1,
20260426_023405,2026-04-26T02:34:51,jetson,,,stage,element0,process_total,238,,,2,
20260426_023405,2026-04-26T02:34:52,jetson,,,stage,element2,process_total,186,,,1,
20260426_023405,2026-04-26T02:34:52,jetson,,,stage,element2,process_total,225,,,1,
20260426_023405,2026-04-26T02:34:52,jetson,,,stage,element0,process_total,229,,,2,
20260426_023405,2026-04-26T02:34:52,jetson,,,stage,area1,process_total,110,,,1,
20260426_023405,2026-04-26T02:34:52,jetson,,,stage,area0,process_total,111,,,1,
20260426_023405,2026-04-26T02:34:52,jetson,,,stage,element0,process_total,256,,,2,
20260426_023405,2026-04-26T02:34:52,jetson,,,stage,detail1,process_total,364,,,4,
20260426_023405,2026-04-26T02:34:52,jetson,,,stage,element1,process_total,98,,,1,
20260426_023405,2026-04-26T02:34:52,jetson,,,stage,detail0,process_total,402,,,4,
20260426_023405,2026-04-26T02:34:52,jetson,,,stage,element2,process_total,137,,,1,
20260426_023405,2026-04-26T02:34:52,jetson,/mnt/windows_share/20260425220419/E1/05840_-13848750_1777127082300.jpg,100,stage,detect,save_json,16,1,1,,
20260426_023405,2026-04-26T02:34:52,jetson,,,stage,detail1,process_total,379,,,4,
20260426_023405,2026-04-26T02:34:52,jetson,/mnt/windows_share/20260425220419/E1/05840_-13848750_1777127082300.jpg,100,stage,detect,detect_process_total,584,,,,
20260426_023405,2026-04-26T02:34:52,jetson,/mnt/windows_share/20260425220419/E1/05840_-13848750_1777127082300.jpg,100,stage,shell,file_total,584,1,1,,
20260426_023405,2026-04-26T02:34:52,jetson,,,stage,element0,process_total,148,,,2,
20260426_023405,2026-04-26T02:34:52,jetson,,,stage,detail0,process_total,384,,,4,
20260426_023405,2026-04-26T02:34:52,jetson,/mnt/windows_share/20260425220419/E1/05839_-13851500_1777127082180.jpg,100,stage,detect,save_json,20,0,0,,
20260426_023405,2026-04-26T02:34:52,jetson,/mnt/windows_share/20260425220419/E1/05839_-13851500_1777127082180.jpg,100,stage,detect,detect_process_total,622,,,,
20260426_023405,2026-04-26T02:34:52,jetson,/mnt/windows_share/20260425220419/E1/05839_-13851500_1777127082180.jpg,100,stage,shell,file_total,623,0,0,,
20260426_023405,2026-04-26T02:34:52,jetson,,,stage,detail1,process_total,388,,,5,
20260426_023405,2026-04-26T02:34:52,jetson,,,stage,detail0,process_total,398,,,5,
20260426_023405,2026-04-26T02:34:52,jetson,,,stage,detail1,process_total,194,,,4,
20260426_023405,2026-04-26T02:34:52,jetson,,,stage,detail0,process_total,197,,,4,
20260426_023405,2026-04-26T02:34:52,jetson,/mnt/windows_share/20260425220419/E1/05841_-13846000_1777127082417.jpg,100,stage,detect,save_json,20,0,0,,
20260426_023405,2026-04-26T02:34:52,jetson,/mnt/windows_share/20260425220419/E1/05841_-13846000_1777127082417.jpg,100,stage,detect,detect_process_total,626,,,,
20260426_023405,2026-04-26T02:34:52,jetson,/mnt/windows_share/20260425220419/E1/05841_-13846000_1777127082417.jpg,100,stage,shell,file_total,626,0,0,,
20260426_023405,2026-04-26T02:34:52,jetson,/mnt/windows_share/20260425220419/E1/05842_-13843250_1777127082535.jpg,100,stage,detect,save_json,28,0,0,,
20260426_023405,2026-04-26T02:34:52,jetson,/mnt/windows_share/20260425220419/E1/05842_-13843250_1777127082535.jpg,100,stage,detect,detect_process_total,425,,,,
20260426_023405,2026-04-26T02:34:52,jetson,/mnt/windows_share/20260425220419/E1/05842_-13843250_1777127082535.jpg,100,stage,shell,file_total,425,0,0,,
20260426_023405,2026-04-26T02:34:52,jetson,/mnt/windows_share/20260425220419/E1/05843_-13840500_1777127082650.jpg,100,stage,detect,read_image,81,,,,
20260426_023405,2026-04-26T02:34:52,jetson,,,stage,area1,process_total,21,,,1,
20260426_023405,2026-04-26T02:34:52,jetson,,,stage,area0,process_total,29,,,1,
20260426_023405,2026-04-26T02:34:52,jetson,/mnt/windows_share/20260425220419/E1/05844_-13837750_1777127082767.jpg,100,stage,detect,read_image,111,,,,
20260426_023405,2026-04-26T02:34:52,jetson,/mnt/windows_share/20260425220419/E1/05845_-13834750_1777127082886.jpg,100,stage,detect,read_image,94,,,,
20260426_023405,2026-04-26T02:34:52,jetson,/mnt/windows_share/20260425220419/E1/05846_-13832250_1777127083005.jpg,100,stage,detect,read_image,95,,,,
20260426_023405,2026-04-26T02:34:52,jetson,,,stage,element1,process_total,110,,,1,
20260426_023405,2026-04-26T02:34:52,jetson,,,stage,element0,process_total,116,,,2,
20260426_023405,2026-04-26T02:34:52,jetson,,,stage,area1,process_total,100,,,1,
20260426_023405,2026-04-26T02:34:52,jetson,,,stage,area0,process_total,100,,,1,
20260426_023405,2026-04-26T02:34:52,jetson,,,stage,area1,process_total,95,,,1,
20260426_023405,2026-04-26T02:34:52,jetson,,,stage,area0,process_total,96,,,1,
20260426_023405,2026-04-26T02:34:52,jetson,,,stage,area0,process_total,87,,,1,
20260426_023405,2026-04-26T02:34:52,jetson,,,stage,area1,process_total,99,,,1,
20260426_023405,2026-04-26T02:34:52,jetson,,,stage,element2,process_total,193,,,1,
20260426_023405,2026-04-26T02:34:52,jetson,,,stage,element1,process_total,152,,,1,
20260426_023405,2026-04-26T02:34:52,jetson,,,stage,element1,process_total,178,,,1,
20260426_023405,2026-04-26T02:34:52,jetson,,,stage,element1,process_total,174,,,1,
20260426_023405,2026-04-26T02:34:52,jetson,,,stage,element0,process_total,240,,,2,
20260426_023405,2026-04-26T02:34:52,jetson,,,stage,detail0,process_total,387,,,5,
20260426_023405,2026-04-26T02:34:52,jetson,,,stage,element2,process_total,234,,,1,
20260426_023405,2026-04-26T02:34:52,jetson,,,stage,element2,process_total,222,,,1,
20260426_023405,2026-04-26T02:34:52,jetson,,,stage,element2,process_total,253,,,1,
20260426_023405,2026-04-26T02:34:52,jetson,,,stage,element0,process_total,242,,,2,
20260426_023405,2026-04-26T02:34:52,jetson,,,stage,element0,process_total,240,,,2,
20260426_023405,2026-04-26T02:34:52,jetson,,,stage,detail1,process_total,407,,,5,
20260426_023405,2026-04-26T02:34:52,jetson,/mnt/windows_share/20260425220419/E1/05843_-13840500_1777127082650.jpg,100,stage,detect,save_json,15,0,0,,
20260426_023405,2026-04-26T02:34:52,jetson,/mnt/windows_share/20260425220419/E1/05843_-13840500_1777127082650.jpg,100,stage,detect,detect_process_total,534,,,,
20260426_023405,2026-04-26T02:34:52,jetson,/mnt/windows_share/20260425220419/E1/05843_-13840500_1777127082650.jpg,100,stage,shell,file_total,534,0,0,,
20260426_023405,2026-04-26T02:34:52,jetson,,,stage,detail1,process_total,307,,,4,
20260426_023405,2026-04-26T02:34:52,jetson,,,stage,detail0,process_total,319,,,4,
20260426_023405,2026-04-26T02:34:52,jetson,,,stage,detail1,process_total,355,,,5,
20260426_023405,2026-04-26T02:34:52,jetson,/mnt/windows_share/20260425220419/E1/05845_-13834750_1777127082886.jpg,100,stage,detect,save_json,15,0,0,,
20260426_023405,2026-04-26T02:34:52,jetson,,,stage,detail1,process_total,321,,,5,
20260426_023405,2026-04-26T02:34:52,jetson,/mnt/windows_share/20260425220419/E1/05845_-13834750_1777127082886.jpg,100,stage,detect,detect_process_total,526,,,,
20260426_023405,2026-04-26T02:34:52,jetson,/mnt/windows_share/20260425220419/E1/05845_-13834750_1777127082886.jpg,100,stage,shell,file_total,526,0,0,,
20260426_023405,2026-04-26T02:34:52,jetson,,,stage,detail0,process_total,356,,,5,
20260426_023405,2026-04-26T02:34:52,jetson,,,stage,detail0,process_total,326,,,5,
20260426_023405,2026-04-26T02:34:52,jetson,/mnt/windows_share/20260425220419/E1/05847_-13829250_1777127083125.jpg,100,stage,detect,read_image,81,,,,
20260426_023405,2026-04-26T02:34:52,jetson,/mnt/windows_share/20260425220419/E1/05844_-13837750_1777127082767.jpg,100,stage,detect,save_json,24,0,0,,
20260426_023405,2026-04-26T02:34:52,jetson,/mnt/windows_share/20260425220419/E1/05846_-13832250_1777127083005.jpg,100,stage,detect,save_json,20,0,0,,
20260426_023405,2026-04-26T02:34:52,jetson,/mnt/windows_share/20260425220419/E1/05844_-13837750_1777127082767.jpg,100,stage,detect,detect_process_total,596,,,,
20260426_023405,2026-04-26T02:34:52,jetson,/mnt/windows_share/20260425220419/E1/05844_-13837750_1777127082767.jpg,100,stage,shell,file_total,596,0,0,,
20260426_023405,2026-04-26T02:34:52,jetson,/mnt/windows_share/20260425220419/E1/05846_-13832250_1777127083005.jpg,100,stage,detect,detect_process_total,544,,,,
20260426_023405,2026-04-26T02:34:52,jetson,/mnt/windows_share/20260425220419/E1/05846_-13832250_1777127083005.jpg,100,stage,shell,file_total,544,0,0,,
20260426_023405,2026-04-26T02:34:52,jetson,,,stage,area1,process_total,24,,,1,
20260426_023405,2026-04-26T02:34:52,jetson,,,stage,area0,process_total,31,,,1,
20260426_023405,2026-04-26T02:34:52,jetson,,,stage,element1,process_total,28,,,1,
20260426_023405,2026-04-26T02:34:52,jetson,/mnt/windows_share/20260425220419/E1/05848_-13826500_1777127083248.jpg,100,stage,detect,read_image,89,,,,
20260426_023405,2026-04-26T02:34:52,jetson,,,stage,element0,process_total,46,,,2,
20260426_023405,2026-04-26T02:34:52,jetson,/mnt/windows_share/20260425220419/E1/05849_-13823500_1777127083371.jpg,100,stage,detect,read_image,89,,,,
20260426_023405,2026-04-26T02:34:52,jetson,,,stage,element2,process_total,78,,,1,
20260426_023405,2026-04-26T02:34:52,jetson,/mnt/windows_share/20260425220419/E1/05850_-13820750_1777127083489.jpg,100,stage,detect,read_image,109,,,,
20260426_023405,2026-04-26T02:34:52,jetson,,,stage,area1,process_total,74,,,1,
20260426_023405,2026-04-26T02:34:52,jetson,,,stage,area0,process_total,87,,,1,
20260426_023405,2026-04-26T02:34:52,jetson,,,stage,detail1,process_total,134,,,4,
20260426_023405,2026-04-26T02:34:52,jetson,,,stage,area0,process_total,83,,,1,
20260426_023405,2026-04-26T02:34:52,jetson,,,stage,area1,process_total,89,,,1,
20260426_023405,2026-04-26T02:34:52,jetson,,,stage,area1,process_total,79,,,1,
20260426_023405,2026-04-26T02:34:53,jetson,,,stage,area0,process_total,114,,,1,
20260426_023405,2026-04-26T02:34:53,jetson,,,stage,element1,process_total,124,,,1,
20260426_023405,2026-04-26T02:34:53,jetson,,,stage,detail0,process_total,299,,,4,
20260426_023405,2026-04-26T02:34:53,jetson,,,stage,element1,process_total,137,,,1,
20260426_023405,2026-04-26T02:34:53,jetson,/mnt/windows_share/20260425220419/E1/05847_-13829250_1777127083125.jpg,100,stage,detect,save_json,15,0,0,,
20260426_023405,2026-04-26T02:34:53,jetson,/mnt/windows_share/20260425220419/E1/05847_-13829250_1777127083125.jpg,100,stage,detect,detect_process_total,430,,,,
20260426_023405,2026-04-26T02:34:53,jetson,/mnt/windows_share/20260425220419/E1/05847_-13829250_1777127083125.jpg,100,stage,shell,file_total,430,0,0,,
20260426_023405,2026-04-26T02:34:53,jetson,,,stage,element1,process_total,137,,,1,
20260426_023405,2026-04-26T02:34:53,jetson,,,stage,element2,process_total,224,,,1,
20260426_023405,2026-04-26T02:34:53,jetson,,,stage,element2,process_total,201,,,1,
20260426_023405,2026-04-26T02:34:53,jetson,,,stage,element0,process_total,223,,,2,
20260426_023405,2026-04-26T02:34:53,jetson,,,stage,element2,process_total,192,,,1,
20260426_023405,2026-04-26T02:34:53,jetson,,,stage,element0,process_total,196,,,2,
20260426_023405,2026-04-26T02:34:53,jetson,/mnt/windows_share/20260425220419/E1/05851_-13818000_1777127083602.jpg,100,stage,detect,read_image,86,,,,
20260426_023405,2026-04-26T02:34:53,jetson,,,stage,area1,process_total,66,,,1,
20260426_023405,2026-04-26T02:34:53,jetson,,,stage,area0,process_total,70,,,1,
20260426_023405,2026-04-26T02:34:53,jetson,,,stage,detail1,process_total,277,,,4,
20260426_023405,2026-04-26T02:34:53,jetson,,,stage,detail0,process_total,310,,,4,
20260426_023405,2026-04-26T02:34:53,jetson,,,stage,detail1,process_total,391,,,5,
20260426_023405,2026-04-26T02:34:53,jetson,/mnt/windows_share/20260425220419/E1/05850_-13820750_1777127083489.jpg,100,stage,detect,save_json,16,0,0,,
20260426_023405,2026-04-26T02:34:53,jetson,/mnt/windows_share/20260425220419/E1/05850_-13820750_1777127083489.jpg,100,stage,detect,detect_process_total,552,,,,
20260426_023405,2026-04-26T02:34:53,jetson,/mnt/windows_share/20260425220419/E1/05850_-13820750_1777127083489.jpg,100,stage,shell,file_total,552,0,0,,
20260426_023405,2026-04-26T02:34:53,jetson,,,stage,detail0,process_total,402,,,5,
20260426_023405,2026-04-26T02:34:53,jetson,,,stage,detail1,process_total,375,,,5,
20260426_023405,2026-04-26T02:34:53,jetson,,,stage,element1,process_total,65,,,1,
20260426_023405,2026-04-26T02:34:53,jetson,,,stage,detail0,process_total,389,,,5,
20260426_023405,2026-04-26T02:34:53,jetson,/mnt/windows_share/20260425220419/E1/05848_-13826500_1777127083248.jpg,100,stage,detect,save_json,17,0,0,,
20260426_023405,2026-04-26T02:34:53,jetson,/mnt/windows_share/20260425220419/E1/05848_-13826500_1777127083248.jpg,100,stage,detect,detect_process_total,599,,,,
20260426_023405,2026-04-26T02:34:53,jetson,/mnt/windows_share/20260425220419/E1/05848_-13826500_1777127083248.jpg,100,stage,shell,file_total,599,0,0,,
20260426_023405,2026-04-26T02:34:53,jetson,,,stage,element2,process_total,88,,,1,
20260426_023405,2026-04-26T02:34:53,jetson,,,stage,element0,process_total,93,,,2,
20260426_023405,2026-04-26T02:34:53,jetson,/mnt/windows_share/20260425220419/E1/05849_-13823500_1777127083371.jpg,100,stage,detect,save_json,20,0,0,,
20260426_023405,2026-04-26T02:34:53,jetson,/mnt/windows_share/20260425220419/E1/05849_-13823500_1777127083371.jpg,100,stage,detect,detect_process_total,594,,,,
20260426_023405,2026-04-26T02:34:53,jetson,/mnt/windows_share/20260425220419/E1/05849_-13823500_1777127083371.jpg,100,stage,shell,file_total,594,0,0,,
20260426_023405,2026-04-26T02:34:53,jetson,,,stage,detail1,process_total,123,,,5,
20260426_023405,2026-04-26T02:34:53,jetson,,,stage,detail0,process_total,132,,,5,
20260426_023405,2026-04-26T02:34:53,jetson,/mnt/windows_share/20260425220419/E1/05852_-13815250_1777127083719.jpg,100,stage,detect,read_image,82,,,,
20260426_023405,2026-04-26T02:34:53,jetson,/mnt/windows_share/20260425220419/E1/05851_-13818000_1777127083602.jpg,100,stage,detect,save_json,22,0,0,,
20260426_023405,2026-04-26T02:34:53,jetson,/mnt/windows_share/20260425220419/E1/05851_-13818000_1777127083602.jpg,100,stage,detect,detect_process_total,314,,,,
20260426_023405,2026-04-26T02:34:53,jetson,/mnt/windows_share/20260425220419/E1/05851_-13818000_1777127083602.jpg,100,stage,shell,file_total,314,0,0,,
20260426_023405,2026-04-26T02:34:53,jetson,/mnt/windows_share/20260425220419/E1/05853_-13812500_1777127083835.jpg,100,stage,detect,read_image,86,,,,
20260426_023405,2026-04-26T02:34:53,jetson,,,stage,area0,process_total,25,,,1,
20260426_023405,2026-04-26T02:34:53,jetson,,,stage,area1,process_total,34,,,1,
20260426_023405,2026-04-26T02:34:53,jetson,,,stage,area1,process_total,39,,,1,
20260426_023405,2026-04-26T02:34:53,jetson,/mnt/windows_share/20260425220419/E1/05854_-13809750_1777127083948.jpg,100,stage,detect,read_image,112,,,,
20260426_023405,2026-04-26T02:34:53,jetson,,,stage,area0,process_total,77,,,1,
20260426_023405,2026-04-26T02:34:53,jetson,/mnt/windows_share/20260425220419/E1/05855_-13807000_1777127084066.jpg,100,stage,detect,read_image,106,,,,
20260426_023405,2026-04-26T02:34:53,jetson,,,stage,element1,process_total,144,,,1,
20260426_023405,2026-04-26T02:34:53,jetson,,,stage,element0,process_total,159,,,2,
20260426_023405,2026-04-26T02:34:53,jetson,,,stage,area1,process_total,125,,,1,
20260426_023405,2026-04-26T02:34:53,jetson,,,stage,area0,process_total,126,,,1,
20260426_023405,2026-04-26T02:34:53,jetson,,,stage,element1,process_total,131,,,1,
20260426_023405,2026-04-26T02:34:53,jetson,,,stage,element2,process_total,233,,,1,
20260426_023405,2026-04-26T02:34:53,jetson,,,stage,area0,process_total,146,,,1,
20260426_023405,2026-04-26T02:34:53,jetson,,,stage,area1,process_total,146,,,1,
20260426_023405,2026-04-26T02:34:53,jetson,,,stage,element2,process_total,213,,,1,
20260426_023405,2026-04-26T02:34:53,jetson,,,stage,element1,process_total,136,,,1,
20260426_023405,2026-04-26T02:34:53,jetson,,,stage,element0,process_total,241,,,2,
20260426_023405,2026-04-26T02:34:53,jetson,,,stage,element1,process_total,114,,,1,
20260426_023405,2026-04-26T02:34:53,jetson,,,stage,element2,process_total,198,,,1,
20260426_023405,2026-04-26T02:34:53,jetson,,,stage,element0,process_total,228,,,2,
20260426_023405,2026-04-26T02:34:53,jetson,,,stage,element2,process_total,184,,,1,
20260426_023405,2026-04-26T02:34:53,jetson,,,stage,element0,process_total,194,,,2,
20260426_023405,2026-04-26T02:34:53,jetson,,,stage,detail1,process_total,455,,,5,
20260426_023405,2026-04-26T02:34:53,jetson,,,stage,detail1,process_total,392,,,4,
20260426_023405,2026-04-26T02:34:53,jetson,,,stage,detail0,process_total,462,,,5,
20260426_023405,2026-04-26T02:34:53,jetson,,,stage,detail0,process_total,402,,,4,
20260426_023405,2026-04-26T02:34:53,jetson,/mnt/windows_share/20260425220419/E1/05852_-13815250_1777127083719.jpg,100,stage,detect,save_json,24,0,0,,
20260426_023405,2026-04-26T02:34:53,jetson,/mnt/windows_share/20260425220419/E1/05852_-13815250_1777127083719.jpg,100,stage,detect,detect_process_total,611,,,,
20260426_023405,2026-04-26T02:34:53,jetson,/mnt/windows_share/20260425220419/E1/05852_-13815250_1777127083719.jpg,100,stage,shell,file_total,611,0,0,,
20260426_023405,2026-04-26T02:34:53,jetson,,,stage,detail1,process_total,260,,,4,
20260426_023405,2026-04-26T02:34:53,jetson,,,stage,detail0,process_total,263,,,4,
20260426_023405,2026-04-26T02:34:53,jetson,/mnt/windows_share/20260425220419/E1/05853_-13812500_1777127083835.jpg,100,stage,detect,save_json,31,0,0,,
20260426_023405,2026-04-26T02:34:53,jetson,/mnt/windows_share/20260425220419/E1/05853_-13812500_1777127083835.jpg,100,stage,detect,detect_process_total,600,,,,
20260426_023405,2026-04-26T02:34:53,jetson,/mnt/windows_share/20260425220419/E1/05853_-13812500_1777127083835.jpg,100,stage,shell,file_total,600,0,0,,
20260426_023405,2026-04-26T02:34:53,jetson,,,stage,detail1,process_total,340,,,5,
20260426_023405,2026-04-26T02:34:53,jetson,,,stage,detail0,process_total,340,,,5,
20260426_023405,2026-04-26T02:34:53,jetson,/mnt/windows_share/20260425220419/E1/05855_-13807000_1777127084066.jpg,100,stage,detect,save_json,28,0,0,,
20260426_023405,2026-04-26T02:34:53,jetson,/mnt/windows_share/20260425220419/E1/05855_-13807000_1777127084066.jpg,100,stage,detect,detect_process_total,546,,,,
20260426_023405,2026-04-26T02:34:53,jetson,/mnt/windows_share/20260425220419/E1/05855_-13807000_1777127084066.jpg,100,stage,shell,file_total,546,0,0,,
20260426_023405,2026-04-26T02:34:53,jetson,/mnt/windows_share/20260425220419/E1/05854_-13809750_1777127083948.jpg,100,stage,detect,save_json,27,0,0,,
20260426_023405,2026-04-26T02:34:53,jetson,/mnt/windows_share/20260425220419/E1/05854_-13809750_1777127083948.jpg,100,stage,detect,detect_process_total,608,,,,
20260426_023405,2026-04-26T02:34:53,jetson,/mnt/windows_share/20260425220419/E1/05854_-13809750_1777127083948.jpg,100,stage,shell,file_total,608,0,0,,
20260426_023405,2026-04-26T02:34:54,jetson,/mnt/windows_share/20260425220419/E1/05856_-13804000_1777127084187.jpg,100,stage,detect,read_image,99,,,,
20260426_023405,2026-04-26T02:34:54,jetson,/mnt/windows_share/20260425220419/E1/05857_-13801500_1777127084297.jpg,100,stage,detect,read_image,90,,,,
20260426_023405,2026-04-26T02:34:54,jetson,/mnt/windows_share/20260425220419/E1/05858_-13798750_1777127084408.jpg,100,stage,detect,read_image,86,,,,
20260426_023405,2026-04-26T02:34:54,jetson,/mnt/windows_share/20260425220419/E1/05859_-13796000_1777127084522.jpg,100,stage,detect,read_image,90,,,,
20260426_023405,2026-04-26T02:34:54,jetson,,,stage,area1,process_total,36,,,1,
20260426_023405,2026-04-26T02:34:54,jetson,,,stage,area0,process_total,49,,,1,
20260426_023405,2026-04-26T02:34:54,jetson,,,stage,area0,process_total,104,,,1,
20260426_023405,2026-04-26T02:34:54,jetson,,,stage,area1,process_total,108,,,1,
20260426_023405,2026-04-26T02:34:54,jetson,,,stage,area0,process_total,131,,,1,
20260426_023405,2026-04-26T02:34:54,jetson,,,stage,element1,process_total,105,,,1,
20260426_023405,2026-04-26T02:34:54,jetson,,,stage,area1,process_total,138,,,1,
20260426_023405,2026-04-26T02:34:54,jetson,,,stage,area1,process_total,134,,,1,
20260426_023405,2026-04-26T02:34:54,jetson,,,stage,area0,process_total,140,,,1,
20260426_023405,2026-04-26T02:34:54,jetson,,,stage,element2,process_total,187,,,1,
20260426_023405,2026-04-26T02:34:54,jetson,,,stage,element1,process_total,152,,,1,
20260426_023405,2026-04-26T02:34:54,jetson,,,stage,element0,process_total,228,,,2,
20260426_023405,2026-04-26T02:34:54,jetson,,,stage,element1,process_total,149,,,1,
20260426_023405,2026-04-26T02:34:54,jetson,,,stage,element1,process_total,158,,,1,
20260426_023405,2026-04-26T02:34:54,jetson,,,stage,element2,process_total,235,,,1,
20260426_023405,2026-04-26T02:34:54,jetson,,,stage,element0,process_total,256,,,2,
20260426_023405,2026-04-26T02:34:54,jetson,,,stage,element2,process_total,215,,,1,
20260426_023405,2026-04-26T02:34:54,jetson,,,stage,element2,process_total,201,,,1,
20260426_023405,2026-04-26T02:34:54,jetson,,,stage,element0,process_total,216,,,2,
20260426_023405,2026-04-26T02:34:54,jetson,,,stage,element0,process_total,228,,,2,
20260426_023405,2026-04-26T02:34:54,jetson,,,stage,detail1,process_total,378,,,4,
20260426_023405,2026-04-26T02:34:54,jetson,,,stage,detail0,process_total,383,,,4,
20260426_023405,2026-04-26T02:34:54,jetson,/mnt/windows_share/20260425220419/E1/05857_-13801500_1777127084297.jpg,100,stage,detect,save_json,17,0,0,,
20260426_023405,2026-04-26T02:34:54,jetson,/mnt/windows_share/20260425220419/E1/05857_-13801500_1777127084297.jpg,100,stage,detect,detect_process_total,549,,,,
20260426_023405,2026-04-26T02:34:54,jetson,/mnt/windows_share/20260425220419/E1/05857_-13801500_1777127084297.jpg,100,stage,shell,file_total,549,0,0,,
20260426_023405,2026-04-26T02:34:54,jetson,,,stage,detail1,process_total,301,,,4,
20260426_023405,2026-04-26T02:34:54,jetson,,,stage,detail0,process_total,305,,,4,
20260426_023405,2026-04-26T02:34:54,jetson,,,stage,detail1,process_total,374,,,5,
20260426_023405,2026-04-26T02:34:54,jetson,,,stage,detail1,process_total,325,,,5,
20260426_023405,2026-04-26T02:34:54,jetson,,,stage,detail0,process_total,382,,,5,
20260426_023405,2026-04-26T02:34:54,jetson,,,stage,detail0,process_total,326,,,5,
20260426_023405,2026-04-26T02:34:54,jetson,/mnt/windows_share/20260425220419/E1/05858_-13798750_1777127084408.jpg,100,stage,detect,save_json,16,0,0,,
20260426_023405,2026-04-26T02:34:54,jetson,/mnt/windows_share/20260425220419/E1/05858_-13798750_1777127084408.jpg,100,stage,detect,detect_process_total,556,,,,
20260426_023405,2026-04-26T02:34:54,jetson,/mnt/windows_share/20260425220419/E1/05858_-13798750_1777127084408.jpg,100,stage,shell,file_total,556,0,0,,
20260426_023405,2026-04-26T02:34:54,jetson,/mnt/windows_share/20260425220419/E1/05856_-13804000_1777127084187.jpg,100,stage,detect,save_json,18,0,0,,
20260426_023405,2026-04-26T02:34:54,jetson,/mnt/windows_share/20260425220419/E1/05856_-13804000_1777127084187.jpg,100,stage,detect,detect_process_total,610,,,,
20260426_023405,2026-04-26T02:34:54,jetson,/mnt/windows_share/20260425220419/E1/05856_-13804000_1777127084187.jpg,100,stage,shell,file_total,610,0,0,,
20260426_023405,2026-04-26T02:34:54,jetson,/mnt/windows_share/20260425220419/E1/05859_-13796000_1777127084522.jpg,100,stage,detect,save_json,23,0,0,,
20260426_023405,2026-04-26T02:34:54,jetson,/mnt/windows_share/20260425220419/E1/05859_-13796000_1777127084522.jpg,100,stage,detect,detect_process_total,577,,,,
20260426_023405,2026-04-26T02:34:54,jetson,/mnt/windows_share/20260425220419/E1/05859_-13796000_1777127084522.jpg,100,stage,shell,file_total,577,0,0,,
20260426_023405,2026-04-26T02:34:54,jetson,/mnt/windows_share/20260425220419/E1/05860_-13793250_1777127084635.jpg,100,stage,detect,read_image,72,,,,
20260426_023405,2026-04-26T02:34:54,jetson,,,stage,area0,process_total,23,,,1,
20260426_023405,2026-04-26T02:34:54,jetson,,,stage,area1,process_total,30,,,1,
20260426_023405,2026-04-26T02:34:54,jetson,/mnt/windows_share/20260425220419/E1/05861_-13790500_1777127084746.jpg,100,stage,detect,read_image,89,,,,
20260426_023405,2026-04-26T02:34:54,jetson,/mnt/windows_share/20260425220419/E1/05862_-13787750_1777127084863.jpg,100,stage,detect,read_image,98,,,,
20260426_023405,2026-04-26T02:34:54,jetson,/mnt/windows_share/20260425220419/E1/05863_-13784750_1777127084979.jpg,100,stage,detect,read_image,105,,,,
20260426_023405,2026-04-26T02:34:54,jetson,,,stage,element1,process_total,129,,,1,
20260426_023405,2026-04-26T02:34:54,jetson,,,stage,element0,process_total,131,,,2,
20260426_023405,2026-04-26T02:34:54,jetson,,,stage,area1,process_total,115,,,1,
20260426_023405,2026-04-26T02:34:54,jetson,,,stage,area0,process_total,116,,,1,
20260426_023405,2026-04-26T02:34:54,jetson,,,stage,area1,process_total,93,,,1,
20260426_023405,2026-04-26T02:34:54,jetson,,,stage,area0,process_total,96,,,1,
20260426_023405,2026-04-26T02:34:54,jetson,,,stage,area0,process_total,132,,,1,
20260426_023405,2026-04-26T02:34:54,jetson,,,stage,area1,process_total,136,,,1,
20260426_023405,2026-04-26T02:34:54,jetson,,,stage,element2,process_total,254,,,1,
20260426_023405,2026-04-26T02:34:54,jetson,,,stage,element1,process_total,176,,,1,
20260426_023405,2026-04-26T02:34:54,jetson,,,stage,element1,process_total,170,,,1,
20260426_023405,2026-04-26T02:34:54,jetson,,,stage,element1,process_total,144,,,1,
20260426_023405,2026-04-26T02:34:54,jetson,,,stage,element2,process_total,240,,,1,
20260426_023405,2026-04-26T02:34:55,jetson,,,stage,element2,process_total,232,,,1,
20260426_023405,2026-04-26T02:34:55,jetson,,,stage,element0,process_total,256,,,2,
20260426_023405,2026-04-26T02:34:55,jetson,,,stage,element0,process_total,255,,,2,
20260426_023405,2026-04-26T02:34:55,jetson,,,stage,detail0,process_total,408,,,4,
20260426_023405,2026-04-26T02:34:55,jetson,,,stage,element2,process_total,207,,,1,
20260426_023405,2026-04-26T02:34:55,jetson,,,stage,detail1,process_total,410,,,4,
20260426_023405,2026-04-26T02:34:55,jetson,,,stage,element0,process_total,224,,,2,
20260426_023405,2026-04-26T02:34:55,jetson,/mnt/windows_share/20260425220419/E1/05860_-13793250_1777127084635.jpg,100,stage,detect,save_json,18,0,0,,
20260426_023405,2026-04-26T02:34:55,jetson,/mnt/windows_share/20260425220419/E1/05860_-13793250_1777127084635.jpg,100,stage,detect,detect_process_total,532,,,,
20260426_023405,2026-04-26T02:34:55,jetson,/mnt/windows_share/20260425220419/E1/05860_-13793250_1777127084635.jpg,100,stage,shell,file_total,532,0,0,,
20260426_023405,2026-04-26T02:34:55,jetson,,,stage,detail1,process_total,343,,,4,
20260426_023405,2026-04-26T02:34:55,jetson,,,stage,detail0,process_total,347,,,4,
20260426_023405,2026-04-26T02:34:55,jetson,,,stage,detail1,process_total,355,,,5,
20260426_023405,2026-04-26T02:34:55,jetson,/mnt/windows_share/20260425220419/E1/05861_-13790500_1777127084746.jpg,100,stage,detect,save_json,14,0,0,,
20260426_023405,2026-04-26T02:34:55,jetson,/mnt/windows_share/20260425220419/E1/05861_-13790500_1777127084746.jpg,100,stage,detect,detect_process_total,570,,,,
20260426_023405,2026-04-26T02:34:55,jetson,/mnt/windows_share/20260425220419/E1/05861_-13790500_1777127084746.jpg,100,stage,shell,file_total,570,0,0,,
20260426_023405,2026-04-26T02:34:55,jetson,,,stage,detail1,process_total,301,,,5,
20260426_023405,2026-04-26T02:34:55,jetson,,,stage,detail0,process_total,362,,,5,
20260426_023405,2026-04-26T02:34:55,jetson,,,stage,detail0,process_total,307,,,5,
20260426_023405,2026-04-26T02:34:55,jetson,/mnt/windows_share/20260425220419/E1/05864_-13782250_1777127085092.jpg,100,stage,detect,read_image,87,,,,
20260426_023405,2026-04-26T02:34:55,jetson,,,stage,area0,process_total,24,,,1,
20260426_023405,2026-04-26T02:34:55,jetson,/mnt/windows_share/20260425220419/E1/05862_-13787750_1777127084863.jpg,100,stage,detect,save_json,35,0,0,,
20260426_023405,2026-04-26T02:34:55,jetson,/mnt/windows_share/20260425220419/E1/05862_-13787750_1777127084863.jpg,100,stage,detect,detect_process_total,595,,,,
20260426_023405,2026-04-26T02:34:55,jetson,/mnt/windows_share/20260425220419/E1/05862_-13787750_1777127084863.jpg,100,stage,shell,file_total,595,0,0,,
20260426_023405,2026-04-26T02:34:55,jetson,/mnt/windows_share/20260425220419/E1/05863_-13784750_1777127084979.jpg,100,stage,detect,save_json,35,0,0,,
20260426_023405,2026-04-26T02:34:55,jetson,/mnt/windows_share/20260425220419/E1/05863_-13784750_1777127084979.jpg,100,stage,detect,detect_process_total,591,,,,
20260426_023405,2026-04-26T02:34:55,jetson,/mnt/windows_share/20260425220419/E1/05863_-13784750_1777127084979.jpg,100,stage,shell,file_total,591,0,0,,
20260426_023405,2026-04-26T02:34:55,jetson,,,stage,area1,process_total,32,,,1,
20260426_023405,2026-04-26T02:34:55,jetson,/mnt/windows_share/20260425220419/E1/05865_-13779250_1777127085204.jpg,100,stage,detect,read_image,86,,,,
20260426_023405,2026-04-26T02:34:55,jetson,,,stage,element1,process_total,65,,,1,
20260426_023405,2026-04-26T02:34:55,jetson,/mnt/windows_share/20260425220419/E1/05867_-13774000_1777127085424.jpg,100,stage,detect,read_image,88,,,,
20260426_023405,2026-04-26T02:34:55,jetson,/mnt/windows_share/20260425220419/E1/05866_-13776750_1777127085313.jpg,100,stage,detect,read_image,94,,,,
20260426_023405,2026-04-26T02:34:55,jetson,,,stage,element2,process_total,104,,,1,
20260426_023405,2026-04-26T02:34:55,jetson,,,stage,element0,process_total,122,,,2,
20260426_023405,2026-04-26T02:34:55,jetson,,,stage,area0,process_total,96,,,1,
20260426_023405,2026-04-26T02:34:55,jetson,,,stage,area1,process_total,96,,,1,
20260426_023405,2026-04-26T02:34:55,jetson,,,stage,area0,process_total,85,,,1,
20260426_023405,2026-04-26T02:34:55,jetson,,,stage,area1,process_total,99,,,1,
20260426_023405,2026-04-26T02:34:55,jetson,,,stage,area1,process_total,104,,,1,
20260426_023405,2026-04-26T02:34:55,jetson,,,stage,area0,process_total,103,,,1,
20260426_023405,2026-04-26T02:34:55,jetson,,,stage,element1,process_total,161,,,1,
20260426_023405,2026-04-26T02:34:55,jetson,,,stage,element1,process_total,125,,,1,
20260426_023405,2026-04-26T02:34:55,jetson,,,stage,element1,process_total,151,,,1,
20260426_023405,2026-04-26T02:34:55,jetson,,,stage,element2,process_total,218,,,1,
20260426_023405,2026-04-26T02:34:55,jetson,,,stage,element0,process_total,228,,,2,
20260426_023405,2026-04-26T02:34:55,jetson,,,stage,detail1,process_total,382,,,5,
20260426_023405,2026-04-26T02:34:55,jetson,,,stage,element2,process_total,187,,,1,
20260426_023405,2026-04-26T02:34:55,jetson,,,stage,element2,process_total,216,,,1,
20260426_023405,2026-04-26T02:34:55,jetson,,,stage,element0,process_total,218,,,2,
20260426_023405,2026-04-26T02:34:55,jetson,,,stage,element0,process_total,204,,,2,
20260426_023405,2026-04-26T02:34:55,jetson,,,stage,detail0,process_total,410,,,5,
20260426_023405,2026-04-26T02:34:55,jetson,/mnt/windows_share/20260425220419/E1/05864_-13782250_1777127085092.jpg,100,stage,detect,save_json,16,0,0,,
20260426_023405,2026-04-26T02:34:55,jetson,/mnt/windows_share/20260425220419/E1/05864_-13782250_1777127085092.jpg,100,stage,detect,detect_process_total,549,,,,
20260426_023405,2026-04-26T02:34:55,jetson,/mnt/windows_share/20260425220419/E1/05864_-13782250_1777127085092.jpg,100,stage,shell,file_total,549,0,0,,
20260426_023405,2026-04-26T02:34:55,jetson,,,stage,detail1,process_total,322,,,4,
20260426_023405,2026-04-26T02:34:55,jetson,,,stage,detail0,process_total,324,,,4,
20260426_023405,2026-04-26T02:34:55,jetson,/mnt/windows_share/20260425220419/E1/05865_-13779250_1777127085204.jpg,100,stage,detect,save_json,15,0,0,,
20260426_023405,2026-04-26T02:34:55,jetson,/mnt/windows_share/20260425220419/E1/05865_-13779250_1777127085204.jpg,100,stage,detect,detect_process_total,525,,,,
20260426_023405,2026-04-26T02:34:55,jetson,/mnt/windows_share/20260425220419/E1/05865_-13779250_1777127085204.jpg,100,stage,shell,file_total,526,0,0,,
20260426_023405,2026-04-26T02:34:55,jetson,,,stage,detail1,process_total,304,,,5,
20260426_023405,2026-04-26T02:34:55,jetson,,,stage,detail1,process_total,289,,,5,
20260426_023405,2026-04-26T02:34:55,jetson,,,stage,detail0,process_total,308,,,5,
20260426_023405,2026-04-26T02:34:55,jetson,,,stage,detail0,process_total,292,,,5,
20260426_023405,2026-04-26T02:34:55,jetson,/mnt/windows_share/20260425220419/E1/05868_-13771250_1777127085537.jpg,100,stage,detect,read_image,89,,,,
20260426_023405,2026-04-26T02:34:55,jetson,/mnt/windows_share/20260425220419/E1/05867_-13774000_1777127085424.jpg,100,stage,detect,save_json,35,0,0,,
20260426_023405,2026-04-26T02:34:55,jetson,/mnt/windows_share/20260425220419/E1/05866_-13776750_1777127085313.jpg,100,stage,detect,save_json,41,0,0,,
20260426_023405,2026-04-26T02:34:55,jetson,/mnt/windows_share/20260425220419/E1/05867_-13774000_1777127085424.jpg,100,stage,detect,detect_process_total,543,,,,
20260426_023405,2026-04-26T02:34:55,jetson,/mnt/windows_share/20260425220419/E1/05867_-13774000_1777127085424.jpg,100,stage,shell,file_total,543,0,0,,
20260426_023405,2026-04-26T02:34:55,jetson,/mnt/windows_share/20260425220419/E1/05866_-13776750_1777127085313.jpg,100,stage,detect,detect_process_total,545,,,,
20260426_023405,2026-04-26T02:34:55,jetson,/mnt/windows_share/20260425220419/E1/05866_-13776750_1777127085313.jpg,100,stage,shell,file_total,545,0,0,,
20260426_023405,2026-04-26T02:34:55,jetson,,,stage,area0,process_total,23,,,1,
20260426_023405,2026-04-26T02:34:55,jetson,,,stage,area1,process_total,30,,,1,
20260426_023405,2026-04-26T02:34:55,jetson,/mnt/windows_share/20260425220419/E1/05869_-13768500_1777127085647.jpg,100,stage,detect,read_image,90,,,,
20260426_023405,2026-04-26T02:34:55,jetson,/mnt/windows_share/20260425220419/E1/05870_-13765750_1777127085763.jpg,100,stage,detect,read_image,86,,,,
20260426_023405,2026-04-26T02:34:55,jetson,/mnt/windows_share/20260425220419/E1/05871_-13763000_1777127085874.jpg,100,stage,detect,read_image,106,,,,
20260426_023405,2026-04-26T02:34:55,jetson,,,stage,area0,process_total,86,,,1,
20260426_023405,2026-04-26T02:34:55,jetson,,,stage,element0,process_total,116,,,2,
20260426_023405,2026-04-26T02:34:55,jetson,,,stage,area1,process_total,93,,,1,
20260426_023405,2026-04-26T02:34:55,jetson,,,stage,element1,process_total,133,,,1,
20260426_023405,2026-04-26T02:34:55,jetson,,,stage,detail0,process_total,153,,,4,
20260426_023405,2026-04-26T02:34:55,jetson,,,stage,area0,process_total,90,,,1,
20260426_023405,2026-04-26T02:34:55,jetson,,,stage,element2,process_total,183,,,1,
20260426_023405,2026-04-26T02:34:55,jetson,,,stage,area1,process_total,114,,,1,
20260426_023405,2026-04-26T02:34:55,jetson,,,stage,area1,process_total,111,,,1,
20260426_023405,2026-04-26T02:34:55,jetson,,,stage,area0,process_total,120,,,1,
20260426_023405,2026-04-26T02:34:55,jetson,,,stage,detail1,process_total,244,,,4,
20260426_023405,2026-04-26T02:34:55,jetson,,,stage,element1,process_total,120,,,1,
20260426_023405,2026-04-26T02:34:55,jetson,/mnt/windows_share/20260425220419/E1/05868_-13771250_1777127085537.jpg,100,stage,detect,save_json,16,0,0,,
20260426_023405,2026-04-26T02:34:55,jetson,/mnt/windows_share/20260425220419/E1/05868_-13771250_1777127085537.jpg,100,stage,detect,detect_process_total,383,,,,
20260426_023405,2026-04-26T02:34:55,jetson,/mnt/windows_share/20260425220419/E1/05868_-13771250_1777127085537.jpg,100,stage,shell,file_total,383,0,0,,
20260426_023405,2026-04-26T02:34:56,jetson,/mnt/windows_share/20260425220419/E1/05872_-13760000_1777127085990.jpg,100,stage,detect,read_image,75,,,,
20260426_023405,2026-04-26T02:34:56,jetson,,,stage,element1,process_total,152,,,1,
20260426_023405,2026-04-26T02:34:56,jetson,,,stage,element2,process_total,209,,,1,
20260426_023405,2026-04-26T02:34:56,jetson,,,stage,element1,process_total,155,,,1,
20260426_023405,2026-04-26T02:34:56,jetson,,,stage,element0,process_total,249,,,2,
20260426_023405,2026-04-26T02:34:56,jetson,,,stage,element2,process_total,215,,,1,
20260426_023405,2026-04-26T02:34:56,jetson,,,stage,element2,process_total,195,,,1,
20260426_023405,2026-04-26T02:34:56,jetson,,,stage,element0,process_total,232,,,2,
20260426_023405,2026-04-26T02:34:56,jetson,,,stage,element0,process_total,214,,,2,
20260426_023405,2026-04-26T02:34:56,jetson,,,stage,area0,process_total,96,,,1,
20260426_023405,2026-04-26T02:34:56,jetson,,,stage,area1,process_total,96,,,1,
20260426_023405,2026-04-26T02:34:56,jetson,,,stage,element1,process_total,95,,,1,
20260426_023405,2026-04-26T02:34:56,jetson,,,stage,detail1,process_total,371,,,4,
20260426_023405,2026-04-26T02:34:56,jetson,,,stage,detail0,process_total,378,,,4,
20260426_023405,2026-04-26T02:34:56,jetson,,,stage,detail1,process_total,449,,,5,
20260426_023405,2026-04-26T02:34:56,jetson,/mnt/windows_share/20260425220419/E1/05870_-13765750_1777127085763.jpg,100,stage,detect,save_json,16,0,0,,
20260426_023405,2026-04-26T02:34:56,jetson,/mnt/windows_share/20260425220419/E1/05870_-13765750_1777127085763.jpg,100,stage,detect,detect_process_total,596,,,,
20260426_023405,2026-04-26T02:34:56,jetson,/mnt/windows_share/20260425220419/E1/05870_-13765750_1777127085763.jpg,100,stage,shell,file_total,596,0,0,,
20260426_023405,2026-04-26T02:34:56,jetson,,,stage,element0,process_total,148,,,2,
20260426_023405,2026-04-26T02:34:56,jetson,,,stage,element2,process_total,149,,,1,
20260426_023405,2026-04-26T02:34:56,jetson,,,stage,detail0,process_total,463,,,5,
20260426_023405,2026-04-26T02:34:56,jetson,,,stage,detail1,process_total,383,,,5,
20260426_023405,2026-04-26T02:34:56,jetson,,,stage,detail0,process_total,387,,,5,
20260426_023405,2026-04-26T02:34:56,jetson,/mnt/windows_share/20260425220419/E1/05869_-13768500_1777127085647.jpg,100,stage,detect,save_json,18,0,0,,
20260426_023405,2026-04-26T02:34:56,jetson,/mnt/windows_share/20260425220419/E1/05869_-13768500_1777127085647.jpg,100,stage,detect,detect_process_total,681,,,,
20260426_023405,2026-04-26T02:34:56,jetson,/mnt/windows_share/20260425220419/E1/05869_-13768500_1777127085647.jpg,100,stage,shell,file_total,681,0,0,,
20260426_023405,2026-04-26T02:34:56,jetson,/mnt/windows_share/20260425220419/E1/05871_-13763000_1777127085874.jpg,100,stage,detect,save_json,22,0,0,,
20260426_023405,2026-04-26T02:34:56,jetson,/mnt/windows_share/20260425220419/E1/05871_-13763000_1777127085874.jpg,100,stage,detect,detect_process_total,640,,,,
20260426_023405,2026-04-26T02:34:56,jetson,/mnt/windows_share/20260425220419/E1/05871_-13763000_1777127085874.jpg,100,stage,shell,file_total,640,0,0,,
20260426_023405,2026-04-26T02:34:56,jetson,,,stage,detail1,process_total,193,,,5,
20260426_023405,2026-04-26T02:34:56,jetson,,,stage,detail0,process_total,198,,,5,
20260426_023405,2026-04-26T02:34:56,jetson,/mnt/windows_share/20260425220419/E1/05873_-13757250_1777127086102.jpg,100,stage,detect,read_image,76,,,,
20260426_023405,2026-04-26T02:34:56,jetson,/mnt/windows_share/20260425220419/E1/05872_-13760000_1777127085990.jpg,100,stage,detect,save_json,32,0,0,,
20260426_023405,2026-04-26T02:34:56,jetson,/mnt/windows_share/20260425220419/E1/05872_-13760000_1777127085990.jpg,100,stage,detect,detect_process_total,408,,,,
20260426_023405,2026-04-26T02:34:56,jetson,/mnt/windows_share/20260425220419/E1/05872_-13760000_1777127085990.jpg,100,stage,shell,file_total,408,0,0,,
20260426_023405,2026-04-26T02:34:56,jetson,,,stage,area0,process_total,32,,,1,
20260426_023405,2026-04-26T02:34:56,jetson,,,stage,area1,process_total,32,,,1,
20260426_023405,2026-04-26T02:34:56,jetson,/mnt/windows_share/20260425220419/E1/05874_-13754500_1777127086214.jpg,100,stage,detect,read_image,93,,,,
20260426_023405,2026-04-26T02:34:56,jetson,/mnt/windows_share/20260425220419/E1/05875_-13752000_1777127086326.jpg,100,stage,detect,read_image,84,,,,
20260426_023405,2026-04-26T02:34:56,jetson,/mnt/windows_share/20260425220419/E1/05876_-13748750_1777127086441.jpg,100,stage,detect,read_image,117,,,,
20260426_023405,2026-04-26T02:34:56,jetson,,,stage,element1,process_total,101,,,1,
20260426_023405,2026-04-26T02:34:56,jetson,,,stage,area0,process_total,90,,,1,
20260426_023405,2026-04-26T02:34:56,jetson,,,stage,area1,process_total,92,,,1,
20260426_023405,2026-04-26T02:34:56,jetson,,,stage,area0,process_total,107,,,1,
20260426_023405,2026-04-26T02:34:56,jetson,,,stage,area1,process_total,98,,,1,
20260426_023405,2026-04-26T02:34:56,jetson,,,stage,element2,process_total,186,,,1,
20260426_023405,2026-04-26T02:34:56,jetson,,,stage,element0,process_total,195,,,2,
20260426_023405,2026-04-26T02:34:56,jetson,,,stage,element1,process_total,131,,,1,
20260426_023405,2026-04-26T02:34:56,jetson,,,stage,area1,process_total,161,,,1,
20260426_023405,2026-04-26T02:34:56,jetson,,,stage,area0,process_total,161,,,1,
20260426_023405,2026-04-26T02:34:56,jetson,,,stage,element1,process_total,149,,,1,
20260426_023405,2026-04-26T02:34:56,jetson,,,stage,element2,process_total,219,,,1,
20260426_023405,2026-04-26T02:34:56,jetson,,,stage,element2,process_total,211,,,1,
20260426_023405,2026-04-26T02:34:56,jetson,,,stage,element0,process_total,242,,,2,
20260426_023405,2026-04-26T02:34:56,jetson,,,stage,element0,process_total,236,,,2,
20260426_023405,2026-04-26T02:34:56,jetson,,,stage,element1,process_total,121,,,1,
20260426_023405,2026-04-26T02:34:56,jetson,,,stage,element2,process_total,183,,,1,
20260426_023405,2026-04-26T02:34:56,jetson,,,stage,element0,process_total,191,,,2,
20260426_023405,2026-04-26T02:34:56,jetson,,,stage,detail0,process_total,457,,,5,
20260426_023405,2026-04-26T02:34:56,jetson,,,stage,detail1,process_total,473,,,5,
20260426_023405,2026-04-26T02:34:56,jetson,/mnt/windows_share/20260425220419/E1/05873_-13757250_1777127086102.jpg,100,stage,detect,save_json,16,0,0,,
20260426_023405,2026-04-26T02:34:56,jetson,/mnt/windows_share/20260425220419/E1/05873_-13757250_1777127086102.jpg,100,stage,detect,detect_process_total,600,,,,
20260426_023405,2026-04-26T02:34:56,jetson,/mnt/windows_share/20260425220419/E1/05873_-13757250_1777127086102.jpg,100,stage,shell,file_total,601,0,0,,
20260426_023405,2026-04-26T02:34:56,jetson,,,stage,detail0,process_total,381,,,4,
20260426_023405,2026-04-26T02:34:56,jetson,,,stage,detail1,process_total,394,,,5,
20260426_023405,2026-04-26T02:34:56,jetson,,,stage,detail1,process_total,414,,,5,
20260426_023405,2026-04-26T02:34:56,jetson,,,stage,detail0,process_total,417,,,5,
20260426_023405,2026-04-26T02:34:56,jetson,,,stage,detail1,process_total,283,,,5,
20260426_023405,2026-04-26T02:34:56,jetson,,,stage,detail0,process_total,284,,,5,
20260426_023405,2026-04-26T02:34:56,jetson,/mnt/windows_share/20260425220419/E1/05875_-13752000_1777127086326.jpg,100,stage,detect,save_json,20,0,0,,
20260426_023405,2026-04-26T02:34:56,jetson,/mnt/windows_share/20260425220419/E1/05875_-13752000_1777127086326.jpg,100,stage,detect,detect_process_total,609,,,,
20260426_023405,2026-04-26T02:34:56,jetson,/mnt/windows_share/20260425220419/E1/05875_-13752000_1777127086326.jpg,100,stage,shell,file_total,609,0,0,,
20260426_023405,2026-04-26T02:34:56,jetson,/mnt/windows_share/20260425220419/E1/05874_-13754500_1777127086214.jpg,100,stage,detect,save_json,24,0,0,,
20260426_023405,2026-04-26T02:34:56,jetson,/mnt/windows_share/20260425220419/E1/05874_-13754500_1777127086214.jpg,100,stage,detect,detect_process_total,637,,,,
20260426_023405,2026-04-26T02:34:56,jetson,/mnt/windows_share/20260425220419/E1/05874_-13754500_1777127086214.jpg,100,stage,shell,file_total,637,0,0,,
20260426_023405,2026-04-26T02:34:56,jetson,/mnt/windows_share/20260425220419/E1/05876_-13748750_1777127086441.jpg,100,stage,detect,save_json,25,0,0,,
20260426_023405,2026-04-26T02:34:56,jetson,/mnt/windows_share/20260425220419/E1/05876_-13748750_1777127086441.jpg,100,stage,detect,detect_process_total,590,,,,
20260426_023405,2026-04-26T02:34:56,jetson,/mnt/windows_share/20260425220419/E1/05876_-13748750_1777127086441.jpg,100,stage,shell,file_total,590,0,0,,
20260426_023405,2026-04-26T02:34:56,jetson,/mnt/windows_share/20260425220419/E1/05877_-13746250_1777127086548.jpg,100,stage,detect,read_image,87,,,,
20260426_023405,2026-04-26T02:34:57,jetson,,,stage,area1,process_total,23,,,1,
20260426_023405,2026-04-26T02:34:57,jetson,,,stage,area0,process_total,30,,,1,
20260426_023405,2026-04-26T02:34:57,jetson,/mnt/windows_share/20260425220419/E1/05878_-13743250_1777127086661.jpg,100,stage,detect,read_image,85,,,,
20260426_023405,2026-04-26T02:34:57,jetson,/mnt/windows_share/20260425220419/E1/05879_-13740750_1777127086768.jpg,100,stage,detect,read_image,104,,,,
20260426_023405,2026-04-26T02:34:57,jetson,/mnt/windows_share/20260425220419/E1/05880_-13738000_1777127086878.jpg,100,stage,detect,read_image,113,,,,
20260426_023405,2026-04-26T02:34:57,jetson,,,stage,element1,process_total,107,,,1,
20260426_023405,2026-04-26T02:34:57,jetson,,,stage,area1,process_total,97,,,1,
20260426_023405,2026-04-26T02:34:57,jetson,,,stage,area0,process_total,105,,,1,
20260426_023405,2026-04-26T02:34:57,jetson,,,stage,element2,process_total,166,,,1,
20260426_023405,2026-04-26T02:34:57,jetson,,,stage,area0,process_total,131,,,1,
20260426_023405,2026-04-26T02:34:57,jetson,,,stage,area1,process_total,131,,,1,
20260426_023405,2026-04-26T02:34:57,jetson,,,stage,area1,process_total,130,,,1,
20260426_023405,2026-04-26T02:34:57,jetson,,,stage,area0,process_total,135,,,1,
20260426_023405,2026-04-26T02:34:57,jetson,,,stage,element0,process_total,244,,,2,
20260426_023405,2026-04-26T02:34:57,jetson,,,stage,detail0,process_total,265,,,4,
20260426_023405,2026-04-26T02:34:57,jetson,,,stage,element1,process_total,150,,,1,
20260426_023405,2026-04-26T02:34:57,jetson,,,stage,element1,process_total,145,,,1,
20260426_023405,2026-04-26T02:34:57,jetson,,,stage,element1,process_total,140,,,1,
20260426_023405,2026-04-26T02:34:57,jetson,,,stage,element2,process_total,236,,,1,
20260426_023405,2026-04-26T02:34:57,jetson,,,stage,detail1,process_total,362,,,4,
20260426_023405,2026-04-26T02:34:57,jetson,,,stage,element0,process_total,251,,,2,
20260426_023405,2026-04-26T02:34:57,jetson,/mnt/windows_share/20260425220419/E1/05877_-13746250_1777127086548.jpg,100,stage,detect,save_json,17,0,0,,
20260426_023405,2026-04-26T02:34:57,jetson,/mnt/windows_share/20260425220419/E1/05877_-13746250_1777127086548.jpg,100,stage,detect,detect_process_total,502,,,,
20260426_023405,2026-04-26T02:34:57,jetson,/mnt/windows_share/20260425220419/E1/05877_-13746250_1777127086548.jpg,100,stage,shell,file_total,502,0,0,,
20260426_023405,2026-04-26T02:34:57,jetson,,,stage,element2,process_total,203,,,1,
20260426_023405,2026-04-26T02:34:57,jetson,,,stage,element2,process_total,177,,,1,
20260426_023405,2026-04-26T02:34:57,jetson,,,stage,element0,process_total,217,,,2,
20260426_023405,2026-04-26T02:34:57,jetson,,,stage,element0,process_total,209,,,2,
20260426_023405,2026-04-26T02:34:57,jetson,/mnt/windows_share/20260425220419/E1/05881_-13735250_1777127086982.jpg,100,stage,detect,read_image,78,,,,
20260426_023405,2026-04-26T02:34:57,jetson,,,stage,detail0,process_total,353,,,4,
20260426_023405,2026-04-26T02:34:57,jetson,,,stage,detail0,process_total,299,,,4,
20260426_023405,2026-04-26T02:34:57,jetson,,,stage,detail1,process_total,311,,,4,
20260426_023405,2026-04-26T02:34:57,jetson,/mnt/windows_share/20260425220419/E1/05879_-13740750_1777127086768.jpg,100,stage,detect,save_json,16,0,0,,
20260426_023405,2026-04-26T02:34:57,jetson,/mnt/windows_share/20260425220419/E1/05879_-13740750_1777127086768.jpg,100,stage,detect,detect_process_total,568,,,,
20260426_023405,2026-04-26T02:34:57,jetson,/mnt/windows_share/20260425220419/E1/05879_-13740750_1777127086768.jpg,100,stage,shell,file_total,568,0,0,,
20260426_023405,2026-04-26T02:34:57,jetson,,,stage,detail1,process_total,387,,,5,
20260426_023405,2026-04-26T02:34:57,jetson,,,stage,area1,process_total,51,,,1,
20260426_023405,2026-04-26T02:34:57,jetson,,,stage,area0,process_total,48,,,1,
20260426_023405,2026-04-26T02:34:57,jetson,,,stage,detail1,process_total,312,,,5,
20260426_023405,2026-04-26T02:34:57,jetson,,,stage,detail0,process_total,312,,,5,
20260426_023405,2026-04-26T02:34:57,jetson,/mnt/windows_share/20260425220419/E1/05878_-13743250_1777127086661.jpg,100,stage,detect,save_json,17,0,0,,
20260426_023405,2026-04-26T02:34:57,jetson,/mnt/windows_share/20260425220419/E1/05878_-13743250_1777127086661.jpg,100,stage,detect,detect_process_total,599,,,,
20260426_023405,2026-04-26T02:34:57,jetson,/mnt/windows_share/20260425220419/E1/05878_-13743250_1777127086661.jpg,100,stage,shell,file_total,599,0,0,,
20260426_023405,2026-04-26T02:34:57,jetson,,,stage,element1,process_total,39,,,1,
20260426_023405,2026-04-26T02:34:57,jetson,/mnt/windows_share/20260425220419/E1/05880_-13738000_1777127086878.jpg,100,stage,detect,save_json,35,0,0,,
20260426_023405,2026-04-26T02:34:57,jetson,/mnt/windows_share/20260425220419/E1/05880_-13738000_1777127086878.jpg,100,stage,detect,detect_process_total,603,,,,
20260426_023405,2026-04-26T02:34:57,jetson,/mnt/windows_share/20260425220419/E1/05880_-13738000_1777127086878.jpg,100,stage,shell,file_total,603,0,0,,
20260426_023405,2026-04-26T02:34:57,jetson,,,stage,element0,process_total,72,,,2,
20260426_023405,2026-04-26T02:34:57,jetson,/mnt/windows_share/20260425220419/E1/05882_-13732500_1777127087091.jpg,100,stage,detect,read_image,86,,,,
20260426_023405,2026-04-26T02:34:57,jetson,,,stage,element2,process_total,86,,,1,
20260426_023405,2026-04-26T02:34:57,jetson,,,stage,detail0,process_total,118,,,5,
20260426_023405,2026-04-26T02:34:57,jetson,/mnt/windows_share/20260425220419/E1/05883_-13729750_1777127087200.jpg,100,stage,detect,read_image,104,,,,
20260426_023405,2026-04-26T02:34:57,jetson,,,stage,area1,process_total,43,,,1,
20260426_023405,2026-04-26T02:34:57,jetson,,,stage,area0,process_total,51,,,1,
20260426_023405,2026-04-26T02:34:57,jetson,,,stage,area0,process_total,21,,,1,
20260426_023405,2026-04-26T02:34:57,jetson,/mnt/windows_share/20260425220419/E1/05884_-13727000_1777127087308.jpg,100,stage,detect,read_image,103,,,,
20260426_023405,2026-04-26T02:34:57,jetson,,,stage,detail1,process_total,167,,,5,
20260426_023405,2026-04-26T02:34:57,jetson,/mnt/windows_share/20260425220419/E1/05881_-13735250_1777127086982.jpg,100,stage,detect,save_json,15,0,0,,
20260426_023405,2026-04-26T02:34:57,jetson,/mnt/windows_share/20260425220419/E1/05881_-13735250_1777127086982.jpg,100,stage,detect,detect_process_total,314,,,,
20260426_023405,2026-04-26T02:34:57,jetson,/mnt/windows_share/20260425220419/E1/05881_-13735250_1777127086982.jpg,100,stage,shell,file_total,314,0,0,,
20260426_023405,2026-04-26T02:34:57,jetson,,,stage,area1,process_total,80,,,1,
20260426_023405,2026-04-26T02:34:57,jetson,,,stage,element1,process_total,114,,,1,
20260426_023405,2026-04-26T02:34:57,jetson,,,stage,area0,process_total,109,,,1,
20260426_023405,2026-04-26T02:34:57,jetson,/mnt/windows_share/20260425220419/E1/05885_-13724500_1777127087413.jpg,100,stage,detect,read_image,79,,,,
20260426_023405,2026-04-26T02:34:57,jetson,,,stage,area1,process_total,128,,,1,
20260426_023405,2026-04-26T02:34:57,jetson,,,stage,element0,process_total,169,,,2,
20260426_023405,2026-04-26T02:34:57,jetson,,,stage,element1,process_total,131,,,1,
20260426_023405,2026-04-26T02:34:57,jetson,,,stage,element2,process_total,217,,,1,
20260426_023405,2026-04-26T02:34:57,jetson,,,stage,element2,process_total,173,,,1,
20260426_023405,2026-04-26T02:34:57,jetson,,,stage,area0,process_total,121,,,1,
20260426_023405,2026-04-26T02:34:57,jetson,,,stage,area1,process_total,121,,,1,
20260426_023405,2026-04-26T02:34:57,jetson,,,stage,element1,process_total,113,,,1,
20260426_023405,2026-04-26T02:34:57,jetson,,,stage,element0,process_total,201,,,2,
20260426_023405,2026-04-26T02:34:57,jetson,,,stage,element2,process_total,167,,,1,
20260426_023405,2026-04-26T02:34:58,jetson,,,stage,element0,process_total,184,,,2,
20260426_023405,2026-04-26T02:34:58,jetson,,,stage,detail1,process_total,341,,,4,
20260426_023405,2026-04-26T02:34:58,jetson,,,stage,element1,process_total,97,,,1,
20260426_023405,2026-04-26T02:34:58,jetson,,,stage,detail0,process_total,352,,,4,
20260426_023405,2026-04-26T02:34:58,jetson,/mnt/windows_share/20260425220419/E1/05882_-13732500_1777127087091.jpg,100,stage,detect,save_json,15,0,0,,
20260426_023405,2026-04-26T02:34:58,jetson,/mnt/windows_share/20260425220419/E1/05882_-13732500_1777127087091.jpg,100,stage,detect,detect_process_total,508,,,,
20260426_023405,2026-04-26T02:34:58,jetson,/mnt/windows_share/20260425220419/E1/05882_-13732500_1777127087091.jpg,100,stage,shell,file_total,508,0,0,,
20260426_023405,2026-04-26T02:34:58,jetson,,,stage,element0,process_total,149,,,2,
20260426_023405,2026-04-26T02:34:58,jetson,,,stage,element2,process_total,152,,,1,
20260426_023405,2026-04-26T02:34:58,jetson,,,stage,detail1,process_total,342,,,4,
20260426_023405,2026-04-26T02:34:58,jetson,,,stage,detail0,process_total,344,,,4,
20260426_023405,2026-04-26T02:34:58,jetson,/mnt/windows_share/20260425220419/E1/05883_-13729750_1777127087200.jpg,100,stage,detect,save_json,17,0,0,,
20260426_023405,2026-04-26T02:34:58,jetson,/mnt/windows_share/20260425220419/E1/05883_-13729750_1777127087200.jpg,100,stage,detect,detect_process_total,549,,,,
20260426_023405,2026-04-26T02:34:58,jetson,/mnt/windows_share/20260425220419/E1/05883_-13729750_1777127087200.jpg,100,stage,shell,file_total,549,0,0,,
20260426_023405,2026-04-26T02:34:58,jetson,,,stage,detail1,process_total,300,,,5,
20260426_023405,2026-04-26T02:34:58,jetson,,,stage,detail1,process_total,196,,,4,
20260426_023405,2026-04-26T02:34:58,jetson,,,stage,detail0,process_total,198,,,4,
20260426_023405,2026-04-26T02:34:58,jetson,/mnt/windows_share/20260425220419/E1/05886_-13721750_1777127087523.jpg,100,stage,detect,read_image,85,,,,
20260426_023405,2026-04-26T02:34:58,jetson,,,stage,detail0,process_total,312,,,5,
20260426_023405,2026-04-26T02:34:58,jetson,,,stage,area1,process_total,19,,,1,
20260426_023405,2026-04-26T02:34:58,jetson,/mnt/windows_share/20260425220419/E1/05885_-13724500_1777127087413.jpg,100,stage,detect,save_json,28,0,0,,
20260426_023405,2026-04-26T02:34:58,jetson,/mnt/windows_share/20260425220419/E1/05885_-13724500_1777127087413.jpg,100,stage,detect,detect_process_total,430,,,,
20260426_023405,2026-04-26T02:34:58,jetson,/mnt/windows_share/20260425220419/E1/05885_-13724500_1777127087413.jpg,100,stage,shell,file_total,430,0,0,,
20260426_023405,2026-04-26T02:34:58,jetson,,,stage,area0,process_total,26,,,1,
20260426_023405,2026-04-26T02:34:58,jetson,/mnt/windows_share/20260425220419/E1/05884_-13727000_1777127087308.jpg,100,stage,detect,save_json,29,0,0,,
20260426_023405,2026-04-26T02:34:58,jetson,/mnt/windows_share/20260425220419/E1/05884_-13727000_1777127087308.jpg,100,stage,detect,detect_process_total,578,,,,
20260426_023405,2026-04-26T02:34:58,jetson,/mnt/windows_share/20260425220419/E1/05884_-13727000_1777127087308.jpg,100,stage,shell,file_total,578,0,0,,
20260426_023405,2026-04-26T02:34:58,jetson,/mnt/windows_share/20260425220419/E1/05887_-13718750_1777127087636.jpg,100,stage,detect,read_image,93,,,,
20260426_023405,2026-04-26T02:34:58,jetson,,,stage,element1,process_total,57,,,1,
20260426_023405,2026-04-26T02:34:58,jetson,,,stage,element0,process_total,65,,,2,
20260426_023405,2026-04-26T02:34:58,jetson,/mnt/windows_share/20260425220419/E1/05889_-13713250_1777127087853.jpg,100,stage,detect,read_image,83,,,,
20260426_023405,2026-04-26T02:34:58,jetson,,,stage,element2,process_total,102,,,1,
20260426_023405,2026-04-26T02:34:58,jetson,/mnt/windows_share/20260425220419/E1/05888_-13716000_1777127087746.jpg,100,stage,detect,read_image,106,,,,
20260426_023405,2026-04-26T02:34:58,jetson,,,stage,area0,process_total,61,,,1,
20260426_023405,2026-04-26T02:34:58,jetson,,,stage,area1,process_total,64,,,1,
20260426_023405,2026-04-26T02:34:58,jetson,,,stage,area1,process_total,104,,,1,
20260426_023405,2026-04-26T02:34:58,jetson,,,stage,area0,process_total,104,,,1,
20260426_023405,2026-04-26T02:34:58,jetson,,,stage,area0,process_total,126,,,1,
20260426_023405,2026-04-26T02:34:58,jetson,,,stage,area1,process_total,147,,,1,
20260426_023405,2026-04-26T02:34:58,jetson,,,stage,element1,process_total,172,,,1,
20260426_023405,2026-04-26T02:34:58,jetson,,,stage,element0,process_total,207,,,2,
20260426_023405,2026-04-26T02:34:58,jetson,,,stage,element1,process_total,135,,,1,
20260426_023405,2026-04-26T02:34:58,jetson,,,stage,detail0,process_total,350,,,5,
20260426_023405,2026-04-26T02:34:58,jetson,,,stage,element2,process_total,239,,,1,
20260426_023405,2026-04-26T02:34:58,jetson,,,stage,element1,process_total,125,,,1,
20260426_023405,2026-04-26T02:34:58,jetson,,,stage,element2,process_total,194,,,1,
20260426_023405,2026-04-26T02:34:58,jetson,,,stage,detail1,process_total,398,,,5,
20260426_023405,2026-04-26T02:34:58,jetson,,,stage,element0,process_total,208,,,2,
20260426_023405,2026-04-26T02:34:58,jetson,,,stage,element2,process_total,156,,,1,
20260426_023405,2026-04-26T02:34:58,jetson,/mnt/windows_share/20260425220419/E1/05886_-13721750_1777127087523.jpg,100,stage,detect,save_json,15,0,0,,
20260426_023405,2026-04-26T02:34:58,jetson,/mnt/windows_share/20260425220419/E1/05886_-13721750_1777127087523.jpg,100,stage,detect,detect_process_total,527,,,,
20260426_023405,2026-04-26T02:34:58,jetson,/mnt/windows_share/20260425220419/E1/05886_-13721750_1777127087523.jpg,100,stage,shell,file_total,527,0,0,,
20260426_023405,2026-04-26T02:34:58,jetson,,,stage,element0,process_total,168,,,2,
20260426_023405,2026-04-26T02:34:58,jetson,,,stage,detail0,process_total,343,,,4,
20260426_023405,2026-04-26T02:34:58,jetson,,,stage,detail1,process_total,361,,,5,
20260426_023405,2026-04-26T02:34:58,jetson,,,stage,detail0,process_total,288,,,4,
20260426_023405,2026-04-26T02:34:58,jetson,/mnt/windows_share/20260425220419/E1/05887_-13718750_1777127087636.jpg,100,stage,detect,save_json,16,0,0,,
20260426_023405,2026-04-26T02:34:58,jetson,/mnt/windows_share/20260425220419/E1/05887_-13718750_1777127087636.jpg,100,stage,detect,detect_process_total,538,,,,
20260426_023405,2026-04-26T02:34:58,jetson,/mnt/windows_share/20260425220419/E1/05887_-13718750_1777127087636.jpg,100,stage,shell,file_total,538,0,0,,
20260426_023405,2026-04-26T02:34:58,jetson,,,stage,detail1,process_total,297,,,5,
20260426_023405,2026-04-26T02:34:58,jetson,,,stage,detail1,process_total,242,,,5,
20260426_023405,2026-04-26T02:34:58,jetson,,,stage,detail0,process_total,245,,,5,
20260426_023405,2026-04-26T02:34:58,jetson,/mnt/windows_share/20260425220419/E1/05890_-13710500_1777127087961.jpg,100,stage,detect,read_image,88,,,,
20260426_023405,2026-04-26T02:34:58,jetson,/mnt/windows_share/20260425220419/E1/05889_-13713250_1777127087853.jpg,100,stage,detect,save_json,32,0,0,,
20260426_023405,2026-04-26T02:34:58,jetson,/mnt/windows_share/20260425220419/E1/05889_-13713250_1777127087853.jpg,100,stage,detect,detect_process_total,519,,,,
20260426_023405,2026-04-26T02:34:58,jetson,/mnt/windows_share/20260425220419/E1/05889_-13713250_1777127087853.jpg,100,stage,shell,file_total,519,0,0,,
20260426_023405,2026-04-26T02:34:58,jetson,,,stage,area0,process_total,24,,,1,
20260426_023405,2026-04-26T02:34:58,jetson,,,stage,area1,process_total,31,,,1,
20260426_023405,2026-04-26T02:34:58,jetson,/mnt/windows_share/20260425220419/E1/05888_-13716000_1777127087746.jpg,100,stage,detect,save_json,38,0,0,,
20260426_023405,2026-04-26T02:34:58,jetson,/mnt/windows_share/20260425220419/E1/05888_-13716000_1777127087746.jpg,100,stage,detect,detect_process_total,543,,,,
20260426_023405,2026-04-26T02:34:58,jetson,/mnt/windows_share/20260425220419/E1/05888_-13716000_1777127087746.jpg,100,stage,shell,file_total,543,0,0,,
20260426_023405,2026-04-26T02:34:58,jetson,/mnt/windows_share/20260425220419/E1/05891_-13707750_1777127088070.jpg,100,stage,detect,read_image,85,,,,
20260426_023405,2026-04-26T02:34:58,jetson,,,stage,element1,process_total,57,,,1,
20260426_023405,2026-04-26T02:34:58,jetson,/mnt/windows_share/20260425220419/E1/05892_-13705000_1777127088183.jpg,100,stage,detect,read_image,80,,,,
20260426_023405,2026-04-26T02:34:58,jetson,/mnt/windows_share/20260425220419/E1/05893_-13702250_1777127088291.jpg,100,stage,detect,read_image,93,,,,
20260426_023405,2026-04-26T02:34:58,jetson,,,stage,area1,process_total,76,,,1,
20260426_023405,2026-04-26T02:34:58,jetson,,,stage,element2,process_total,124,,,1,
20260426_023405,2026-04-26T02:34:58,jetson,,,stage,area0,process_total,86,,,1,
20260426_023405,2026-04-26T02:34:58,jetson,,,stage,element0,process_total,132,,,2,
20260426_023405,2026-04-26T02:34:58,jetson,,,stage,area0,process_total,83,,,1,
20260426_023405,2026-04-26T02:34:58,jetson,,,stage,area1,process_total,87,,,1,
20260426_023405,2026-04-26T02:34:58,jetson,,,stage,area0,process_total,99,,,1,
20260426_023405,2026-04-26T02:34:58,jetson,,,stage,area1,process_total,114,,,1,
20260426_023405,2026-04-26T02:34:58,jetson,,,stage,element1,process_total,141,,,1,
20260426_023405,2026-04-26T02:34:58,jetson,,,stage,detail1,process_total,284,,,4,
20260426_023405,2026-04-26T02:34:59,jetson,,,stage,element1,process_total,143,,,1,
20260426_023405,2026-04-26T02:34:59,jetson,,,stage,element2,process_total,203,,,1,
20260426_023405,2026-04-26T02:34:59,jetson,,,stage,element1,process_total,135,,,1,
20260426_023405,2026-04-26T02:34:59,jetson,,,stage,element2,process_total,201,,,1,
20260426_023405,2026-04-26T02:34:59,jetson,,,stage,detail0,process_total,367,,,4,
20260426_023405,2026-04-26T02:34:59,jetson,,,stage,element0,process_total,243,,,2,
20260426_023405,2026-04-26T02:34:59,jetson,,,stage,element0,process_total,221,,,2,
20260426_023405,2026-04-26T02:34:59,jetson,/mnt/windows_share/20260425220419/E1/05890_-13710500_1777127087961.jpg,100,stage,detect,save_json,14,0,0,,
20260426_023405,2026-04-26T02:34:59,jetson,/mnt/windows_share/20260425220419/E1/05890_-13710500_1777127087961.jpg,100,stage,detect,detect_process_total,502,,,,
20260426_023405,2026-04-26T02:34:59,jetson,/mnt/windows_share/20260425220419/E1/05890_-13710500_1777127087961.jpg,100,stage,shell,file_total,502,0,0,,
20260426_023405,2026-04-26T02:34:59,jetson,,,stage,element2,process_total,184,,,1,
20260426_023405,2026-04-26T02:34:59,jetson,,,stage,element0,process_total,195,,,2,
20260426_023405,2026-04-26T02:34:59,jetson,/mnt/windows_share/20260425220419/E1/05894_-13699500_1777127088395.jpg,100,stage,detect,read_image,77,,,,
20260426_023405,2026-04-26T02:34:59,jetson,,,stage,detail1,process_total,327,,,4,
20260426_023405,2026-04-26T02:34:59,jetson,,,stage,detail0,process_total,329,,,4,
20260426_023405,2026-04-26T02:34:59,jetson,,,stage,detail1,process_total,370,,,5,
20260426_023405,2026-04-26T02:34:59,jetson,/mnt/windows_share/20260425220419/E1/05892_-13705000_1777127088183.jpg,100,stage,detect,save_json,14,0,0,,
20260426_023405,2026-04-26T02:34:59,jetson,/mnt/windows_share/20260425220419/E1/05892_-13705000_1777127088183.jpg,100,stage,detect,detect_process_total,515,,,,
20260426_023405,2026-04-26T02:34:59,jetson,/mnt/windows_share/20260425220419/E1/05892_-13705000_1777127088183.jpg,100,stage,shell,file_total,515,0,0,,
20260426_023405,2026-04-26T02:34:59,jetson,,,stage,area0,process_total,46,,,1,
20260426_023405,2026-04-26T02:34:59,jetson,,,stage,area1,process_total,48,,,1,
20260426_023405,2026-04-26T02:34:59,jetson,,,stage,detail0,process_total,385,,,5,
20260426_023405,2026-04-26T02:34:59,jetson,,,stage,detail1,process_total,300,,,5,
20260426_023405,2026-04-26T02:34:59,jetson,,,stage,detail0,process_total,305,,,5,
20260426_023405,2026-04-26T02:34:59,jetson,/mnt/windows_share/20260425220419/E1/05891_-13707750_1777127088070.jpg,100,stage,detect,save_json,25,0,0,,
20260426_023405,2026-04-26T02:34:59,jetson,/mnt/windows_share/20260425220419/E1/05891_-13707750_1777127088070.jpg,100,stage,detect,detect_process_total,586,,,,
20260426_023405,2026-04-26T02:34:59,jetson,/mnt/windows_share/20260425220419/E1/05891_-13707750_1777127088070.jpg,100,stage,shell,file_total,586,0,0,,
20260426_023405,2026-04-26T02:34:59,jetson,/mnt/windows_share/20260425220419/E1/05893_-13702250_1777127088291.jpg,100,stage,detect,save_json,26,0,0,,
20260426_023405,2026-04-26T02:34:59,jetson,/mnt/windows_share/20260425220419/E1/05893_-13702250_1777127088291.jpg,100,stage,detect,detect_process_total,542,,,,
20260426_023405,2026-04-26T02:34:59,jetson,/mnt/windows_share/20260425220419/E1/05893_-13702250_1777127088291.jpg,100,stage,shell,file_total,542,0,0,,
20260426_023405,2026-04-26T02:34:59,jetson,,,stage,element1,process_total,53,,,1,
20260426_023405,2026-04-26T02:34:59,jetson,,,stage,element0,process_total,65,,,2,
20260426_023405,2026-04-26T02:34:59,jetson,,,stage,element2,process_total,79,,,1,
20260426_023405,2026-04-26T02:34:59,jetson,/mnt/windows_share/20260425220419/E1/05895_-13696500_1777127088504.jpg,100,stage,detect,read_image,97,,,,
20260426_023405,2026-04-26T02:34:59,jetson,,,stage,detail1,process_total,99,,,4,
20260426_023405,2026-04-26T02:34:59,jetson,,,stage,detail0,process_total,104,,,4,
20260426_023405,2026-04-26T02:34:59,jetson,,,stage,area0,process_total,26,,,1,
20260426_023405,2026-04-26T02:34:59,jetson,/mnt/windows_share/20260425220419/E1/05896_-13693750_1777127088615.jpg,100,stage,detect,read_image,92,,,,
20260426_023405,2026-04-26T02:34:59,jetson,/mnt/windows_share/20260425220419/E1/05894_-13699500_1777127088395.jpg,100,stage,detect,save_json,16,0,0,,
20260426_023405,2026-04-26T02:34:59,jetson,/mnt/windows_share/20260425220419/E1/05894_-13699500_1777127088395.jpg,100,stage,detect,detect_process_total,250,,,,
20260426_023405,2026-04-26T02:34:59,jetson,/mnt/windows_share/20260425220419/E1/05894_-13699500_1777127088395.jpg,100,stage,shell,file_total,250,0,0,,
20260426_023405,2026-04-26T02:34:59,jetson,,,stage,area1,process_total,32,,,1,
20260426_023405,2026-04-26T02:34:59,jetson,/mnt/windows_share/20260425220419/E1/05897_-13691000_1777127088726.jpg,100,stage,detect,read_image,94,,,,
20260426_023405,2026-04-26T02:34:59,jetson,/mnt/windows_share/20260425220419/E1/05898_-13688000_1777127088837.jpg,100,stage,detect,read_image,80,,,,
20260426_023405,2026-04-26T02:34:59,jetson,,,stage,area0,process_total,107,,,1,
20260426_023405,2026-04-26T02:34:59,jetson,,,stage,element1,process_total,105,,,1,
20260426_023405,2026-04-26T02:34:59,jetson,,,stage,area1,process_total,122,,,1,
20260426_023405,2026-04-26T02:34:59,jetson,,,stage,area1,process_total,124,,,1,
20260426_023405,2026-04-26T02:34:59,jetson,,,stage,area0,process_total,135,,,1,
20260426_023405,2026-04-26T02:34:59,jetson,,,stage,element2,process_total,205,,,1,
20260426_023405,2026-04-26T02:34:59,jetson,,,stage,element0,process_total,214,,,2,
20260426_023405,2026-04-26T02:34:59,jetson,,,stage,area1,process_total,140,,,1,
20260426_023405,2026-04-26T02:34:59,jetson,,,stage,area0,process_total,147,,,1,
20260426_023405,2026-04-26T02:34:59,jetson,,,stage,element1,process_total,133,,,1,
20260426_023405,2026-04-26T02:34:59,jetson,,,stage,element1,process_total,140,,,1,
20260426_023405,2026-04-26T02:34:59,jetson,,,stage,element2,process_total,212,,,1,
20260426_023405,2026-04-26T02:34:59,jetson,,,stage,element1,process_total,124,,,1,
20260426_023405,2026-04-26T02:34:59,jetson,,,stage,element0,process_total,237,,,2,
20260426_023405,2026-04-26T02:34:59,jetson,,,stage,element2,process_total,220,,,1,
20260426_023405,2026-04-26T02:34:59,jetson,,,stage,element0,process_total,223,,,2,
20260426_023405,2026-04-26T02:34:59,jetson,,,stage,element2,process_total,171,,,1,
20260426_023405,2026-04-26T02:34:59,jetson,,,stage,detail1,process_total,448,,,5,
20260426_023405,2026-04-26T02:34:59,jetson,,,stage,detail0,process_total,470,,,5,
20260426_023405,2026-04-26T02:34:59,jetson,/mnt/windows_share/20260425220419/E1/05895_-13696500_1777127088504.jpg,100,stage,detect,save_json,15,0,0,,
20260426_023405,2026-04-26T02:34:59,jetson,/mnt/windows_share/20260425220419/E1/05895_-13696500_1777127088504.jpg,100,stage,detect,detect_process_total,618,,,,
20260426_023405,2026-04-26T02:34:59,jetson,/mnt/windows_share/20260425220419/E1/05895_-13696500_1777127088504.jpg,100,stage,shell,file_total,618,0,0,,
20260426_023405,2026-04-26T02:34:59,jetson,,,stage,detail1,process_total,280,,,4,
20260426_023405,2026-04-26T02:34:59,jetson,,,stage,detail1,process_total,387,,,5,
20260426_023405,2026-04-26T02:34:59,jetson,,,stage,detail0,process_total,284,,,4,
20260426_023405,2026-04-26T02:34:59,jetson,,,stage,detail1,process_total,357,,,5,
20260426_023405,2026-04-26T02:34:59,jetson,,,stage,detail0,process_total,395,,,5,
20260426_023405,2026-04-26T02:34:59,jetson,,,stage,detail0,process_total,359,,,5,
20260426_023405,2026-04-26T02:34:59,jetson,/mnt/windows_share/20260425220419/E1/05896_-13693750_1777127088615.jpg,100,stage,detect,save_json,19,0,0,,
20260426_023405,2026-04-26T02:34:59,jetson,/mnt/windows_share/20260425220419/E1/05898_-13688000_1777127088837.jpg,100,stage,detect,save_json,24,0,0,,
20260426_023405,2026-04-26T02:34:59,jetson,/mnt/windows_share/20260425220419/E1/05896_-13693750_1777127088615.jpg,100,stage,detect,detect_process_total,631,,,,
20260426_023405,2026-04-26T02:34:59,jetson,/mnt/windows_share/20260425220419/E1/05896_-13693750_1777127088615.jpg,100,stage,shell,file_total,631,0,0,,
20260426_023405,2026-04-26T02:34:59,jetson,/mnt/windows_share/20260425220419/E1/05898_-13688000_1777127088837.jpg,100,stage,detect,detect_process_total,537,,,,
20260426_023405,2026-04-26T02:34:59,jetson,/mnt/windows_share/20260425220419/E1/05898_-13688000_1777127088837.jpg,100,stage,shell,file_total,537,0,0,,
20260426_023405,2026-04-26T02:34:59,jetson,/mnt/windows_share/20260425220419/E1/05897_-13691000_1777127088726.jpg,100,stage,detect,save_json,27,0,0,,
20260426_023405,2026-04-26T02:34:59,jetson,/mnt/windows_share/20260425220419/E1/05897_-13691000_1777127088726.jpg,100,stage,detect,detect_process_total,632,,,,
20260426_023405,2026-04-26T02:34:59,jetson,/mnt/windows_share/20260425220419/E1/05897_-13691000_1777127088726.jpg,100,stage,shell,file_total,632,0,0,,
20260426_023405,2026-04-26T02:34:59,jetson,/mnt/windows_share/20260425220419/E1/05899_-13685500_1777127088941.jpg,100,stage,detect,read_image,83,,,,
20260426_023405,2026-04-26T02:34:59,jetson,,,stage,area0,process_total,26,,,1,
20260426_023405,2026-04-26T02:34:59,jetson,,,stage,area1,process_total,30,,,1,
20260426_023405,2026-04-26T02:34:59,jetson,/mnt/windows_share/20260425220419/E1/05901_-13679750_1777127089152.jpg,100,stage,detect,read_image,83,,,,
20260426_023405,2026-04-26T02:34:59,jetson,/mnt/windows_share/20260425220419/E1/05900_-13682750_1777127089046.jpg,100,stage,detect,read_image,86,,,,
20260426_023405,2026-04-26T02:34:59,jetson,,,stage,element1,process_total,35,,,1,
20260426_023405,2026-04-26T02:34:59,jetson,/mnt/windows_share/20260425220419/E1/05902_-13677000_1777127089265.jpg,100,stage,detect,read_image,112,,,,
20260426_023405,2026-04-26T02:35:00,jetson,,,stage,detail1,process_total,130,,,5,
20260426_023405,2026-04-26T02:35:00,jetson,,,stage,area1,process_total,109,,,1,
20260426_023405,2026-04-26T02:35:00,jetson,,,stage,area0,process_total,124,,,1,
20260426_023405,2026-04-26T02:35:00,jetson,,,stage,area0,process_total,118,,,1,
20260426_023405,2026-04-26T02:35:00,jetson,,,stage,area1,process_total,117,,,1,
20260426_023405,2026-04-26T02:35:00,jetson,,,stage,area0,process_total,83,,,1,
20260426_023405,2026-04-26T02:35:00,jetson,,,stage,area1,process_total,76,,,1,
20260426_023405,2026-04-26T02:35:00,jetson,,,stage,detail0,process_total,150,,,5,
20260426_023405,2026-04-26T02:35:00,jetson,,,stage,element2,process_total,211,,,1,
20260426_023405,2026-04-26T02:35:00,jetson,/mnt/windows_share/20260425220419/E1/05899_-13685500_1777127088941.jpg,100,stage,detect,save_json,15,0,0,,
20260426_023405,2026-04-26T02:35:00,jetson,/mnt/windows_share/20260425220419/E1/05899_-13685500_1777127088941.jpg,100,stage,detect,detect_process_total,343,,,,
20260426_023405,2026-04-26T02:35:00,jetson,/mnt/windows_share/20260425220419/E1/05899_-13685500_1777127088941.jpg,100,stage,shell,file_total,343,0,0,,
20260426_023405,2026-04-26T02:35:00,jetson,,,stage,element1,process_total,176,,,1,
20260426_023405,2026-04-26T02:35:00,jetson,,,stage,element1,process_total,166,,,1,
20260426_023405,2026-04-26T02:35:00,jetson,,,stage,element1,process_total,183,,,1,
20260426_023405,2026-04-26T02:35:00,jetson,/mnt/windows_share/20260425220419/E1/05903_-13674000_1777127089375.jpg,100,stage,detect,read_image,102,,,,
20260426_023405,2026-04-26T02:35:00,jetson,,,stage,element2,process_total,217,,,1,
20260426_023405,2026-04-26T02:35:00,jetson,,,stage,element2,process_total,224,,,1,
20260426_023405,2026-04-26T02:35:00,jetson,,,stage,element2,process_total,209,,,1,
20260426_023405,2026-04-26T02:35:00,jetson,,,stage,element0,process_total,229,,,2,
20260426_023405,2026-04-26T02:35:00,jetson,,,stage,element0,process_total,225,,,2,
20260426_023405,2026-04-26T02:35:00,jetson,,,stage,area1,process_total,78,,,1,
20260426_023405,2026-04-26T02:35:00,jetson,,,stage,area0,process_total,79,,,1,
20260426_023405,2026-04-26T02:35:00,jetson,,,stage,element1,process_total,93,,,1,
20260426_023405,2026-04-26T02:35:00,jetson,,,stage,detail1,process_total,368,,,4,
20260426_023405,2026-04-26T02:35:00,jetson,,,stage,detail0,process_total,381,,,4,
20260426_023405,2026-04-26T02:35:00,jetson,,,stage,detail0,process_total,381,,,4,
20260426_023405,2026-04-26T02:35:00,jetson,,,stage,element2,process_total,125,,,1,
20260426_023405,2026-04-26T02:35:00,jetson,/mnt/windows_share/20260425220419/E1/05901_-13679750_1777127089152.jpg,100,stage,detect,save_json,15,0,0,,
20260426_023405,2026-04-26T02:35:00,jetson,/mnt/windows_share/20260425220419/E1/05901_-13679750_1777127089152.jpg,100,stage,detect,detect_process_total,609,,,,
20260426_023405,2026-04-26T02:35:00,jetson,/mnt/windows_share/20260425220419/E1/05901_-13679750_1777127089152.jpg,100,stage,shell,file_total,609,0,0,,
20260426_023405,2026-04-26T02:35:00,jetson,,,stage,element0,process_total,132,,,2,
20260426_023405,2026-04-26T02:35:00,jetson,,,stage,detail1,process_total,397,,,5,
20260426_023405,2026-04-26T02:35:00,jetson,,,stage,detail1,process_total,408,,,5,
20260426_023405,2026-04-26T02:35:00,jetson,,,stage,detail0,process_total,411,,,5,
20260426_023405,2026-04-26T02:35:00,jetson,,,stage,detail0,process_total,148,,,3,
20260426_023405,2026-04-26T02:35:00,jetson,/mnt/windows_share/20260425220419/E1/05902_-13677000_1777127089265.jpg,100,stage,detect,save_json,25,0,0,,
20260426_023405,2026-04-26T02:35:00,jetson,/mnt/windows_share/20260425220419/E1/05902_-13677000_1777127089265.jpg,100,stage,detect,detect_process_total,633,,,,
20260426_023405,2026-04-26T02:35:00,jetson,/mnt/windows_share/20260425220419/E1/05902_-13677000_1777127089265.jpg,100,stage,shell,file_total,633,0,0,,
20260426_023405,2026-04-26T02:35:00,jetson,,,stage,detail1,process_total,166,,,5,
20260426_023405,2026-04-26T02:35:00,jetson,/mnt/windows_share/20260425220419/E1/05900_-13682750_1777127089046.jpg,100,stage,detect,save_json,26,0,0,,
20260426_023405,2026-04-26T02:35:00,jetson,/mnt/windows_share/20260425220419/E1/05900_-13682750_1777127089046.jpg,100,stage,detect,detect_process_total,649,,,,
20260426_023405,2026-04-26T02:35:00,jetson,/mnt/windows_share/20260425220419/E1/05900_-13682750_1777127089046.jpg,100,stage,shell,file_total,649,0,0,,
20260426_023405,2026-04-26T02:35:00,jetson,/mnt/windows_share/20260425220419/E1/05903_-13674000_1777127089375.jpg,100,stage,detect,save_json,26,0,0,,
20260426_023405,2026-04-26T02:35:00,jetson,/mnt/windows_share/20260425220419/E1/05903_-13674000_1777127089375.jpg,100,stage,detect,detect_process_total,377,,,,
20260426_023405,2026-04-26T02:35:00,jetson,/mnt/windows_share/20260425220419/E1/05903_-13674000_1777127089375.jpg,100,stage,shell,file_total,377,0,0,,
20260426_023405,2026-04-26T02:35:00,jetson,/mnt/windows_share/20260425220419/E1/05904_-13671250_1777127089483.jpg,100,stage,detect,read_image,71,,,,
20260426_023405,2026-04-26T02:35:00,jetson,,,stage,area1,process_total,21,,,1,
20260426_023405,2026-04-26T02:35:00,jetson,,,stage,area0,process_total,28,,,1,
20260426_023405,2026-04-26T02:35:00,jetson,/mnt/windows_share/20260425220419/E1/05905_-13668500_1777127089592.jpg,100,stage,detect,read_image,88,,,,
20260426_023405,2026-04-26T02:35:00,jetson,,,stage,element1,process_total,42,,,1,
20260426_023405,2026-04-26T02:35:00,jetson,/mnt/windows_share/20260425220419/E1/05906_-13665500_1777127089700.jpg,100,stage,detect,read_image,115,,,,
20260426_023405,2026-04-26T02:35:00,jetson,/mnt/windows_share/20260425220419/E1/05907_-13664500_1777127089811.jpg,100,stage,detect,read_image,103,,,,
20260426_023405,2026-04-26T02:35:00,jetson,,,stage,area1,process_total,85,,,1,
20260426_023405,2026-04-26T02:35:00,jetson,,,stage,element2,process_total,104,,,1,
20260426_023405,2026-04-26T02:35:00,jetson,,,stage,area0,process_total,95,,,1,
20260426_023405,2026-04-26T02:35:00,jetson,,,stage,element0,process_total,148,,,2,
20260426_023405,2026-04-26T02:35:00,jetson,,,stage,area0,process_total,95,,,1,
20260426_023405,2026-04-26T02:35:00,jetson,,,stage,area1,process_total,101,,,1,
20260426_023405,2026-04-26T02:35:00,jetson,,,stage,area0,process_total,128,,,1,
20260426_023405,2026-04-26T02:35:00,jetson,,,stage,area1,process_total,128,,,1,
20260426_023405,2026-04-26T02:35:00,jetson,,,stage,detail1,process_total,258,,,4,
20260426_023405,2026-04-26T02:35:00,jetson,,,stage,element1,process_total,193,,,1,
20260426_023405,2026-04-26T02:35:00,jetson,,,stage,element1,process_total,176,,,1,
20260426_023405,2026-04-26T02:35:00,jetson,,,stage,element1,process_total,153,,,1,
20260426_023405,2026-04-26T02:35:00,jetson,,,stage,element2,process_total,255,,,1,
20260426_023405,2026-04-26T02:35:01,jetson,,,stage,element0,process_total,264,,,2,
20260426_023405,2026-04-26T02:35:01,jetson,,,stage,element2,process_total,225,,,1,
20260426_023405,2026-04-26T02:35:01,jetson,,,stage,element0,process_total,249,,,2,
20260426_023405,2026-04-26T02:35:01,jetson,,,stage,element2,process_total,210,,,1,
20260426_023405,2026-04-26T02:35:01,jetson,,,stage,element0,process_total,218,,,2,
20260426_023405,2026-04-26T02:35:01,jetson,,,stage,detail0,process_total,435,,,5,
20260426_023405,2026-04-26T02:35:01,jetson,,,stage,detail0,process_total,292,,,3,
20260426_023405,2026-04-26T02:35:01,jetson,/mnt/windows_share/20260425220419/E1/05904_-13671250_1777127089483.jpg,100,stage,detect,save_json,16,0,0,,
20260426_023405,2026-04-26T02:35:01,jetson,/mnt/windows_share/20260425220419/E1/05904_-13671250_1777127089483.jpg,100,stage,detect,detect_process_total,563,,,,
20260426_023405,2026-04-26T02:35:01,jetson,/mnt/windows_share/20260425220419/E1/05904_-13671250_1777127089483.jpg,100,stage,shell,file_total,563,0,0,,
20260426_023405,2026-04-26T02:35:01,jetson,,,stage,detail0,process_total,345,,,4,
20260426_023405,2026-04-26T02:35:01,jetson,,,stage,detail1,process_total,312,,,4,
20260426_023405,2026-04-26T02:35:01,jetson,,,stage,detail1,process_total,355,,,5,
20260426_023405,2026-04-26T02:35:01,jetson,,,stage,detail1,process_total,286,,,5,
20260426_023405,2026-04-26T02:35:01,jetson,,,stage,detail0,process_total,289,,,5,
20260426_023405,2026-04-26T02:35:01,jetson,/mnt/windows_share/20260425220419/E1/05906_-13665500_1777127089700.jpg,100,stage,detect,save_json,35,0,0,,
20260426_023405,2026-04-26T02:35:01,jetson,/mnt/windows_share/20260425220419/E1/05906_-13665500_1777127089700.jpg,100,stage,detect,detect_process_total,567,,,,
20260426_023405,2026-04-26T02:35:01,jetson,/mnt/windows_share/20260425220419/E1/05906_-13665500_1777127089700.jpg,100,stage,shell,file_total,567,0,0,,
20260426_023405,2026-04-26T02:35:01,jetson,/mnt/windows_share/20260425220419/E1/05905_-13668500_1777127089592.jpg,100,stage,detect,save_json,31,0,0,,
20260426_023405,2026-04-26T02:35:01,jetson,/mnt/windows_share/20260425220419/E1/05905_-13668500_1777127089592.jpg,100,stage,detect,detect_process_total,575,,,,
20260426_023405,2026-04-26T02:35:01,jetson,/mnt/windows_share/20260425220419/E1/05905_-13668500_1777127089592.jpg,100,stage,shell,file_total,575,0,0,,
20260426_023405,2026-04-26T02:35:01,jetson,/mnt/windows_share/20260425220419/E1/05907_-13664500_1777127089811.jpg,100,stage,detect,save_json,25,0,0,,
20260426_023405,2026-04-26T02:35:01,jetson,/mnt/windows_share/20260425220419/E1/05907_-13664500_1777127089811.jpg,100,stage,detect,detect_process_total,551,,,,
20260426_023405,2026-04-26T02:35:01,jetson,/mnt/windows_share/20260425220419/E1/05907_-13664500_1777127089811.jpg,100,stage,shell,file_total,551,0,0,,
20260426_023405,2026-04-26T02:35:01,jetson,/mnt/windows_share/20260425220419/E1/05908_-13664500_1777127089920.jpg,100,stage,detect,read_image,79,,,,
20260426_023405,2026-04-26T02:35:01,jetson,,,stage,area0,process_total,24,,,1,
20260426_023405,2026-04-26T02:35:01,jetson,,,stage,area1,process_total,31,,,1,
20260426_023405,2026-04-26T02:35:01,jetson,/mnt/windows_share/20260425220419/E1/05910_-13654250_1777127090127.jpg,100,stage,detect,read_image,89,,,,
20260426_023405,2026-04-26T02:35:01,jetson,/mnt/windows_share/20260425220419/E1/05909_-13657000_1777127090023.jpg,100,stage,detect,read_image,106,,,,
20260426_023405,2026-04-26T02:35:01,jetson,/mnt/windows_share/20260425220419/E1/05911_-13651500_1777127090234.jpg,100,stage,detect,read_image,100,,,,
20260426_023405,2026-04-26T02:35:01,jetson,,,stage,element0,process_total,121,,,2,
20260426_023405,2026-04-26T02:35:01,jetson,,,stage,element1,process_total,122,,,1,
20260426_023405,2026-04-26T02:35:01,jetson,,,stage,area0,process_total,96,,,1,
20260426_023405,2026-04-26T02:35:01,jetson,,,stage,area1,process_total,98,,,1,
20260426_023405,2026-04-26T02:35:01,jetson,,,stage,element2,process_total,179,,,1,
20260426_023405,2026-04-26T02:35:01,jetson,,,stage,area1,process_total,146,,,1,
20260426_023405,2026-04-26T02:35:01,jetson,,,stage,area1,process_total,143,,,1,
20260426_023405,2026-04-26T02:35:01,jetson,,,stage,area0,process_total,129,,,1,
20260426_023405,2026-04-26T02:35:01,jetson,,,stage,area0,process_total,150,,,1,
20260426_023405,2026-04-26T02:35:01,jetson,,,stage,detail0,process_total,194,,,4,
20260426_023405,2026-04-26T02:35:01,jetson,,,stage,detail1,process_total,241,,,4,
20260426_023405,2026-04-26T02:35:01,jetson,/mnt/windows_share/20260425220419/E1/05908_-13664500_1777127089920.jpg,100,stage,detect,save_json,17,0,0,,
20260426_023405,2026-04-26T02:35:01,jetson,/mnt/windows_share/20260425220419/E1/05908_-13664500_1777127089920.jpg,100,stage,detect,detect_process_total,371,,,,
20260426_023405,2026-04-26T02:35:01,jetson,/mnt/windows_share/20260425220419/E1/05908_-13664500_1777127089920.jpg,100,stage,shell,file_total,371,0,0,,
20260426_023405,2026-04-26T02:35:01,jetson,,,stage,element1,process_total,157,,,1,
20260426_023405,2026-04-26T02:35:01,jetson,,,stage,element1,process_total,134,,,1,
20260426_023405,2026-04-26T02:35:01,jetson,,,stage,element1,process_total,127,,,1,
20260426_023405,2026-04-26T02:35:01,jetson,/mnt/windows_share/20260425220419/E1/05912_-13648750_1777127090340.jpg,100,stage,detect,read_image,78,,,,
20260426_023405,2026-04-26T02:35:01,jetson,,,stage,element2,process_total,210,,,1,
20260426_023405,2026-04-26T02:35:01,jetson,,,stage,element0,process_total,226,,,2,
20260426_023405,2026-04-26T02:35:01,jetson,,,stage,element2,process_total,200,,,1,
20260426_023405,2026-04-26T02:35:01,jetson,,,stage,element2,process_total,196,,,1,
20260426_023405,2026-04-26T02:35:01,jetson,,,stage,element0,process_total,203,,,2,
20260426_023405,2026-04-26T02:35:01,jetson,,,stage,element0,process_total,214,,,2,
20260426_023405,2026-04-26T02:35:01,jetson,,,stage,area0,process_total,86,,,1,
20260426_023405,2026-04-26T02:35:01,jetson,,,stage,area1,process_total,86,,,1,
20260426_023405,2026-04-26T02:35:01,jetson,,,stage,detail1,process_total,370,,,4,
20260426_023405,2026-04-26T02:35:01,jetson,,,stage,element1,process_total,95,,,1,
20260426_023405,2026-04-26T02:35:01,jetson,,,stage,detail0,process_total,395,,,4,
20260426_023405,2026-04-26T02:35:01,jetson,/mnt/windows_share/20260425220419/E1/05910_-13654250_1777127090127.jpg,100,stage,detect,save_json,15,0,0,,
20260426_023405,2026-04-26T02:35:01,jetson,/mnt/windows_share/20260425220419/E1/05910_-13654250_1777127090127.jpg,100,stage,detect,detect_process_total,612,,,,
20260426_023405,2026-04-26T02:35:01,jetson,/mnt/windows_share/20260425220419/E1/05910_-13654250_1777127090127.jpg,100,stage,shell,file_total,612,0,0,,
20260426_023405,2026-04-26T02:35:01,jetson,,,stage,element2,process_total,143,,,1,
20260426_023405,2026-04-26T02:35:01,jetson,,,stage,element0,process_total,160,,,2,
20260426_023405,2026-04-26T02:35:01,jetson,,,stage,detail1,process_total,401,,,5,
20260426_023405,2026-04-26T02:35:01,jetson,,,stage,detail1,process_total,400,,,5,
20260426_023405,2026-04-26T02:35:01,jetson,,,stage,detail0,process_total,409,,,5,
20260426_023405,2026-04-26T02:35:01,jetson,,,stage,detail0,process_total,412,,,5,
20260426_023405,2026-04-26T02:35:01,jetson,/mnt/windows_share/20260425220419/E1/05913_-13645750_1777127090447.jpg,100,stage,detect,read_image,71,,,,
20260426_023405,2026-04-26T02:35:01,jetson,/mnt/windows_share/20260425220419/E1/05909_-13657000_1777127090023.jpg,100,stage,detect,save_json,19,0,0,,
20260426_023405,2026-04-26T02:35:01,jetson,/mnt/windows_share/20260425220419/E1/05911_-13651500_1777127090234.jpg,100,stage,detect,save_json,19,0,0,,
20260426_023405,2026-04-26T02:35:01,jetson,/mnt/windows_share/20260425220419/E1/05909_-13657000_1777127090023.jpg,100,stage,detect,detect_process_total,693,,,,
20260426_023405,2026-04-26T02:35:01,jetson,/mnt/windows_share/20260425220419/E1/05909_-13657000_1777127090023.jpg,100,stage,shell,file_total,693,0,0,,
20260426_023405,2026-04-26T02:35:01,jetson,/mnt/windows_share/20260425220419/E1/05911_-13651500_1777127090234.jpg,100,stage,detect,detect_process_total,685,,,,
20260426_023405,2026-04-26T02:35:01,jetson,/mnt/windows_share/20260425220419/E1/05911_-13651500_1777127090234.jpg,100,stage,shell,file_total,685,0,0,,
20260426_023405,2026-04-26T02:35:01,jetson,,,stage,detail1,process_total,200,,,4,
20260426_023405,2026-04-26T02:35:01,jetson,,,stage,detail0,process_total,210,,,5,
20260426_023405,2026-04-26T02:35:01,jetson,,,stage,area1,process_total,25,,,1,
20260426_023405,2026-04-26T02:35:01,jetson,,,stage,area0,process_total,33,,,1,
20260426_023405,2026-04-26T02:35:01,jetson,/mnt/windows_share/20260425220419/E1/05912_-13648750_1777127090340.jpg,100,stage,detect,save_json,26,0,0,,
20260426_023405,2026-04-26T02:35:01,jetson,/mnt/windows_share/20260425220419/E1/05912_-13648750_1777127090340.jpg,100,stage,detect,detect_process_total,406,,,,
20260426_023405,2026-04-26T02:35:01,jetson,/mnt/windows_share/20260425220419/E1/05912_-13648750_1777127090340.jpg,100,stage,shell,file_total,406,0,0,,
20260426_023405,2026-04-26T02:35:01,jetson,/mnt/windows_share/20260425220419/E1/05915_-13640250_1777127090661.jpg,100,stage,detect,read_image,98,,,,
20260426_023405,2026-04-26T02:35:01,jetson,/mnt/windows_share/20260425220419/E1/05914_-13643000_1777127090556.jpg,100,stage,detect,read_image,100,,,,
20260426_023405,2026-04-26T02:35:01,jetson,,,stage,element0,process_total,74,,,2,
20260426_023405,2026-04-26T02:35:01,jetson,,,stage,element1,process_total,89,,,1,
20260426_023405,2026-04-26T02:35:01,jetson,/mnt/windows_share/20260425220419/E1/05916_-13637500_1777127090759.jpg,100,stage,detect,read_image,103,,,,
20260426_023405,2026-04-26T02:35:01,jetson,,,stage,element2,process_total,119,,,1,
20260426_023405,2026-04-26T02:35:01,jetson,,,stage,area1,process_total,87,,,1,
20260426_023405,2026-04-26T02:35:01,jetson,,,stage,area0,process_total,87,,,1,
20260426_023405,2026-04-26T02:35:01,jetson,,,stage,area0,process_total,97,,,1,
20260426_023405,2026-04-26T02:35:01,jetson,,,stage,area1,process_total,87,,,1,
20260426_023405,2026-04-26T02:35:02,jetson,,,stage,area1,process_total,84,,,1,
20260426_023405,2026-04-26T02:35:02,jetson,,,stage,area0,process_total,85,,,1,
20260426_023405,2026-04-26T02:35:02,jetson,,,stage,detail0,process_total,231,,,5,
20260426_023405,2026-04-26T02:35:02,jetson,,,stage,element1,process_total,162,,,1,
20260426_023405,2026-04-26T02:35:02,jetson,,,stage,detail1,process_total,342,,,5,
20260426_023405,2026-04-26T02:35:02,jetson,,,stage,element1,process_total,172,,,1,
20260426_023405,2026-04-26T02:35:02,jetson,/mnt/windows_share/20260425220419/E1/05913_-13645750_1777127090447.jpg,100,stage,detect,save_json,16,0,0,,
20260426_023405,2026-04-26T02:35:02,jetson,/mnt/windows_share/20260425220419/E1/05913_-13645750_1777127090447.jpg,100,stage,detect,detect_process_total,465,,,,
20260426_023405,2026-04-26T02:35:02,jetson,/mnt/windows_share/20260425220419/E1/05913_-13645750_1777127090447.jpg,100,stage,shell,file_total,465,0,0,,
20260426_023405,2026-04-26T02:35:02,jetson,,,stage,element1,process_total,172,,,1,
20260426_023405,2026-04-26T02:35:02,jetson,,,stage,element0,process_total,236,,,2,
20260426_023405,2026-04-26T02:35:02,jetson,,,stage,element2,process_total,255,,,1,
20260426_023405,2026-04-26T02:35:02,jetson,,,stage,element2,process_total,235,,,1,
20260426_023405,2026-04-26T02:35:02,jetson,,,stage,element2,process_total,209,,,1,
20260426_023405,2026-04-26T02:35:02,jetson,,,stage,element0,process_total,249,,,2,
20260426_023405,2026-04-26T02:35:02,jetson,,,stage,element0,process_total,227,,,2,
20260426_023405,2026-04-26T02:35:02,jetson,/mnt/windows_share/20260425220419/E1/05917_-13635000_1777127090860.jpg,100,stage,detect,read_image,82,,,,
20260426_023405,2026-04-26T02:35:02,jetson,,,stage,area0,process_total,64,,,1,
20260426_023405,2026-04-26T02:35:02,jetson,,,stage,area1,process_total,69,,,1,
20260426_023405,2026-04-26T02:35:02,jetson,,,stage,detail1,process_total,363,,,4,
20260426_023405,2026-04-26T02:35:02,jetson,,,stage,detail1,process_total,346,,,4,
20260426_023405,2026-04-26T02:35:02,jetson,,,stage,detail0,process_total,378,,,4,
20260426_023405,2026-04-26T02:35:02,jetson,,,stage,detail1,process_total,404,,,5,
20260426_023405,2026-04-26T02:35:02,jetson,,,stage,detail0,process_total,365,,,4,
20260426_023405,2026-04-26T02:35:02,jetson,/mnt/windows_share/20260425220419/E1/05914_-13643000_1777127090556.jpg,100,stage,detect,save_json,15,0,0,,
20260426_023405,2026-04-26T02:35:02,jetson,/mnt/windows_share/20260425220419/E1/05914_-13643000_1777127090556.jpg,100,stage,detect,detect_process_total,601,,,,
20260426_023405,2026-04-26T02:35:02,jetson,/mnt/windows_share/20260425220419/E1/05914_-13643000_1777127090556.jpg,100,stage,shell,file_total,601,0,0,,
20260426_023405,2026-04-26T02:35:02,jetson,,,stage,element1,process_total,67,,,1,
20260426_023405,2026-04-26T02:35:02,jetson,,,stage,detail0,process_total,425,,,5,
20260426_023405,2026-04-26T02:35:02,jetson,/mnt/windows_share/20260425220419/E1/05916_-13637500_1777127090759.jpg,100,stage,detect,save_json,19,0,0,,
20260426_023405,2026-04-26T02:35:02,jetson,/mnt/windows_share/20260425220419/E1/05916_-13637500_1777127090759.jpg,100,stage,detect,detect_process_total,576,,,,
20260426_023405,2026-04-26T02:35:02,jetson,/mnt/windows_share/20260425220419/E1/05916_-13637500_1777127090759.jpg,100,stage,shell,file_total,576,0,0,,
20260426_023405,2026-04-26T02:35:02,jetson,,,stage,element2,process_total,87,,,1,
20260426_023405,2026-04-26T02:35:02,jetson,,,stage,element0,process_total,90,,,2,
20260426_023405,2026-04-26T02:35:02,jetson,/mnt/windows_share/20260425220419/E1/05915_-13640250_1777127090661.jpg,100,stage,detect,save_json,27,0,0,,
20260426_023405,2026-04-26T02:35:02,jetson,/mnt/windows_share/20260425220419/E1/05915_-13640250_1777127090661.jpg,100,stage,detect,detect_process_total,642,,,,
20260426_023405,2026-04-26T02:35:02,jetson,/mnt/windows_share/20260425220419/E1/05915_-13640250_1777127090661.jpg,100,stage,shell,file_total,642,0,0,,
20260426_023405,2026-04-26T02:35:02,jetson,,,stage,detail1,process_total,128,,,4,
20260426_023405,2026-04-26T02:35:02,jetson,,,stage,detail0,process_total,129,,,4,
20260426_023405,2026-04-26T02:35:02,jetson,/mnt/windows_share/20260425220419/E1/05918_-13632000_1777127090963.jpg,100,stage,detect,read_image,77,,,,
20260426_023405,2026-04-26T02:35:02,jetson,/mnt/windows_share/20260425220419/E1/05917_-13635000_1777127090860.jpg,100,stage,detect,save_json,27,0,0,,
20260426_023405,2026-04-26T02:35:02,jetson,/mnt/windows_share/20260425220419/E1/05917_-13635000_1777127090860.jpg,100,stage,detect,detect_process_total,312,,,,
20260426_023405,2026-04-26T02:35:02,jetson,/mnt/windows_share/20260425220419/E1/05917_-13635000_1777127090860.jpg,100,stage,shell,file_total,312,0,0,,
20260426_023405,2026-04-26T02:35:02,jetson,/mnt/windows_share/20260425220419/E1/05919_-13629750_1777127091063.jpg,100,stage,detect,read_image,82,,,,
20260426_023405,2026-04-26T02:35:02,jetson,,,stage,area1,process_total,38,,,1,
20260426_023405,2026-04-26T02:35:02,jetson,,,stage,area0,process_total,52,,,1,
20260426_023405,2026-04-26T02:35:02,jetson,,,stage,area1,process_total,43,,,1,
20260426_023405,2026-04-26T02:35:02,jetson,/mnt/windows_share/20260425220419/E1/05920_-13626750_1777127091165.jpg,100,stage,detect,read_image,108,,,,
20260426_023405,2026-04-26T02:35:02,jetson,,,stage,area0,process_total,59,,,1,
20260426_023405,2026-04-26T02:35:02,jetson,/mnt/windows_share/20260425220419/E1/05921_-13624250_1777127091260.jpg,100,stage,detect,read_image,80,,,,
20260426_023405,2026-04-26T02:35:02,jetson,,,stage,element1,process_total,145,,,1,
20260426_023405,2026-04-26T02:35:02,jetson,,,stage,element1,process_total,125,,,1,
20260426_023405,2026-04-26T02:35:02,jetson,,,stage,area0,process_total,143,,,1,
20260426_023405,2026-04-26T02:35:02,jetson,,,stage,area1,process_total,144,,,1,
20260426_023405,2026-04-26T02:35:02,jetson,,,stage,element0,process_total,187,,,2,
20260426_023405,2026-04-26T02:35:02,jetson,,,stage,area1,process_total,161,,,1,
20260426_023405,2026-04-26T02:35:02,jetson,,,stage,area0,process_total,163,,,1,
20260426_023405,2026-04-26T02:35:02,jetson,,,stage,element2,process_total,240,,,1,
20260426_023405,2026-04-26T02:35:02,jetson,,,stage,element2,process_total,290,,,1,
20260426_023405,2026-04-26T02:35:02,jetson,,,stage,element0,process_total,280,,,2,
20260426_023405,2026-04-26T02:35:02,jetson,,,stage,element1,process_total,183,,,1,
20260426_023405,2026-04-26T02:35:02,jetson,,,stage,element1,process_total,158,,,1,
20260426_023405,2026-04-26T02:35:02,jetson,,,stage,element2,process_total,240,,,1,
20260426_023405,2026-04-26T02:35:02,jetson,,,stage,element2,process_total,199,,,1,
20260426_023405,2026-04-26T02:35:02,jetson,,,stage,element0,process_total,262,,,2,
20260426_023405,2026-04-26T02:35:02,jetson,,,stage,element0,process_total,223,,,2,
20260426_023405,2026-04-26T02:35:02,jetson,,,stage,detail1,process_total,479,,,5,
20260426_023405,2026-04-26T02:35:02,jetson,,,stage,detail0,process_total,485,,,5,
20260426_023405,2026-04-26T02:35:03,jetson,/mnt/windows_share/20260425220419/E1/05918_-13632000_1777127090963.jpg,100,stage,detect,save_json,16,0,0,,
20260426_023405,2026-04-26T02:35:03,jetson,/mnt/windows_share/20260425220419/E1/05918_-13632000_1777127090963.jpg,100,stage,detect,detect_process_total,639,,,,
20260426_023405,2026-04-26T02:35:03,jetson,/mnt/windows_share/20260425220419/E1/05918_-13632000_1777127090963.jpg,100,stage,shell,file_total,639,0,0,,
20260426_023405,2026-04-26T02:35:03,jetson,,,stage,detail1,process_total,478,,,5,
20260426_023405,2026-04-26T02:35:03,jetson,,,stage,detail0,process_total,486,,,5,
20260426_023405,2026-04-26T02:35:03,jetson,,,stage,detail1,process_total,348,,,4,
20260426_023405,2026-04-26T02:35:03,jetson,,,stage,detail1,process_total,305,,,4,
20260426_023405,2026-04-26T02:35:03,jetson,,,stage,detail0,process_total,351,,,4,
20260426_023405,2026-04-26T02:35:03,jetson,,,stage,detail0,process_total,307,,,4,
20260426_023405,2026-04-26T02:35:03,jetson,/mnt/windows_share/20260425220419/E1/05919_-13629750_1777127091063.jpg,100,stage,detect,save_json,22,0,0,,
20260426_023405,2026-04-26T02:35:03,jetson,/mnt/windows_share/20260425220419/E1/05919_-13629750_1777127091063.jpg,100,stage,detect,detect_process_total,652,,,,
20260426_023405,2026-04-26T02:35:03,jetson,/mnt/windows_share/20260425220419/E1/05919_-13629750_1777127091063.jpg,100,stage,shell,file_total,652,0,0,,
20260426_023405,2026-04-26T02:35:03,jetson,/mnt/windows_share/20260425220419/E1/05920_-13626750_1777127091165.jpg,100,stage,detect,save_json,27,0,0,,
20260426_023405,2026-04-26T02:35:03,jetson,/mnt/windows_share/20260425220419/E1/05921_-13624250_1777127091260.jpg,100,stage,detect,save_json,27,0,0,,
20260426_023405,2026-04-26T02:35:03,jetson,/mnt/windows_share/20260425220419/E1/05920_-13626750_1777127091165.jpg,100,stage,detect,detect_process_total,634,,,,
20260426_023405,2026-04-26T02:35:03,jetson,/mnt/windows_share/20260425220419/E1/05920_-13626750_1777127091165.jpg,100,stage,shell,file_total,634,0,0,,
20260426_023405,2026-04-26T02:35:03,jetson,/mnt/windows_share/20260425220419/E1/05921_-13624250_1777127091260.jpg,100,stage,detect,detect_process_total,579,,,,
20260426_023405,2026-04-26T02:35:03,jetson,/mnt/windows_share/20260425220419/E1/05921_-13624250_1777127091260.jpg,100,stage,shell,file_total,579,0,0,,
20260426_023405,2026-04-26T02:35:03,jetson,/mnt/windows_share/20260425220419/E1/05922_-13621750_1777127091362.jpg,100,stage,detect,read_image,80,,,,
20260426_023405,2026-04-26T02:35:03,jetson,/mnt/windows_share/20260425220419/E1/05923_-13618750_1777127091464.jpg,100,stage,detect,read_image,75,,,,
20260426_023405,2026-04-26T02:35:03,jetson,,,stage,area0,process_total,28,,,1,
20260426_023405,2026-04-26T02:35:03,jetson,,,stage,area1,process_total,36,,,1,
20260426_023405,2026-04-26T02:35:03,jetson,/mnt/windows_share/20260425220419/E1/05924_-13615750_1777127091575.jpg,100,stage,detect,read_image,99,,,,
20260426_023405,2026-04-26T02:35:03,jetson,/mnt/windows_share/20260425220419/E1/05925_-13612750_1777127091683.jpg,100,stage,detect,read_image,108,,,,
20260426_023405,2026-04-26T02:35:03,jetson,,,stage,element1,process_total,117,,,1,
20260426_023405,2026-04-26T02:35:03,jetson,,,stage,area1,process_total,132,,,1,
20260426_023405,2026-04-26T02:35:03,jetson,,,stage,area0,process_total,133,,,1,
20260426_023405,2026-04-26T02:35:03,jetson,,,stage,area1,process_total,107,,,1,
20260426_023405,2026-04-26T02:35:03,jetson,,,stage,area0,process_total,120,,,1,
20260426_023405,2026-04-26T02:35:03,jetson,,,stage,area0,process_total,126,,,1,
20260426_023405,2026-04-26T02:35:03,jetson,,,stage,area1,process_total,122,,,1,
20260426_023405,2026-04-26T02:35:03,jetson,,,stage,element2,process_total,237,,,1,
20260426_023405,2026-04-26T02:35:03,jetson,,,stage,element0,process_total,262,,,2,
20260426_023405,2026-04-26T02:35:03,jetson,,,stage,element1,process_total,179,,,1,
20260426_023405,2026-04-26T02:35:03,jetson,,,stage,element1,process_total,164,,,1,
20260426_023405,2026-04-26T02:35:03,jetson,,,stage,element1,process_total,167,,,1,
20260426_023405,2026-04-26T02:35:03,jetson,,,stage,element2,process_total,237,,,1,
20260426_023405,2026-04-26T02:35:03,jetson,,,stage,element2,process_total,208,,,1,
20260426_023405,2026-04-26T02:35:03,jetson,,,stage,element2,process_total,212,,,1,
20260426_023405,2026-04-26T02:35:03,jetson,,,stage,element0,process_total,257,,,2,
20260426_023405,2026-04-26T02:35:03,jetson,,,stage,element0,process_total,235,,,2,
20260426_023405,2026-04-26T02:35:03,jetson,,,stage,element0,process_total,227,,,2,
20260426_023405,2026-04-26T02:35:03,jetson,,,stage,detail1,process_total,424,,,5,
20260426_023405,2026-04-26T02:35:03,jetson,,,stage,detail0,process_total,434,,,5,
20260426_023405,2026-04-26T02:35:03,jetson,,,stage,detail0,process_total,291,,,3,
20260426_023405,2026-04-26T02:35:03,jetson,/mnt/windows_share/20260425220419/E1/05922_-13621750_1777127091362.jpg,100,stage,detect,save_json,18,0,0,,
20260426_023405,2026-04-26T02:35:03,jetson,/mnt/windows_share/20260425220419/E1/05922_-13621750_1777127091362.jpg,100,stage,detect,detect_process_total,571,,,,
20260426_023405,2026-04-26T02:35:03,jetson,/mnt/windows_share/20260425220419/E1/05922_-13621750_1777127091362.jpg,100,stage,shell,file_total,571,0,0,,
20260426_023405,2026-04-26T02:35:03,jetson,,,stage,detail1,process_total,299,,,4,
20260426_023405,2026-04-26T02:35:03,jetson,,,stage,detail1,process_total,328,,,5,
20260426_023405,2026-04-26T02:35:03,jetson,,,stage,detail1,process_total,359,,,5,
20260426_023405,2026-04-26T02:35:03,jetson,,,stage,detail0,process_total,364,,,5,
20260426_023405,2026-04-26T02:35:03,jetson,,,stage,detail0,process_total,334,,,5,
20260426_023405,2026-04-26T02:35:03,jetson,/mnt/windows_share/20260425220419/E1/05925_-13612750_1777127091683.jpg,100,stage,detect,save_json,32,0,0,,
20260426_023405,2026-04-26T02:35:03,jetson,/mnt/windows_share/20260425220419/E1/05925_-13612750_1777127091683.jpg,100,stage,detect,detect_process_total,572,,,,
20260426_023405,2026-04-26T02:35:03,jetson,/mnt/windows_share/20260425220419/E1/05925_-13612750_1777127091683.jpg,100,stage,shell,file_total,572,0,0,,
20260426_023405,2026-04-26T02:35:03,jetson,/mnt/windows_share/20260425220419/E1/05923_-13618750_1777127091464.jpg,100,stage,detect,save_json,25,0,0,,
20260426_023405,2026-04-26T02:35:03,jetson,/mnt/windows_share/20260425220419/E1/05923_-13618750_1777127091464.jpg,100,stage,detect,detect_process_total,601,,,,
20260426_023405,2026-04-26T02:35:03,jetson,/mnt/windows_share/20260425220419/E1/05923_-13618750_1777127091464.jpg,100,stage,shell,file_total,601,0,0,,
20260426_023405,2026-04-26T02:35:03,jetson,/mnt/windows_share/20260425220419/E1/05924_-13615750_1777127091575.jpg,100,stage,detect,save_json,31,0,0,,
20260426_023405,2026-04-26T02:35:03,jetson,/mnt/windows_share/20260425220419/E1/05924_-13615750_1777127091575.jpg,100,stage,detect,detect_process_total,597,,,,
20260426_023405,2026-04-26T02:35:03,jetson,/mnt/windows_share/20260425220419/E1/05924_-13615750_1777127091575.jpg,100,stage,shell,file_total,598,0,0,,
20260426_023405,2026-04-26T02:35:03,jetson,/mnt/windows_share/20260425220419/E1/05926_-13610250_1777127091785.jpg,100,stage,detect,read_image,94,,,,
20260426_023405,2026-04-26T02:35:03,jetson,,,stage,area0,process_total,24,,,1,
20260426_023405,2026-04-26T02:35:03,jetson,,,stage,area1,process_total,31,,,1,
20260426_023405,2026-04-26T02:35:03,jetson,/mnt/windows_share/20260425220419/E1/05927_-13607500_1777127091884.jpg,100,stage,detect,read_image,101,,,,
20260426_023405,2026-04-26T02:35:03,jetson,/mnt/windows_share/20260425220419/E1/05928_-13604750_1777127091983.jpg,100,stage,detect,read_image,94,,,,
20260426_023405,2026-04-26T02:35:03,jetson,/mnt/windows_share/20260425220419/E1/05929_-13602000_1777127092085.jpg,100,stage,detect,read_image,102,,,,
20260426_023405,2026-04-26T02:35:03,jetson,,,stage,element1,process_total,124,,,1,
20260426_023405,2026-04-26T02:35:03,jetson,,,stage,area1,process_total,133,,,1,
20260426_023405,2026-04-26T02:35:03,jetson,,,stage,area1,process_total,110,,,1,
20260426_023405,2026-04-26T02:35:03,jetson,,,stage,area0,process_total,133,,,1,
20260426_023405,2026-04-26T02:35:03,jetson,,,stage,area0,process_total,147,,,1,
20260426_023405,2026-04-26T02:35:03,jetson,,,stage,area1,process_total,132,,,1,
20260426_023405,2026-04-26T02:35:03,jetson,,,stage,area0,process_total,124,,,1,
20260426_023405,2026-04-26T02:35:03,jetson,,,stage,element0,process_total,281,,,2,
20260426_023405,2026-04-26T02:35:03,jetson,,,stage,element2,process_total,273,,,1,
20260426_023405,2026-04-26T02:35:04,jetson,,,stage,element1,process_total,206,,,1,
20260426_023405,2026-04-26T02:35:04,jetson,,,stage,element1,process_total,189,,,1,
20260426_023405,2026-04-26T02:35:04,jetson,,,stage,element1,process_total,205,,,1,
20260426_023405,2026-04-26T02:35:04,jetson,,,stage,element2,process_total,270,,,1,
20260426_023405,2026-04-26T02:35:04,jetson,,,stage,element2,process_total,251,,,1,
20260426_023405,2026-04-26T02:35:04,jetson,,,stage,element2,process_total,262,,,1,
20260426_023405,2026-04-26T02:35:04,jetson,,,stage,element0,process_total,284,,,2,
20260426_023405,2026-04-26T02:35:04,jetson,,,stage,element0,process_total,283,,,2,
20260426_023405,2026-04-26T02:35:04,jetson,,,stage,element0,process_total,278,,,2,
20260426_023405,2026-04-26T02:35:04,jetson,,,stage,detail0,process_total,480,,,4,
20260426_023405,2026-04-26T02:35:04,jetson,,,stage,detail1,process_total,488,,,5,
20260426_023405,2026-04-26T02:35:04,jetson,/mnt/windows_share/20260425220419/E1/05926_-13610250_1777127091785.jpg,100,stage,detect,save_json,17,0,0,,
20260426_023405,2026-04-26T02:35:04,jetson,/mnt/windows_share/20260425220419/E1/05926_-13610250_1777127091785.jpg,100,stage,detect,detect_process_total,634,,,,
20260426_023405,2026-04-26T02:35:04,jetson,/mnt/windows_share/20260425220419/E1/05926_-13610250_1777127091785.jpg,100,stage,shell,file_total,634,0,0,,
20260426_023405,2026-04-26T02:35:04,jetson,,,stage,detail0,process_total,350,,,3,
20260426_023405,2026-04-26T02:35:04,jetson,,,stage,detail1,process_total,379,,,4,
20260426_023405,2026-04-26T02:35:04,jetson,,,stage,detail1,process_total,378,,,4,
20260426_023405,2026-04-26T02:35:04,jetson,,,stage,detail0,process_total,376,,,4,
20260426_023405,2026-04-26T02:35:04,jetson,,,stage,detail1,process_total,376,,,5,
20260426_023405,2026-04-26T02:35:04,jetson,/mnt/windows_share/20260425220419/E1/05927_-13607500_1777127091884.jpg,100,stage,detect,save_json,16,0,0,,
20260426_023405,2026-04-26T02:35:04,jetson,,,stage,detail0,process_total,385,,,5,
20260426_023405,2026-04-26T02:35:04,jetson,/mnt/windows_share/20260425220419/E1/05927_-13607500_1777127091884.jpg,100,stage,detect,detect_process_total,647,,,,
20260426_023405,2026-04-26T02:35:04,jetson,/mnt/windows_share/20260425220419/E1/05927_-13607500_1777127091884.jpg,100,stage,shell,file_total,647,0,0,,
20260426_023405,2026-04-26T02:35:04,jetson,/mnt/windows_share/20260425220419/E1/05928_-13604750_1777127091983.jpg,100,stage,detect,save_json,24,0,0,,
20260426_023405,2026-04-26T02:35:04,jetson,/mnt/windows_share/20260425220419/E1/05928_-13604750_1777127091983.jpg,100,stage,detect,detect_process_total,640,,,,
20260426_023405,2026-04-26T02:35:04,jetson,/mnt/windows_share/20260425220419/E1/05928_-13604750_1777127091983.jpg,100,stage,shell,file_total,640,0,0,,
20260426_023405,2026-04-26T02:35:04,jetson,/mnt/windows_share/20260425220419/E1/05929_-13602000_1777127092085.jpg,100,stage,detect,save_json,28,0,0,,
20260426_023405,2026-04-26T02:35:04,jetson,/mnt/windows_share/20260425220419/E1/05929_-13602000_1777127092085.jpg,100,stage,detect,detect_process_total,651,,,,
20260426_023405,2026-04-26T02:35:04,jetson,/mnt/windows_share/20260425220419/E1/05929_-13602000_1777127092085.jpg,100,stage,shell,file_total,651,0,0,,
20260426_023405,2026-04-26T02:35:04,jetson,/mnt/windows_share/20260425220419/E1/05930_-13599250_1777127092183.jpg,100,stage,detect,read_image,81,,,,
20260426_023405,2026-04-26T02:35:04,jetson,,,stage,area1,process_total,25,,,1,
20260426_023405,2026-04-26T02:35:04,jetson,,,stage,area0,process_total,33,,,1,
20260426_023405,2026-04-26T02:35:04,jetson,/mnt/windows_share/20260425220419/E1/05931_-13596750_1777127092282.jpg,100,stage,detect,read_image,91,,,,
20260426_023405,2026-04-26T02:35:04,jetson,/mnt/windows_share/20260425220419/E1/05932_-13594000_1777127092379.jpg,100,stage,detect,read_image,92,,,,
20260426_023405,2026-04-26T02:35:04,jetson,,,stage,element0,process_total,50,,,2,
20260426_023405,2026-04-26T02:35:04,jetson,/mnt/windows_share/20260425220419/E1/05933_-13591250_1777127092481.jpg,100,stage,detect,read_image,119,,,,
20260426_023405,2026-04-26T02:35:04,jetson,,,stage,element1,process_total,80,,,1,
20260426_023405,2026-04-26T02:35:04,jetson,,,stage,area0,process_total,85,,,1,
20260426_023405,2026-04-26T02:35:04,jetson,,,stage,area1,process_total,86,,,1,
20260426_023405,2026-04-26T02:35:04,jetson,,,stage,area0,process_total,99,,,1,
20260426_023405,2026-04-26T02:35:04,jetson,,,stage,area1,process_total,92,,,1,
20260426_023405,2026-04-26T02:35:04,jetson,,,stage,element2,process_total,160,,,1,
20260426_023405,2026-04-26T02:35:04,jetson,,,stage,detail0,process_total,173,,,4,
20260426_023405,2026-04-26T02:35:04,jetson,,,stage,area1,process_total,101,,,1,
20260426_023405,2026-04-26T02:35:04,jetson,,,stage,detail1,process_total,187,,,4,
20260426_023405,2026-04-26T02:35:04,jetson,,,stage,area0,process_total,104,,,1,
20260426_023405,2026-04-26T02:35:04,jetson,/mnt/windows_share/20260425220419/E1/05930_-13599250_1777127092183.jpg,100,stage,detect,save_json,16,0,0,,
20260426_023405,2026-04-26T02:35:04,jetson,/mnt/windows_share/20260425220419/E1/05930_-13599250_1777127092183.jpg,100,stage,detect,detect_process_total,320,,,,
20260426_023405,2026-04-26T02:35:04,jetson,/mnt/windows_share/20260425220419/E1/05930_-13599250_1777127092183.jpg,100,stage,shell,file_total,320,0,0,,
20260426_023405,2026-04-26T02:35:04,jetson,,,stage,element1,process_total,133,,,1,
20260426_023405,2026-04-26T02:35:04,jetson,,,stage,element1,process_total,131,,,1,
20260426_023405,2026-04-26T02:35:04,jetson,/mnt/windows_share/20260425220419/E1/05934_-13588250_1777127092587.jpg,100,stage,detect,read_image,87,,,,
20260426_023405,2026-04-26T02:35:04,jetson,,,stage,element1,process_total,149,,,1,
20260426_023405,2026-04-26T02:35:04,jetson,,,stage,element2,process_total,221,,,1,
20260426_023405,2026-04-26T02:35:04,jetson,,,stage,element0,process_total,224,,,2,
20260426_023405,2026-04-26T02:35:04,jetson,,,stage,element2,process_total,213,,,1,
20260426_023405,2026-04-26T02:35:04,jetson,,,stage,element0,process_total,217,,,2,
20260426_023405,2026-04-26T02:35:04,jetson,,,stage,element2,process_total,186,,,1,
20260426_023405,2026-04-26T02:35:04,jetson,,,stage,element0,process_total,192,,,2,
20260426_023405,2026-04-26T02:35:04,jetson,,,stage,area1,process_total,88,,,1,
20260426_023405,2026-04-26T02:35:04,jetson,,,stage,area0,process_total,89,,,1,
20260426_023405,2026-04-26T02:35:04,jetson,,,stage,detail1,process_total,352,,,4,
20260426_023405,2026-04-26T02:35:04,jetson,,,stage,element1,process_total,88,,,1,
20260426_023405,2026-04-26T02:35:04,jetson,,,stage,detail0,process_total,385,,,4,
20260426_023405,2026-04-26T02:35:04,jetson,,,stage,detail0,process_total,371,,,4,
20260426_023405,2026-04-26T02:35:04,jetson,/mnt/windows_share/20260425220419/E1/05931_-13596750_1777127092282.jpg,100,stage,detect,save_json,15,0,0,,
20260426_023405,2026-04-26T02:35:04,jetson,/mnt/windows_share/20260425220419/E1/05931_-13596750_1777127092282.jpg,100,stage,detect,detect_process_total,585,,,,
20260426_023405,2026-04-26T02:35:04,jetson,/mnt/windows_share/20260425220419/E1/05931_-13596750_1777127092282.jpg,100,stage,shell,file_total,585,0,0,,
20260426_023405,2026-04-26T02:35:04,jetson,,,stage,element2,process_total,140,,,1,
20260426_023405,2026-04-26T02:35:04,jetson,,,stage,element0,process_total,147,,,2,
20260426_023405,2026-04-26T02:35:04,jetson,,,stage,detail1,process_total,405,,,5,
20260426_023405,2026-04-26T02:35:04,jetson,,,stage,detail1,process_total,371,,,5,
20260426_023405,2026-04-26T02:35:04,jetson,,,stage,detail0,process_total,377,,,5,
20260426_023405,2026-04-26T02:35:04,jetson,/mnt/windows_share/20260425220419/E1/05932_-13594000_1777127092379.jpg,100,stage,detect,save_json,17,0,0,,
20260426_023405,2026-04-26T02:35:04,jetson,/mnt/windows_share/20260425220419/E1/05932_-13594000_1777127092379.jpg,100,stage,detect,detect_process_total,623,,,,
20260426_023405,2026-04-26T02:35:04,jetson,/mnt/windows_share/20260425220419/E1/05932_-13594000_1777127092379.jpg,100,stage,shell,file_total,623,0,0,,
20260426_023405,2026-04-26T02:35:04,jetson,,,stage,detail1,process_total,201,,,5,
20260426_023405,2026-04-26T02:35:04,jetson,/mnt/windows_share/20260425220419/E1/05933_-13591250_1777127092481.jpg,100,stage,detect,save_json,22,0,0,,
20260426_023405,2026-04-26T02:35:04,jetson,/mnt/windows_share/20260425220419/E1/05933_-13591250_1777127092481.jpg,100,stage,detect,detect_process_total,624,,,,
20260426_023405,2026-04-26T02:35:04,jetson,/mnt/windows_share/20260425220419/E1/05933_-13591250_1777127092481.jpg,100,stage,shell,file_total,624,0,0,,
20260426_023405,2026-04-26T02:35:04,jetson,,,stage,detail0,process_total,203,,,5,
20260426_023405,2026-04-26T02:35:04,jetson,/mnt/windows_share/20260425220419/E1/05935_-13586000_1777127092682.jpg,100,stage,detect,read_image,90,,,,
20260426_023405,2026-04-26T02:35:04,jetson,/mnt/windows_share/20260425220419/E1/05934_-13588250_1777127092587.jpg,100,stage,detect,save_json,33,0,0,,
20260426_023405,2026-04-26T02:35:04,jetson,/mnt/windows_share/20260425220419/E1/05934_-13588250_1777127092587.jpg,100,stage,detect,detect_process_total,419,,,,
20260426_023405,2026-04-26T02:35:04,jetson,/mnt/windows_share/20260425220419/E1/05934_-13588250_1777127092587.jpg,100,stage,shell,file_total,419,0,0,,
20260426_023405,2026-04-26T02:35:04,jetson,,,stage,area0,process_total,23,,,1,
20260426_023405,2026-04-26T02:35:04,jetson,,,stage,area1,process_total,30,,,1,
20260426_023405,2026-04-26T02:35:05,jetson,/mnt/windows_share/20260425220419/E1/05936_-13583000_1777127092782.jpg,100,stage,detect,read_image,91,,,,
20260426_023405,2026-04-26T02:35:05,jetson,,,stage,element1,process_total,36,,,1,
20260426_023405,2026-04-26T02:35:05,jetson,,,stage,element0,process_total,49,,,2,
20260426_023405,2026-04-26T02:35:05,jetson,/mnt/windows_share/20260425220419/E1/05937_-13580250_1777127092885.jpg,100,stage,detect,read_image,109,,,,
20260426_023405,2026-04-26T02:35:05,jetson,/mnt/windows_share/20260425220419/E1/05938_-13577250_1777127092987.jpg,100,stage,detect,read_image,101,,,,
20260426_023405,2026-04-26T02:35:05,jetson,,,stage,area0,process_total,121,,,1,
20260426_023405,2026-04-26T02:35:05,jetson,,,stage,area1,process_total,117,,,1,
20260426_023405,2026-04-26T02:35:05,jetson,,,stage,area1,process_total,92,,,1,
20260426_023405,2026-04-26T02:35:05,jetson,,,stage,area0,process_total,106,,,1,
20260426_023405,2026-04-26T02:35:05,jetson,,,stage,area1,process_total,87,,,1,
20260426_023405,2026-04-26T02:35:05,jetson,,,stage,area0,process_total,112,,,1,
20260426_023405,2026-04-26T02:35:05,jetson,,,stage,element2,process_total,243,,,1,
20260426_023405,2026-04-26T02:35:05,jetson,,,stage,detail1,process_total,285,,,5,
20260426_023405,2026-04-26T02:35:05,jetson,,,stage,element1,process_total,163,,,1,
20260426_023405,2026-04-26T02:35:05,jetson,,,stage,element1,process_total,155,,,1,
20260426_023405,2026-04-26T02:35:05,jetson,,,stage,element1,process_total,141,,,1,
20260426_023405,2026-04-26T02:35:05,jetson,,,stage,detail0,process_total,370,,,5,
20260426_023405,2026-04-26T02:35:05,jetson,,,stage,element2,process_total,232,,,1,
20260426_023405,2026-04-26T02:35:05,jetson,,,stage,element2,process_total,215,,,1,
20260426_023405,2026-04-26T02:35:05,jetson,,,stage,element2,process_total,180,,,1,
20260426_023405,2026-04-26T02:35:05,jetson,/mnt/windows_share/20260425220419/E1/05935_-13586000_1777127092682.jpg,100,stage,detect,save_json,15,0,0,,
20260426_023405,2026-04-26T02:35:05,jetson,/mnt/windows_share/20260425220419/E1/05935_-13586000_1777127092682.jpg,100,stage,detect,detect_process_total,513,,,,
20260426_023405,2026-04-26T02:35:05,jetson,/mnt/windows_share/20260425220419/E1/05935_-13586000_1777127092682.jpg,100,stage,shell,file_total,513,0,0,,
20260426_023405,2026-04-26T02:35:05,jetson,,,stage,element0,process_total,241,,,2,
20260426_023405,2026-04-26T02:35:05,jetson,,,stage,element0,process_total,233,,,2,
20260426_023405,2026-04-26T02:35:05,jetson,,,stage,element0,process_total,208,,,2,
20260426_023405,2026-04-26T02:35:05,jetson,/mnt/windows_share/20260425220419/E1/05939_-13574750_1777127093090.jpg,100,stage,detect,read_image,83,,,,
20260426_023405,2026-04-26T02:35:05,jetson,,,stage,detail1,process_total,326,,,4,
20260426_023405,2026-04-26T02:35:05,jetson,,,stage,detail0,process_total,329,,,4,
20260426_023405,2026-04-26T02:35:05,jetson,/mnt/windows_share/20260425220419/E1/05936_-13583000_1777127092782.jpg,100,stage,detect,save_json,14,0,0,,
20260426_023405,2026-04-26T02:35:05,jetson,/mnt/windows_share/20260425220419/E1/05936_-13583000_1777127092782.jpg,100,stage,detect,detect_process_total,566,,,,
20260426_023405,2026-04-26T02:35:05,jetson,/mnt/windows_share/20260425220419/E1/05936_-13583000_1777127092782.jpg,100,stage,shell,file_total,566,0,0,,
20260426_023405,2026-04-26T02:35:05,jetson,,,stage,detail1,process_total,347,,,5,
20260426_023405,2026-04-26T02:35:05,jetson,,,stage,detail1,process_total,322,,,5,
20260426_023405,2026-04-26T02:35:05,jetson,,,stage,area0,process_total,44,,,1,
20260426_023405,2026-04-26T02:35:05,jetson,,,stage,detail0,process_total,353,,,5,
20260426_023405,2026-04-26T02:35:05,jetson,,,stage,area1,process_total,49,,,1,
20260426_023405,2026-04-26T02:35:05,jetson,,,stage,detail0,process_total,329,,,5,
20260426_023405,2026-04-26T02:35:05,jetson,/mnt/windows_share/20260425220419/E1/05937_-13580250_1777127092885.jpg,100,stage,detect,save_json,17,0,0,,
20260426_023405,2026-04-26T02:35:05,jetson,/mnt/windows_share/20260425220419/E1/05937_-13580250_1777127092885.jpg,100,stage,detect,detect_process_total,594,,,,
20260426_023405,2026-04-26T02:35:05,jetson,/mnt/windows_share/20260425220419/E1/05937_-13580250_1777127092885.jpg,100,stage,shell,file_total,594,0,0,,
20260426_023405,2026-04-26T02:35:05,jetson,/mnt/windows_share/20260425220419/E1/05938_-13577250_1777127092987.jpg,100,stage,detect,save_json,22,0,0,,
20260426_023405,2026-04-26T02:35:05,jetson,/mnt/windows_share/20260425220419/E1/05938_-13577250_1777127092987.jpg,100,stage,detect,detect_process_total,574,,,,
20260426_023405,2026-04-26T02:35:05,jetson,/mnt/windows_share/20260425220419/E1/05938_-13577250_1777127092987.jpg,100,stage,shell,file_total,574,0,0,,
20260426_023405,2026-04-26T02:35:05,jetson,,,stage,element1,process_total,59,,,1,
20260426_023405,2026-04-26T02:35:05,jetson,/mnt/windows_share/20260425220419/E1/05940_-13572000_1777127093191.jpg,100,stage,detect,read_image,93,,,,
20260426_023405,2026-04-26T02:35:05,jetson,,,stage,element0,process_total,78,,,2,
20260426_023405,2026-04-26T02:35:05,jetson,,,stage,element2,process_total,83,,,1,
20260426_023405,2026-04-26T02:35:05,jetson,/mnt/windows_share/20260425220419/E1/05941_-13569250_1777127093292.jpg,100,stage,detect,read_image,83,,,,
20260426_023405,2026-04-26T02:35:05,jetson,/mnt/windows_share/20260425220419/E1/05942_-13566500_1777127093393.jpg,100,stage,detect,read_image,92,,,,
20260426_023405,2026-04-26T02:35:05,jetson,,,stage,area1,process_total,70,,,1,
20260426_023405,2026-04-26T02:35:05,jetson,,,stage,area0,process_total,78,,,1,
20260426_023405,2026-04-26T02:35:05,jetson,,,stage,area1,process_total,66,,,1,
20260426_023405,2026-04-26T02:35:05,jetson,,,stage,area0,process_total,84,,,1,
20260426_023405,2026-04-26T02:35:05,jetson,,,stage,detail1,process_total,227,,,5,
20260426_023405,2026-04-26T02:35:05,jetson,,,stage,area1,process_total,106,,,1,
20260426_023405,2026-04-26T02:35:05,jetson,,,stage,area0,process_total,111,,,1,
20260426_023405,2026-04-26T02:35:05,jetson,,,stage,element1,process_total,135,,,1,
20260426_023405,2026-04-26T02:35:05,jetson,,,stage,detail0,process_total,288,,,5,
20260426_023405,2026-04-26T02:35:05,jetson,,,stage,element1,process_total,121,,,1,
20260426_023405,2026-04-26T02:35:05,jetson,/mnt/windows_share/20260425220419/E1/05939_-13574750_1777127093090.jpg,100,stage,detect,save_json,23,0,0,,
20260426_023405,2026-04-26T02:35:05,jetson,/mnt/windows_share/20260425220419/E1/05939_-13574750_1777127093090.jpg,100,stage,detect,detect_process_total,446,,,,
20260426_023405,2026-04-26T02:35:05,jetson,/mnt/windows_share/20260425220419/E1/05939_-13574750_1777127093090.jpg,100,stage,shell,file_total,446,0,0,,
20260426_023405,2026-04-26T02:35:05,jetson,,,stage,element2,process_total,186,,,1,
20260426_023405,2026-04-26T02:35:05,jetson,,,stage,element0,process_total,204,,,2,
20260426_023405,2026-04-26T02:35:05,jetson,,,stage,element1,process_total,126,,,1,
20260426_023405,2026-04-26T02:35:05,jetson,,,stage,element0,process_total,200,,,2,
20260426_023405,2026-04-26T02:35:05,jetson,/mnt/windows_share/20260425220419/E1/05943_-13563500_1777127093493.jpg,100,stage,detect,read_image,82,,,,
20260426_023405,2026-04-26T02:35:05,jetson,,,stage,element2,process_total,209,,,1,
20260426_023405,2026-04-26T02:35:05,jetson,,,stage,element0,process_total,184,,,2,
20260426_023405,2026-04-26T02:35:05,jetson,,,stage,element2,process_total,197,,,1,
20260426_023405,2026-04-26T02:35:05,jetson,,,stage,area0,process_total,75,,,1,
20260426_023405,2026-04-26T02:35:05,jetson,,,stage,area1,process_total,76,,,1,
20260426_023405,2026-04-26T02:35:06,jetson,,,stage,detail1,process_total,302,,,4,
20260426_023405,2026-04-26T02:35:06,jetson,,,stage,detail1,process_total,352,,,5,
20260426_023405,2026-04-26T02:35:06,jetson,,,stage,detail0,process_total,316,,,4,
20260426_023405,2026-04-26T02:35:06,jetson,,,stage,detail0,process_total,363,,,5,
20260426_023405,2026-04-26T02:35:06,jetson,,,stage,detail0,process_total,280,,,5,
20260426_023405,2026-04-26T02:35:06,jetson,,,stage,detail1,process_total,284,,,5,
20260426_023405,2026-04-26T02:35:06,jetson,/mnt/windows_share/20260425220419/E1/05941_-13569250_1777127093292.jpg,100,stage,detect,save_json,21,0,0,,
20260426_023405,2026-04-26T02:35:06,jetson,/mnt/windows_share/20260425220419/E1/05941_-13569250_1777127093292.jpg,100,stage,detect,detect_process_total,594,,,,
20260426_023405,2026-04-26T02:35:06,jetson,/mnt/windows_share/20260425220419/E1/05941_-13569250_1777127093292.jpg,100,stage,shell,file_total,594,0,0,,
20260426_023405,2026-04-26T02:35:06,jetson,/mnt/windows_share/20260425220419/E1/05940_-13572000_1777127093191.jpg,100,stage,detect,save_json,23,0,0,,
20260426_023405,2026-04-26T02:35:06,jetson,/mnt/windows_share/20260425220419/E1/05940_-13572000_1777127093191.jpg,100,stage,detect,detect_process_total,641,,,,
20260426_023405,2026-04-26T02:35:06,jetson,/mnt/windows_share/20260425220419/E1/05940_-13572000_1777127093191.jpg,100,stage,shell,file_total,641,0,0,,
20260426_023405,2026-04-26T02:35:06,jetson,/mnt/windows_share/20260425220419/E1/05942_-13566500_1777127093393.jpg,100,stage,detect,save_json,26,0,0,,
20260426_023405,2026-04-26T02:35:06,jetson,/mnt/windows_share/20260425220419/E1/05942_-13566500_1777127093393.jpg,100,stage,detect,detect_process_total,588,,,,
20260426_023405,2026-04-26T02:35:06,jetson,/mnt/windows_share/20260425220419/E1/05942_-13566500_1777127093393.jpg,100,stage,shell,file_total,588,0,0,,
20260426_023405,2026-04-26T02:35:06,jetson,,,stage,element1,process_total,36,,,1,
20260426_023405,2026-04-26T02:35:06,jetson,,,stage,element0,process_total,71,,,2,
20260426_023405,2026-04-26T02:35:06,jetson,,,stage,element2,process_total,84,,,1,
20260426_023405,2026-04-26T02:35:06,jetson,/mnt/windows_share/20260425220419/E1/05944_-13560750_1777127093597.jpg,100,stage,detect,read_image,80,,,,
20260426_023405,2026-04-26T02:35:06,jetson,,,stage,detail1,process_total,112,,,4,
20260426_023405,2026-04-26T02:35:06,jetson,,,stage,detail0,process_total,128,,,4,
20260426_023405,2026-04-26T02:35:06,jetson,,,stage,area1,process_total,26,,,1,
20260426_023405,2026-04-26T02:35:06,jetson,,,stage,area0,process_total,33,,,1,
20260426_023405,2026-04-26T02:35:06,jetson,/mnt/windows_share/20260425220419/E1/05943_-13563500_1777127093493.jpg,100,stage,detect,save_json,15,0,0,,
20260426_023405,2026-04-26T02:35:06,jetson,/mnt/windows_share/20260425220419/E1/05943_-13563500_1777127093493.jpg,100,stage,detect,detect_process_total,421,,,,
20260426_023405,2026-04-26T02:35:06,jetson,/mnt/windows_share/20260425220419/E1/05943_-13563500_1777127093493.jpg,100,stage,shell,file_total,421,0,0,,
20260426_023405,2026-04-26T02:35:06,jetson,/mnt/windows_share/20260425220419/E1/05945_-13557750_1777127093701.jpg,100,stage,detect,read_image,121,,,,
20260426_023405,2026-04-26T02:35:06,jetson,/mnt/windows_share/20260425220419/E1/05946_-13555250_1777127093800.jpg,100,stage,detect,read_image,115,,,,
20260426_023405,2026-04-26T02:35:06,jetson,,,stage,area1,process_total,79,,,1,
20260426_023405,2026-04-26T02:35:06,jetson,/mnt/windows_share/20260425220419/E1/05947_-13552250_1777127093898.jpg,100,stage,detect,read_image,87,,,,
20260426_023405,2026-04-26T02:35:06,jetson,,,stage,element0,process_total,99,,,2,
20260426_023405,2026-04-26T02:35:06,jetson,,,stage,element1,process_total,100,,,1,
20260426_023405,2026-04-26T02:35:06,jetson,,,stage,area1,process_total,98,,,1,
20260426_023405,2026-04-26T02:35:06,jetson,,,stage,area0,process_total,116,,,1,
20260426_023405,2026-04-26T02:35:06,jetson,,,stage,area0,process_total,121,,,1,
20260426_023405,2026-04-26T02:35:06,jetson,,,stage,element2,process_total,206,,,1,
20260426_023405,2026-04-26T02:35:06,jetson,,,stage,area0,process_total,141,,,1,
20260426_023405,2026-04-26T02:35:06,jetson,,,stage,area1,process_total,142,,,1,
20260426_023405,2026-04-26T02:35:06,jetson,,,stage,element1,process_total,145,,,1,
20260426_023405,2026-04-26T02:35:06,jetson,,,stage,element1,process_total,139,,,1,
20260426_023405,2026-04-26T02:35:06,jetson,,,stage,element2,process_total,219,,,1,
20260426_023405,2026-04-26T02:35:06,jetson,,,stage,element2,process_total,206,,,1,
20260426_023405,2026-04-26T02:35:06,jetson,,,stage,element1,process_total,135,,,1,
20260426_023405,2026-04-26T02:35:06,jetson,,,stage,element0,process_total,250,,,2,
20260426_023405,2026-04-26T02:35:06,jetson,,,stage,element0,process_total,245,,,2,
20260426_023405,2026-04-26T02:35:06,jetson,,,stage,element2,process_total,194,,,1,
20260426_023405,2026-04-26T02:35:06,jetson,,,stage,detail1,process_total,445,,,5,
20260426_023405,2026-04-26T02:35:06,jetson,,,stage,element0,process_total,207,,,2,
20260426_023405,2026-04-26T02:35:06,jetson,,,stage,detail0,process_total,493,,,5,
20260426_023405,2026-04-26T02:35:06,jetson,/mnt/windows_share/20260425220419/E1/05944_-13560750_1777127093597.jpg,100,stage,detect,save_json,14,0,0,,
20260426_023405,2026-04-26T02:35:06,jetson,/mnt/windows_share/20260425220419/E1/05944_-13560750_1777127093597.jpg,100,stage,detect,detect_process_total,623,,,,
20260426_023405,2026-04-26T02:35:06,jetson,/mnt/windows_share/20260425220419/E1/05944_-13560750_1777127093597.jpg,100,stage,shell,file_total,623,0,0,,
20260426_023405,2026-04-26T02:35:06,jetson,,,stage,detail1,process_total,386,,,4,
20260426_023405,2026-04-26T02:35:06,jetson,,,stage,detail0,process_total,417,,,4,
20260426_023405,2026-04-26T02:35:06,jetson,,,stage,detail1,process_total,317,,,4,
20260426_023405,2026-04-26T02:35:06,jetson,,,stage,detail1,process_total,414,,,5,
20260426_023405,2026-04-26T02:35:06,jetson,,,stage,detail0,process_total,318,,,4,
20260426_023405,2026-04-26T02:35:06,jetson,,,stage,detail0,process_total,425,,,5,
20260426_023405,2026-04-26T02:35:06,jetson,/mnt/windows_share/20260425220419/E1/05945_-13557750_1777127093701.jpg,100,stage,detect,save_json,27,0,0,,
20260426_023405,2026-04-26T02:35:06,jetson,/mnt/windows_share/20260425220419/E1/05945_-13557750_1777127093701.jpg,100,stage,detect,detect_process_total,685,,,,
20260426_023405,2026-04-26T02:35:06,jetson,/mnt/windows_share/20260425220419/E1/05945_-13557750_1777127093701.jpg,100,stage,shell,file_total,685,0,0,,
20260426_023405,2026-04-26T02:35:06,jetson,/mnt/windows_share/20260425220419/E1/05947_-13552250_1777127093898.jpg,100,stage,detect,save_json,16,0,0,,
20260426_023405,2026-04-26T02:35:06,jetson,/mnt/windows_share/20260425220419/E1/05947_-13552250_1777127093898.jpg,100,stage,detect,detect_process_total,566,,,,
20260426_023405,2026-04-26T02:35:06,jetson,/mnt/windows_share/20260425220419/E1/05947_-13552250_1777127093898.jpg,100,stage,shell,file_total,566,0,0,,
20260426_023405,2026-04-26T02:35:06,jetson,/mnt/windows_share/20260425220419/E1/05946_-13555250_1777127093800.jpg,100,stage,detect,save_json,20,0,0,,
20260426_023405,2026-04-26T02:35:06,jetson,/mnt/windows_share/20260425220419/E1/05946_-13555250_1777127093800.jpg,100,stage,detect,detect_process_total,686,,,,
20260426_023405,2026-04-26T02:35:06,jetson,/mnt/windows_share/20260425220419/E1/05946_-13555250_1777127093800.jpg,100,stage,shell,file_total,686,0,0,,
20260426_023405,2026-04-26T02:35:06,jetson,/mnt/windows_share/20260425220419/E1/05948_-13549500_1777127093998.jpg,100,stage,detect,read_image,75,,,,
20260426_023405,2026-04-26T02:35:06,jetson,,,stage,area0,process_total,29,,,1,
20260426_023405,2026-04-26T02:35:06,jetson,,,stage,area1,process_total,45,,,1,
20260426_023405,2026-04-26T02:35:06,jetson,/mnt/windows_share/20260425220419/E1/05949_-13547000_1777127094098.jpg,100,stage,detect,read_image,101,,,,
20260426_023405,2026-04-26T02:35:06,jetson,/mnt/windows_share/20260425220419/E1/05950_-13544250_1777127094194.jpg,100,stage,detect,read_image,99,,,,
20260426_023405,2026-04-26T02:35:06,jetson,/mnt/windows_share/20260425220419/E1/05951_-13541500_1777127094290.jpg,100,stage,detect,read_image,98,,,,
20260426_023405,2026-04-26T02:35:07,jetson,,,stage,element1,process_total,165,,,1,
20260426_023405,2026-04-26T02:35:07,jetson,,,stage,element0,process_total,170,,,2,
20260426_023405,2026-04-26T02:35:07,jetson,,,stage,area0,process_total,130,,,1,
20260426_023405,2026-04-26T02:35:07,jetson,,,stage,area1,process_total,135,,,1,
20260426_023405,2026-04-26T02:35:07,jetson,,,stage,area0,process_total,132,,,1,
20260426_023405,2026-04-26T02:35:07,jetson,,,stage,area1,process_total,117,,,1,
20260426_023405,2026-04-26T02:35:07,jetson,,,stage,area0,process_total,117,,,1,
20260426_023405,2026-04-26T02:35:07,jetson,,,stage,area1,process_total,142,,,1,
20260426_023405,2026-04-26T02:35:07,jetson,,,stage,element2,process_total,283,,,1,
20260426_023405,2026-04-26T02:35:07,jetson,,,stage,element1,process_total,208,,,1,
20260426_023405,2026-04-26T02:35:07,jetson,,,stage,element1,process_total,203,,,1,
20260426_023405,2026-04-26T02:35:07,jetson,,,stage,element1,process_total,204,,,1,
20260426_023405,2026-04-26T02:35:07,jetson,,,stage,element2,process_total,250,,,1,
20260426_023405,2026-04-26T02:35:07,jetson,,,stage,element2,process_total,246,,,1,
20260426_023405,2026-04-26T02:35:07,jetson,,,stage,element2,process_total,248,,,1,
20260426_023405,2026-04-26T02:35:07,jetson,,,stage,element0,process_total,266,,,2,
20260426_023405,2026-04-26T02:35:07,jetson,,,stage,element0,process_total,265,,,2,
20260426_023405,2026-04-26T02:35:07,jetson,,,stage,element0,process_total,254,,,2,
20260426_023405,2026-04-26T02:35:07,jetson,,,stage,detail0,process_total,456,,,4,
20260426_023405,2026-04-26T02:35:07,jetson,,,stage,detail1,process_total,483,,,5,
20260426_023405,2026-04-26T02:35:07,jetson,/mnt/windows_share/20260425220419/E1/05948_-13549500_1777127093998.jpg,100,stage,detect,save_json,15,0,0,,
20260426_023405,2026-04-26T02:35:07,jetson,/mnt/windows_share/20260425220419/E1/05948_-13549500_1777127093998.jpg,100,stage,detect,detect_process_total,626,,,,
20260426_023405,2026-04-26T02:35:07,jetson,/mnt/windows_share/20260425220419/E1/05948_-13549500_1777127093998.jpg,100,stage,shell,file_total,626,0,0,,
20260426_023405,2026-04-26T02:35:07,jetson,,,stage,detail1,process_total,345,,,4,
20260426_023405,2026-04-26T02:35:07,jetson,,,stage,detail0,process_total,355,,,4,
20260426_023405,2026-04-26T02:35:07,jetson,,,stage,detail0,process_total,364,,,4,
20260426_023405,2026-04-26T02:35:07,jetson,/mnt/windows_share/20260425220419/E1/05950_-13544250_1777127094194.jpg,100,stage,detect,save_json,14,0,0,,
20260426_023405,2026-04-26T02:35:07,jetson,/mnt/windows_share/20260425220419/E1/05950_-13544250_1777127094194.jpg,100,stage,detect,detect_process_total,618,,,,
20260426_023405,2026-04-26T02:35:07,jetson,/mnt/windows_share/20260425220419/E1/05950_-13544250_1777127094194.jpg,100,stage,shell,file_total,618,0,0,,
20260426_023405,2026-04-26T02:35:07,jetson,,,stage,detail1,process_total,380,,,5,
20260426_023405,2026-04-26T02:35:07,jetson,,,stage,detail1,process_total,377,,,5,
20260426_023405,2026-04-26T02:35:07,jetson,,,stage,detail0,process_total,383,,,5,
20260426_023405,2026-04-26T02:35:07,jetson,/mnt/windows_share/20260425220419/E1/05949_-13547000_1777127094098.jpg,100,stage,detect,save_json,17,0,0,,
20260426_023405,2026-04-26T02:35:07,jetson,/mnt/windows_share/20260425220419/E1/05951_-13541500_1777127094290.jpg,100,stage,detect,save_json,18,0,0,,
20260426_023405,2026-04-26T02:35:07,jetson,/mnt/windows_share/20260425220419/E1/05949_-13547000_1777127094098.jpg,100,stage,detect,detect_process_total,641,,,,
20260426_023405,2026-04-26T02:35:07,jetson,/mnt/windows_share/20260425220419/E1/05949_-13547000_1777127094098.jpg,100,stage,shell,file_total,641,0,0,,
20260426_023405,2026-04-26T02:35:07,jetson,/mnt/windows_share/20260425220419/E1/05951_-13541500_1777127094290.jpg,100,stage,detect,detect_process_total,634,,,,
20260426_023405,2026-04-26T02:35:07,jetson,/mnt/windows_share/20260425220419/E1/05951_-13541500_1777127094290.jpg,100,stage,shell,file_total,634,0,0,,
20260426_023405,2026-04-26T02:35:07,jetson,/mnt/windows_share/20260425220419/E1/05952_-13538750_1777127094387.jpg,100,stage,detect,read_image,88,,,,
20260426_023405,2026-04-26T02:35:07,jetson,,,stage,area1,process_total,27,,,1,
20260426_023405,2026-04-26T02:35:07,jetson,,,stage,area0,process_total,35,,,1,
20260426_023405,2026-04-26T02:35:07,jetson,/mnt/windows_share/20260425220419/E1/05953_-13536000_1777127094486.jpg,100,stage,detect,read_image,77,,,,
20260426_023405,2026-04-26T02:35:07,jetson,/mnt/windows_share/20260425220419/E1/05955_-13530750_1777127094681.jpg,100,stage,detect,read_image,100,,,,
20260426_023405,2026-04-26T02:35:07,jetson,/mnt/windows_share/20260425220419/E1/05954_-13533250_1777127094584.jpg,100,stage,detect,read_image,112,,,,
20260426_023405,2026-04-26T02:35:07,jetson,,,stage,element0,process_total,67,,,2,
20260426_023405,2026-04-26T02:35:07,jetson,,,stage,area0,process_total,115,,,1,
20260426_023405,2026-04-26T02:35:07,jetson,,,stage,element1,process_total,117,,,1,
20260426_023405,2026-04-26T02:35:07,jetson,,,stage,area1,process_total,161,,,1,
20260426_023405,2026-04-26T02:35:07,jetson,,,stage,area1,process_total,123,,,1,
20260426_023405,2026-04-26T02:35:07,jetson,,,stage,area1,process_total,119,,,1,
20260426_023405,2026-04-26T02:35:07,jetson,,,stage,area0,process_total,136,,,1,
20260426_023405,2026-04-26T02:35:07,jetson,,,stage,area0,process_total,119,,,1,
20260426_023405,2026-04-26T02:35:07,jetson,,,stage,element2,process_total,288,,,1,
20260426_023405,2026-04-26T02:35:07,jetson,,,stage,detail1,process_total,336,,,5,
20260426_023405,2026-04-26T02:35:07,jetson,,,stage,element1,process_total,217,,,1,
20260426_023405,2026-04-26T02:35:07,jetson,,,stage,element1,process_total,233,,,1,
20260426_023405,2026-04-26T02:35:07,jetson,,,stage,element1,process_total,221,,,1,
20260426_023405,2026-04-26T02:35:07,jetson,,,stage,element2,process_total,290,,,1,
20260426_023405,2026-04-26T02:35:07,jetson,,,stage,element2,process_total,267,,,1,
20260426_023405,2026-04-26T02:35:07,jetson,,,stage,element2,process_total,271,,,1,
20260426_023405,2026-04-26T02:35:07,jetson,,,stage,element0,process_total,306,,,2,
20260426_023405,2026-04-26T02:35:07,jetson,,,stage,detail0,process_total,498,,,5,
20260426_023405,2026-04-26T02:35:07,jetson,,,stage,element0,process_total,293,,,2,
20260426_023405,2026-04-26T02:35:07,jetson,,,stage,element0,process_total,294,,,2,
20260426_023405,2026-04-26T02:35:08,jetson,/mnt/windows_share/20260425220419/E1/05952_-13538750_1777127094387.jpg,100,stage,detect,save_json,17,0,0,,
20260426_023405,2026-04-26T02:35:08,jetson,/mnt/windows_share/20260425220419/E1/05952_-13538750_1777127094387.jpg,100,stage,detect,detect_process_total,642,,,,
20260426_023405,2026-04-26T02:35:08,jetson,/mnt/windows_share/20260425220419/E1/05952_-13538750_1777127094387.jpg,100,stage,shell,file_total,642,0,0,,
20260426_023405,2026-04-26T02:35:08,jetson,,,stage,detail0,process_total,396,,,4,
20260426_023405,2026-04-26T02:35:08,jetson,,,stage,detail1,process_total,409,,,4,
20260426_023405,2026-04-26T02:35:08,jetson,/mnt/windows_share/20260425220419/E1/05953_-13536000_1777127094486.jpg,100,stage,detect,save_json,15,0,0,,
20260426_023405,2026-04-26T02:35:08,jetson,/mnt/windows_share/20260425220419/E1/05953_-13536000_1777127094486.jpg,100,stage,detect,detect_process_total,665,,,,
20260426_023405,2026-04-26T02:35:08,jetson,/mnt/windows_share/20260425220419/E1/05953_-13536000_1777127094486.jpg,100,stage,shell,file_total,665,0,0,,
20260426_023405,2026-04-26T02:35:08,jetson,/mnt/windows_share/20260425220419/E1/05956_-13529000_1777127094779.jpg,100,stage,detect,read_image,89,,,,
20260426_023405,2026-04-26T02:35:08,jetson,,,stage,detail1,process_total,420,,,5,
20260426_023405,2026-04-26T02:35:08,jetson,,,stage,detail0,process_total,424,,,5,
20260426_023405,2026-04-26T02:35:08,jetson,,,stage,detail1,process_total,420,,,5,
20260426_023405,2026-04-26T02:35:08,jetson,,,stage,detail0,process_total,434,,,5,
20260426_023405,2026-04-26T02:35:08,jetson,,,stage,area0,process_total,31,,,1,
20260426_023405,2026-04-26T02:35:08,jetson,,,stage,area1,process_total,32,,,1,
20260426_023405,2026-04-26T02:35:08,jetson,/mnt/windows_share/20260425220419/E1/05954_-13533250_1777127094584.jpg,100,stage,detect,save_json,53,0,0,,
20260426_023405,2026-04-26T02:35:08,jetson,/mnt/windows_share/20260425220419/E1/05954_-13533250_1777127094584.jpg,100,stage,detect,detect_process_total,720,,,,
20260426_023405,2026-04-26T02:35:08,jetson,/mnt/windows_share/20260425220419/E1/05954_-13533250_1777127094584.jpg,100,stage,shell,file_total,720,0,0,,
20260426_023405,2026-04-26T02:35:08,jetson,/mnt/windows_share/20260425220419/E1/05955_-13530750_1777127094681.jpg,100,stage,detect,save_json,48,0,0,,
20260426_023405,2026-04-26T02:35:08,jetson,/mnt/windows_share/20260425220419/E1/05955_-13530750_1777127094681.jpg,100,stage,detect,detect_process_total,725,,,,
20260426_023405,2026-04-26T02:35:08,jetson,/mnt/windows_share/20260425220419/E1/05955_-13530750_1777127094681.jpg,100,stage,shell,file_total,725,0,0,,
20260426_023405,2026-04-26T02:35:08,jetson,/mnt/windows_share/20260425220419/E1/05957_-13529000_1777127094878.jpg,100,stage,detect,read_image,84,,,,
20260426_023405,2026-04-26T02:35:08,jetson,,,stage,detail0,process_total,132,,,4,
20260426_023405,2026-04-26T02:35:08,jetson,,,stage,element0,process_total,129,,,2,
20260426_023405,2026-04-26T02:35:08,jetson,,,stage,element1,process_total,132,,,1,
20260426_023405,2026-04-26T02:35:08,jetson,,,stage,area0,process_total,101,,,1,
20260426_023405,2026-04-26T02:35:08,jetson,/mnt/windows_share/20260425220419/E1/05959_-13519250_1777127095079.jpg,100,stage,detect,read_image,106,,,,
20260426_023405,2026-04-26T02:35:08,jetson,/mnt/windows_share/20260425220419/E1/05958_-13522500_1777127094976.jpg,100,stage,detect,read_image,112,,,,
20260426_023405,2026-04-26T02:35:08,jetson,,,stage,area1,process_total,103,,,1,
20260426_023405,2026-04-26T02:35:08,jetson,,,stage,element2,process_total,141,,,1,
20260426_023405,2026-04-26T02:35:08,jetson,,,stage,detail1,process_total,242,,,4,
20260426_023405,2026-04-26T02:35:08,jetson,,,stage,area1,process_total,105,,,1,
20260426_023405,2026-04-26T02:35:08,jetson,,,stage,area0,process_total,112,,,1,
20260426_023405,2026-04-26T02:35:08,jetson,,,stage,area1,process_total,112,,,1,
20260426_023405,2026-04-26T02:35:08,jetson,/mnt/windows_share/20260425220419/E1/05956_-13529000_1777127094779.jpg,100,stage,detect,save_json,17,0,0,,
20260426_023405,2026-04-26T02:35:08,jetson,/mnt/windows_share/20260425220419/E1/05956_-13529000_1777127094779.jpg,100,stage,detect,detect_process_total,385,,,,
20260426_023405,2026-04-26T02:35:08,jetson,/mnt/windows_share/20260425220419/E1/05956_-13529000_1777127094779.jpg,100,stage,shell,file_total,385,0,0,,
20260426_023405,2026-04-26T02:35:08,jetson,,,stage,element1,process_total,111,,,1,
20260426_023405,2026-04-26T02:35:08,jetson,,,stage,area0,process_total,137,,,1,
20260426_023405,2026-04-26T02:35:08,jetson,,,stage,element0,process_total,205,,,2,
20260426_023405,2026-04-26T02:35:08,jetson,,,stage,element2,process_total,195,,,1,
20260426_023405,2026-04-26T02:35:08,jetson,/mnt/windows_share/20260425220419/E1/05960_-13516500_1777127095179.jpg,100,stage,detect,read_image,102,,,,
20260426_023405,2026-04-26T02:35:08,jetson,,,stage,element1,process_total,148,,,1,
20260426_023405,2026-04-26T02:35:08,jetson,,,stage,element1,process_total,153,,,1,
20260426_023405,2026-04-26T02:35:08,jetson,,,stage,element2,process_total,220,,,1,
20260426_023405,2026-04-26T02:35:08,jetson,,,stage,element0,process_total,230,,,2,
20260426_023405,2026-04-26T02:35:08,jetson,,,stage,area1,process_total,128,,,1,
20260426_023405,2026-04-26T02:35:08,jetson,,,stage,area0,process_total,129,,,1,
20260426_023405,2026-04-26T02:35:08,jetson,,,stage,element2,process_total,236,,,1,
20260426_023405,2026-04-26T02:35:08,jetson,,,stage,element0,process_total,260,,,2,
20260426_023405,2026-04-26T02:35:08,jetson,,,stage,element1,process_total,106,,,1,
20260426_023405,2026-04-26T02:35:08,jetson,,,stage,detail0,process_total,486,,,5,
20260426_023405,2026-04-26T02:35:08,jetson,,,stage,detail1,process_total,494,,,5,
20260426_023405,2026-04-26T02:35:08,jetson,,,stage,element2,process_total,147,,,1,
20260426_023405,2026-04-26T02:35:08,jetson,/mnt/windows_share/20260425220419/E1/05957_-13529000_1777127094878.jpg,100,stage,detect,save_json,15,0,0,,
20260426_023405,2026-04-26T02:35:08,jetson,/mnt/windows_share/20260425220419/E1/05957_-13529000_1777127094878.jpg,100,stage,detect,detect_process_total,701,,,,
20260426_023405,2026-04-26T02:35:08,jetson,/mnt/windows_share/20260425220419/E1/05957_-13529000_1777127094878.jpg,100,stage,shell,file_total,701,0,0,,
20260426_023405,2026-04-26T02:35:08,jetson,,,stage,element0,process_total,165,,,2,
20260426_023405,2026-04-26T02:35:08,jetson,,,stage,detail1,process_total,383,,,4,
20260426_023405,2026-04-26T02:35:08,jetson,,,stage,detail0,process_total,395,,,4,
20260426_023405,2026-04-26T02:35:08,jetson,,,stage,detail1,process_total,432,,,5,
20260426_023405,2026-04-26T02:35:08,jetson,,,stage,detail0,process_total,437,,,5,
20260426_023405,2026-04-26T02:35:08,jetson,,,stage,detail1,process_total,213,,,4,
20260426_023405,2026-04-26T02:35:08,jetson,,,stage,detail0,process_total,214,,,4,
20260426_023405,2026-04-26T02:35:08,jetson,/mnt/windows_share/20260425220419/E1/05958_-13522500_1777127094976.jpg,100,stage,detect,save_json,43,0,0,,
20260426_023405,2026-04-26T02:35:08,jetson,/mnt/windows_share/20260425220419/E1/05958_-13522500_1777127094976.jpg,100,stage,detect,detect_process_total,694,,,,
20260426_023405,2026-04-26T02:35:08,jetson,/mnt/windows_share/20260425220419/E1/05958_-13522500_1777127094976.jpg,100,stage,shell,file_total,694,0,0,,
20260426_023405,2026-04-26T02:35:08,jetson,/mnt/windows_share/20260425220419/E1/05959_-13519250_1777127095079.jpg,100,stage,detect,save_json,38,0,0,,
20260426_023405,2026-04-26T02:35:08,jetson,/mnt/windows_share/20260425220419/E1/05959_-13519250_1777127095079.jpg,100,stage,detect,detect_process_total,697,,,,
20260426_023405,2026-04-26T02:35:08,jetson,/mnt/windows_share/20260425220419/E1/05959_-13519250_1777127095079.jpg,100,stage,shell,file_total,697,0,0,,
20260426_023405,2026-04-26T02:35:08,jetson,/mnt/windows_share/20260425220419/E1/05960_-13516500_1777127095179.jpg,100,stage,detect,save_json,37,0,0,,
20260426_023405,2026-04-26T02:35:08,jetson,/mnt/windows_share/20260425220419/E1/05960_-13516500_1777127095179.jpg,100,stage,detect,detect_process_total,485,,,,
20260426_023405,2026-04-26T02:35:08,jetson,/mnt/windows_share/20260425220419/E1/05960_-13516500_1777127095179.jpg,100,stage,shell,file_total,485,0,0,,
20260426_023405,2026-04-26T02:35:08,jetson,/mnt/windows_share/20260425220419/E1/05961_-13513750_1777127095278.jpg,100,stage,detect,read_image,145,,,,
20260426_023405,2026-04-26T02:35:08,jetson,/mnt/windows_share/20260425220419/E1/05962_-13511250_1777127095369.jpg,100,stage,detect,read_image,89,,,,
20260426_023405,2026-04-26T02:35:08,jetson,,,stage,area1,process_total,22,,,1,
20260426_023405,2026-04-26T02:35:08,jetson,/mnt/windows_share/20260425220419/E1/05963_-13508500_1777127095468.jpg,100,stage,detect,read_image,94,,,,
20260426_023405,2026-04-26T02:35:08,jetson,,,stage,area0,process_total,33,,,1,
20260426_023405,2026-04-26T02:35:08,jetson,,,stage,area0,process_total,31,,,1,
20260426_023405,2026-04-26T02:35:09,jetson,/mnt/windows_share/20260425220419/E1/05964_-13505750_1777127095565.jpg,100,stage,detect,read_image,143,,,,
20260426_023405,2026-04-26T02:35:09,jetson,,,stage,area1,process_total,79,,,1,
20260426_023405,2026-04-26T02:35:09,jetson,,,stage,area1,process_total,66,,,1,
20260426_023405,2026-04-26T02:35:09,jetson,,,stage,element1,process_total,129,,,1,
20260426_023405,2026-04-26T02:35:09,jetson,,,stage,area0,process_total,132,,,1,
20260426_023405,2026-04-26T02:35:09,jetson,,,stage,area1,process_total,138,,,1,
20260426_023405,2026-04-26T02:35:09,jetson,,,stage,element1,process_total,141,,,1,
20260426_023405,2026-04-26T02:35:09,jetson,,,stage,area0,process_total,149,,,1,
20260426_023405,2026-04-26T02:35:09,jetson,,,stage,element2,process_total,252,,,1,
20260426_023405,2026-04-26T02:35:09,jetson,,,stage,element0,process_total,269,,,2,
20260426_023405,2026-04-26T02:35:09,jetson,,,stage,element2,process_total,260,,,1,
20260426_023405,2026-04-26T02:35:09,jetson,,,stage,element1,process_total,170,,,1,
20260426_023405,2026-04-26T02:35:09,jetson,,,stage,element1,process_total,142,,,1,
20260426_023405,2026-04-26T02:35:09,jetson,,,stage,element2,process_total,219,,,1,
20260426_023405,2026-04-26T02:35:09,jetson,,,stage,element2,process_total,190,,,1,
20260426_023405,2026-04-26T02:35:09,jetson,,,stage,detail1,process_total,450,,,5,
20260426_023405,2026-04-26T02:35:09,jetson,,,stage,detail0,process_total,480,,,5,
20260426_023405,2026-04-26T02:35:09,jetson,/mnt/windows_share/20260425220419/E1/05961_-13513750_1777127095278.jpg,100,stage,detect,save_json,16,0,0,,
20260426_023405,2026-04-26T02:35:09,jetson,/mnt/windows_share/20260425220419/E1/05961_-13513750_1777127095278.jpg,100,stage,detect,detect_process_total,679,,,,
20260426_023405,2026-04-26T02:35:09,jetson,/mnt/windows_share/20260425220419/E1/05961_-13513750_1777127095278.jpg,100,stage,shell,file_total,679,0,0,,
20260426_023405,2026-04-26T02:35:09,jetson,,,stage,detail1,process_total,351,,,4,
20260426_023405,2026-04-26T02:35:09,jetson,,,stage,detail1,process_total,444,,,5,
20260426_023405,2026-04-26T02:35:09,jetson,,,stage,detail0,process_total,361,,,4,
20260426_023405,2026-04-26T02:35:09,jetson,,,stage,detail0,process_total,454,,,5,
20260426_023405,2026-04-26T02:35:09,jetson,,,stage,detail1,process_total,312,,,5,
20260426_023405,2026-04-26T02:35:09,jetson,,,stage,detail0,process_total,322,,,5,
20260426_023405,2026-04-26T02:35:09,jetson,/mnt/windows_share/20260425220419/E1/05963_-13508500_1777127095468.jpg,100,stage,detect,save_json,28,0,0,,
20260426_023405,2026-04-26T02:35:09,jetson,/mnt/windows_share/20260425220419/E1/05962_-13511250_1777127095369.jpg,100,stage,detect,save_json,28,0,0,,
20260426_023405,2026-04-26T02:35:09,jetson,/mnt/windows_share/20260425220419/E1/05963_-13508500_1777127095468.jpg,100,stage,detect,detect_process_total,644,,,,
20260426_023405,2026-04-26T02:35:09,jetson,/mnt/windows_share/20260425220419/E1/05963_-13508500_1777127095468.jpg,100,stage,shell,file_total,644,0,0,,
20260426_023405,2026-04-26T02:35:09,jetson,/mnt/windows_share/20260425220419/E1/05962_-13511250_1777127095369.jpg,100,stage,detect,detect_process_total,653,,,,
20260426_023405,2026-04-26T02:35:09,jetson,/mnt/windows_share/20260425220419/E1/05962_-13511250_1777127095369.jpg,100,stage,shell,file_total,653,0,0,,
20260426_023405,2026-04-26T02:35:09,jetson,/mnt/windows_share/20260425220419/E1/05964_-13505750_1777127095565.jpg,100,stage,detect,save_json,15,0,0,,
20260426_023405,2026-04-26T02:35:09,jetson,/mnt/windows_share/20260425220419/E1/05964_-13505750_1777127095565.jpg,100,stage,detect,detect_process_total,636,,,,
20260426_023405,2026-04-26T02:35:09,jetson,/mnt/windows_share/20260425220419/E1/05964_-13505750_1777127095565.jpg,100,stage,shell,file_total,636,0,0,,
20260426_023405,2026-04-26T02:35:09,jetson,/mnt/windows_share/20260425220419/E1/05965_-13503000_1777127095660.jpg,100,stage,detect,read_image,88,,,,
20260426_023405,2026-04-26T02:35:09,jetson,,,stage,area1,process_total,27,,,1,
20260426_023405,2026-04-26T02:35:09,jetson,,,stage,area0,process_total,35,,,1,
20260426_023405,2026-04-26T02:35:09,jetson,/mnt/windows_share/20260425220419/E1/05966_-13500500_1777127095754.jpg,100,stage,detect,read_image,106,,,,
20260426_023405,2026-04-26T02:35:09,jetson,/mnt/windows_share/20260425220419/E1/05967_-13497250_1777127095854.jpg,100,stage,detect,read_image,121,,,,
20260426_023405,2026-04-26T02:35:09,jetson,/mnt/windows_share/20260425220419/E1/05968_-13494750_1777127095951.jpg,100,stage,detect,read_image,143,,,,
20260426_023405,2026-04-26T02:35:09,jetson,,,stage,element1,process_total,136,,,1,
20260426_023405,2026-04-26T02:35:09,jetson,,,stage,area1,process_total,115,,,1,
20260426_023405,2026-04-26T02:35:09,jetson,,,stage,area0,process_total,110,,,1,
20260426_023405,2026-04-26T02:35:09,jetson,,,stage,area1,process_total,107,,,1,
20260426_023405,2026-04-26T02:35:09,jetson,,,stage,area0,process_total,120,,,1,
20260426_023405,2026-04-26T02:35:09,jetson,,,stage,area0,process_total,91,,,1,
20260426_023405,2026-04-26T02:35:09,jetson,,,stage,area1,process_total,93,,,1,
20260426_023405,2026-04-26T02:35:09,jetson,,,stage,element2,process_total,237,,,1,
20260426_023405,2026-04-26T02:35:09,jetson,,,stage,element1,process_total,165,,,1,
20260426_023405,2026-04-26T02:35:09,jetson,,,stage,element1,process_total,177,,,1,
20260426_023405,2026-04-26T02:35:09,jetson,,,stage,element1,process_total,186,,,1,
20260426_023405,2026-04-26T02:35:09,jetson,,,stage,element2,process_total,234,,,1,
20260426_023405,2026-04-26T02:35:09,jetson,,,stage,element2,process_total,223,,,1,
20260426_023405,2026-04-26T02:35:09,jetson,,,stage,element2,process_total,241,,,1,
20260426_023405,2026-04-26T02:35:10,jetson,,,stage,detail1,process_total,402,,,5,
20260426_023405,2026-04-26T02:35:10,jetson,,,stage,detail0,process_total,412,,,5,
20260426_023405,2026-04-26T02:35:10,jetson,,,stage,element0,process_total,257,,,2,
20260426_023405,2026-04-26T02:35:10,jetson,/mnt/windows_share/20260425220419/E1/05965_-13503000_1777127095660.jpg,100,stage,detect,save_json,16,0,0,,
20260426_023405,2026-04-26T02:35:10,jetson,/mnt/windows_share/20260425220419/E1/05965_-13503000_1777127095660.jpg,100,stage,detect,detect_process_total,555,,,,
20260426_023405,2026-04-26T02:35:10,jetson,/mnt/windows_share/20260425220419/E1/05965_-13503000_1777127095660.jpg,100,stage,shell,file_total,555,0,0,,
20260426_023405,2026-04-26T02:35:10,jetson,,,stage,detail1,process_total,357,,,4,
20260426_023405,2026-04-26T02:35:10,jetson,,,stage,detail1,process_total,364,,,4,
20260426_023405,2026-04-26T02:35:10,jetson,/mnt/windows_share/20260425220419/E1/05969_-13492000_1777127096047.jpg,100,stage,detect,read_image,87,,,,
20260426_023405,2026-04-26T02:35:10,jetson,,,stage,detail0,process_total,364,,,4,
20260426_023405,2026-04-26T02:35:10,jetson,/mnt/windows_share/20260425220419/E1/05966_-13500500_1777127095754.jpg,100,stage,detect,save_json,16,0,0,,
20260426_023405,2026-04-26T02:35:10,jetson,/mnt/windows_share/20260425220419/E1/05966_-13500500_1777127095754.jpg,100,stage,detect,detect_process_total,618,,,,
20260426_023405,2026-04-26T02:35:10,jetson,/mnt/windows_share/20260425220419/E1/05966_-13500500_1777127095754.jpg,100,stage,shell,file_total,619,0,0,,
20260426_023405,2026-04-26T02:35:10,jetson,,,stage,detail0,process_total,378,,,4,
20260426_023405,2026-04-26T02:35:10,jetson,/mnt/windows_share/20260425220419/E1/05968_-13494750_1777127095951.jpg,100,stage,detect,save_json,19,0,0,,
20260426_023405,2026-04-26T02:35:10,jetson,,,stage,area1,process_total,37,,,1,
20260426_023405,2026-04-26T02:35:10,jetson,/mnt/windows_share/20260425220419/E1/05968_-13494750_1777127095951.jpg,100,stage,detect,detect_process_total,637,,,,
20260426_023405,2026-04-26T02:35:10,jetson,/mnt/windows_share/20260425220419/E1/05968_-13494750_1777127095951.jpg,100,stage,shell,file_total,637,0,0,,
20260426_023405,2026-04-26T02:35:10,jetson,,,stage,detail1,process_total,407,,,5,
20260426_023405,2026-04-26T02:35:10,jetson,,,stage,detail0,process_total,410,,,5,
20260426_023405,2026-04-26T02:35:10,jetson,,,stage,area0,process_total,43,,,1,
20260426_023405,2026-04-26T02:35:10,jetson,/mnt/windows_share/20260425220419/E1/05967_-13497250_1777127095854.jpg,100,stage,detect,save_json,18,0,0,,
20260426_023405,2026-04-26T02:35:10,jetson,/mnt/windows_share/20260425220419/E1/05967_-13497250_1777127095854.jpg,100,stage,detect,detect_process_total,663,,,,
20260426_023405,2026-04-26T02:35:10,jetson,/mnt/windows_share/20260425220419/E1/05967_-13497250_1777127095854.jpg,100,stage,shell,file_total,664,0,0,,
20260426_023405,2026-04-26T02:35:10,jetson,,,stage,element1,process_total,50,,,1,
20260426_023405,2026-04-26T02:35:10,jetson,/mnt/windows_share/20260425220419/E1/05970_-13489250_1777127096143.jpg,100,stage,detect,read_image,93,,,,
20260426_023405,2026-04-26T02:35:10,jetson,/mnt/windows_share/20260425220419/E1/05971_-13486500_1777127096240.jpg,100,stage,detect,read_image,94,,,,
20260426_023405,2026-04-26T02:35:10,jetson,,,stage,element2,process_total,100,,,1,
20260426_023405,2026-04-26T02:35:10,jetson,/mnt/windows_share/20260425220419/E1/05972_-13483500_1777127096341.jpg,100,stage,detect,read_image,102,,,,
20260426_023405,2026-04-26T02:35:10,jetson,,,stage,area1,process_total,59,,,1,
20260426_023405,2026-04-26T02:35:10,jetson,,,stage,area0,process_total,86,,,1,
20260426_023405,2026-04-26T02:35:10,jetson,,,stage,area1,process_total,89,,,1,
20260426_023405,2026-04-26T02:35:10,jetson,,,stage,area0,process_total,83,,,1,
20260426_023405,2026-04-26T02:35:10,jetson,,,stage,area0,process_total,79,,,1,
20260426_023405,2026-04-26T02:35:10,jetson,,,stage,area1,process_total,83,,,1,
20260426_023405,2026-04-26T02:35:10,jetson,,,stage,detail1,process_total,278,,,5,
20260426_023405,2026-04-26T02:35:10,jetson,,,stage,element1,process_total,124,,,1,
20260426_023405,2026-04-26T02:35:10,jetson,,,stage,element1,process_total,130,,,1,
20260426_023405,2026-04-26T02:35:10,jetson,,,stage,detail0,process_total,315,,,5,
20260426_023405,2026-04-26T02:35:10,jetson,,,stage,element1,process_total,118,,,1,
20260426_023405,2026-04-26T02:35:10,jetson,/mnt/windows_share/20260425220419/E1/05969_-13492000_1777127096047.jpg,100,stage,detect,save_json,16,0,0,,
20260426_023405,2026-04-26T02:35:10,jetson,/mnt/windows_share/20260425220419/E1/05969_-13492000_1777127096047.jpg,100,stage,detect,detect_process_total,464,,,,
20260426_023405,2026-04-26T02:35:10,jetson,/mnt/windows_share/20260425220419/E1/05969_-13492000_1777127096047.jpg,100,stage,shell,file_total,464,0,0,,
20260426_023405,2026-04-26T02:35:10,jetson,,,stage,element2,process_total,191,,,1,
20260426_023405,2026-04-26T02:35:10,jetson,,,stage,element2,process_total,203,,,1,
20260426_023405,2026-04-26T02:35:10,jetson,,,stage,element2,process_total,167,,,1,
20260426_023405,2026-04-26T02:35:10,jetson,/mnt/windows_share/20260425220419/E1/05973_-13481000_1777127096437.jpg,100,stage,detect,read_image,77,,,,
20260426_023405,2026-04-26T02:35:10,jetson,,,stage,detail1,process_total,226,,,3,
20260426_023405,2026-04-26T02:35:10,jetson,,,stage,detail1,process_total,280,,,4,
20260426_023405,2026-04-26T02:35:10,jetson,,,stage,detail0,process_total,291,,,4,
20260426_023405,2026-04-26T02:35:10,jetson,,,stage,area1,process_total,58,,,1,
20260426_023405,2026-04-26T02:35:10,jetson,,,stage,area0,process_total,59,,,1,
20260426_023405,2026-04-26T02:35:10,jetson,,,stage,detail1,process_total,313,,,5,
20260426_023405,2026-04-26T02:35:10,jetson,/mnt/windows_share/20260425220419/E1/05971_-13486500_1777127096240.jpg,100,stage,detect,save_json,16,0,0,,
20260426_023405,2026-04-26T02:35:10,jetson,/mnt/windows_share/20260425220419/E1/05971_-13486500_1777127096240.jpg,100,stage,detect,detect_process_total,487,,,,
20260426_023405,2026-04-26T02:35:10,jetson,/mnt/windows_share/20260425220419/E1/05971_-13486500_1777127096240.jpg,100,stage,shell,file_total,487,0,0,,
20260426_023405,2026-04-26T02:35:10,jetson,,,stage,detail0,process_total,329,,,5,
20260426_023405,2026-04-26T02:35:10,jetson,/mnt/windows_share/20260425220419/E1/05970_-13489250_1777127096143.jpg,100,stage,detect,save_json,22,0,0,,
20260426_023405,2026-04-26T02:35:10,jetson,/mnt/windows_share/20260425220419/E1/05970_-13489250_1777127096143.jpg,100,stage,detect,detect_process_total,536,,,,
20260426_023405,2026-04-26T02:35:10,jetson,/mnt/windows_share/20260425220419/E1/05970_-13489250_1777127096143.jpg,100,stage,shell,file_total,536,0,0,,
20260426_023405,2026-04-26T02:35:10,jetson,,,stage,element1,process_total,74,,,1,
20260426_023405,2026-04-26T02:35:10,jetson,,,stage,detail0,process_total,341,,,5,
20260426_023405,2026-04-26T02:35:10,jetson,/mnt/windows_share/20260425220419/E1/05974_-13478000_1777127096535.jpg,100,stage,detect,read_image,72,,,,
20260426_023405,2026-04-26T02:35:10,jetson,,,stage,element2,process_total,88,,,1,
20260426_023405,2026-04-26T02:35:10,jetson,/mnt/windows_share/20260425220419/E1/05972_-13483500_1777127096341.jpg,100,stage,detect,save_json,32,0,0,,
20260426_023405,2026-04-26T02:35:10,jetson,/mnt/windows_share/20260425220419/E1/05972_-13483500_1777127096341.jpg,100,stage,detect,detect_process_total,562,,,,
20260426_023405,2026-04-26T02:35:10,jetson,/mnt/windows_share/20260425220419/E1/05972_-13483500_1777127096341.jpg,100,stage,shell,file_total,562,0,0,,
20260426_023405,2026-04-26T02:35:10,jetson,,,stage,element0,process_total,114,,,2,
20260426_023405,2026-04-26T02:35:10,jetson,/mnt/windows_share/20260425220419/E1/05975_-13475250_1777127096631.jpg,100,stage,detect,read_image,76,,,,
20260426_023405,2026-04-26T02:35:10,jetson,,,stage,area0,process_total,58,,,1,
20260426_023405,2026-04-26T02:35:10,jetson,,,stage,area1,process_total,61,,,1,
20260426_023405,2026-04-26T02:35:10,jetson,,,stage,detail0,process_total,149,,,4,
20260426_023405,2026-04-26T02:35:10,jetson,,,stage,area1,process_total,57,,,1,
20260426_023405,2026-04-26T02:35:10,jetson,,,stage,area0,process_total,59,,,1,
20260426_023405,2026-04-26T02:35:10,jetson,,,stage,detail1,process_total,178,,,4,
20260426_023405,2026-04-26T02:35:10,jetson,/mnt/windows_share/20260425220419/E1/05976_-13472500_1777127096729.jpg,100,stage,detect,read_image,74,,,,
20260426_023405,2026-04-26T02:35:10,jetson,/mnt/windows_share/20260425220419/E1/05973_-13481000_1777127096437.jpg,100,stage,detect,save_json,17,0,0,,
20260426_023405,2026-04-26T02:35:10,jetson,/mnt/windows_share/20260425220419/E1/05973_-13481000_1777127096437.jpg,100,stage,detect,detect_process_total,335,,,,
20260426_023405,2026-04-26T02:35:10,jetson,/mnt/windows_share/20260425220419/E1/05973_-13481000_1777127096437.jpg,100,stage,shell,file_total,335,0,0,,
20260426_023405,2026-04-26T02:35:10,jetson,,,stage,element1,process_total,46,,,1,
20260426_023405,2026-04-26T02:35:10,jetson,/mnt/windows_share/20260425220419/E1/05977_-13469500_1777127096827.jpg,100,stage,detect,read_image,80,,,,
20260426_023405,2026-04-26T02:35:10,jetson,,,stage,element0,process_total,177,,,2,
20260426_023405,2026-04-26T02:35:10,jetson,,,stage,element1,process_total,155,,,1,
20260426_023405,2026-04-26T02:35:10,jetson,,,stage,area0,process_total,166,,,1,
20260426_023405,2026-04-26T02:35:10,jetson,,,stage,area1,process_total,161,,,1,
20260426_023405,2026-04-26T02:35:11,jetson,,,stage,element2,process_total,273,,,1,
20260426_023405,2026-04-26T02:35:11,jetson,,,stage,element2,process_total,254,,,1,
20260426_023405,2026-04-26T02:35:11,jetson,,,stage,element0,process_total,259,,,2,
20260426_023405,2026-04-26T02:35:11,jetson,,,stage,area0,process_total,161,,,1,
20260426_023405,2026-04-26T02:35:11,jetson,,,stage,area1,process_total,163,,,1,
20260426_023405,2026-04-26T02:35:11,jetson,,,stage,element1,process_total,171,,,1,
20260426_023405,2026-04-26T02:35:11,jetson,,,stage,element2,process_total,234,,,1,
20260426_023405,2026-04-26T02:35:11,jetson,,,stage,element1,process_total,161,,,1,
20260426_023405,2026-04-26T02:35:11,jetson,,,stage,element0,process_total,265,,,2,
20260426_023405,2026-04-26T02:35:11,jetson,,,stage,element2,process_total,207,,,1,
20260426_023405,2026-04-26T02:35:11,jetson,,,stage,detail1,process_total,482,,,4,
20260426_023405,2026-04-26T02:35:11,jetson,,,stage,element0,process_total,220,,,2,
20260426_023405,2026-04-26T02:35:11,jetson,,,stage,detail0,process_total,487,,,4,
20260426_023405,2026-04-26T02:35:11,jetson,,,stage,detail1,process_total,526,,,5,
20260426_023405,2026-04-26T02:35:11,jetson,,,stage,detail0,process_total,535,,,5,
20260426_023405,2026-04-26T02:35:11,jetson,/mnt/windows_share/20260425220419/E1/05975_-13475250_1777127096631.jpg,100,stage,detect,save_json,17,0,0,,
20260426_023405,2026-04-26T02:35:11,jetson,/mnt/windows_share/20260425220419/E1/05975_-13475250_1777127096631.jpg,100,stage,detect,detect_process_total,642,,,,
20260426_023405,2026-04-26T02:35:11,jetson,/mnt/windows_share/20260425220419/E1/05975_-13475250_1777127096631.jpg,100,stage,shell,file_total,642,0,0,,
20260426_023405,2026-04-26T02:35:11,jetson,/mnt/windows_share/20260425220419/E1/05974_-13478000_1777127096535.jpg,100,stage,detect,save_json,15,0,0,,
20260426_023405,2026-04-26T02:35:11,jetson,/mnt/windows_share/20260425220419/E1/05974_-13478000_1777127096535.jpg,100,stage,detect,detect_process_total,686,,,,
20260426_023405,2026-04-26T02:35:11,jetson,/mnt/windows_share/20260425220419/E1/05974_-13478000_1777127096535.jpg,100,stage,shell,file_total,686,0,0,,
20260426_023405,2026-04-26T02:35:11,jetson,,,stage,detail1,process_total,292,,,4,
20260426_023405,2026-04-26T02:35:11,jetson,,,stage,detail0,process_total,301,,,4,
20260426_023405,2026-04-26T02:35:11,jetson,,,stage,detail1,process_total,393,,,5,
20260426_023405,2026-04-26T02:35:11,jetson,,,stage,detail0,process_total,395,,,5,
20260426_023405,2026-04-26T02:35:11,jetson,/mnt/windows_share/20260425220419/E1/05978_-13467000_1777127096924.jpg,100,stage,detect,read_image,90,,,,
20260426_023405,2026-04-26T02:35:11,jetson,/mnt/windows_share/20260425220419/E1/05977_-13469500_1777127096827.jpg,100,stage,detect,save_json,38,0,0,,
20260426_023405,2026-04-26T02:35:11,jetson,/mnt/windows_share/20260425220419/E1/05977_-13469500_1777127096827.jpg,100,stage,detect,detect_process_total,585,,,,
20260426_023405,2026-04-26T02:35:11,jetson,/mnt/windows_share/20260425220419/E1/05977_-13469500_1777127096827.jpg,100,stage,shell,file_total,585,0,0,,
20260426_023405,2026-04-26T02:35:11,jetson,/mnt/windows_share/20260425220419/E1/05979_-13464250_1777127097017.jpg,100,stage,detect,read_image,87,,,,
20260426_023405,2026-04-26T02:35:11,jetson,/mnt/windows_share/20260425220419/E1/05976_-13472500_1777127096729.jpg,100,stage,detect,save_json,45,0,0,,
20260426_023405,2026-04-26T02:35:11,jetson,/mnt/windows_share/20260425220419/E1/05976_-13472500_1777127096729.jpg,100,stage,detect,detect_process_total,685,,,,
20260426_023405,2026-04-26T02:35:11,jetson,/mnt/windows_share/20260425220419/E1/05976_-13472500_1777127096729.jpg,100,stage,shell,file_total,685,0,0,,
20260426_023405,2026-04-26T02:35:11,jetson,,,stage,area1,process_total,29,,,1,
20260426_023405,2026-04-26T02:35:11,jetson,,,stage,area0,process_total,44,,,1,
20260426_023405,2026-04-26T02:35:11,jetson,,,stage,area1,process_total,53,,,1,
20260426_023405,2026-04-26T02:35:11,jetson,,,stage,area0,process_total,75,,,1,
20260426_023405,2026-04-26T02:35:11,jetson,/mnt/windows_share/20260425220419/E1/05980_-13461500_1777127097113.jpg,100,stage,detect,read_image,94,,,,
20260426_023405,2026-04-26T02:35:11,jetson,/mnt/windows_share/20260425220419/E1/05981_-13458500_1777127097212.jpg,100,stage,detect,read_image,93,,,,
20260426_023405,2026-04-26T02:35:11,jetson,,,stage,element1,process_total,163,,,1,
20260426_023405,2026-04-26T02:35:11,jetson,,,stage,element1,process_total,157,,,1,
20260426_023405,2026-04-26T02:35:11,jetson,,,stage,area0,process_total,146,,,1,
20260426_023405,2026-04-26T02:35:11,jetson,,,stage,area1,process_total,147,,,1,
20260426_023405,2026-04-26T02:35:11,jetson,,,stage,element0,process_total,213,,,2,
20260426_023405,2026-04-26T02:35:11,jetson,,,stage,area0,process_total,161,,,1,
20260426_023405,2026-04-26T02:35:11,jetson,,,stage,area1,process_total,156,,,1,
20260426_023405,2026-04-26T02:35:11,jetson,,,stage,element2,process_total,273,,,1,
20260426_023405,2026-04-26T02:35:11,jetson,,,stage,element2,process_total,259,,,1,
20260426_023405,2026-04-26T02:35:11,jetson,,,stage,element0,process_total,274,,,2,
20260426_023405,2026-04-26T02:35:11,jetson,,,stage,element1,process_total,155,,,1,
20260426_023405,2026-04-26T02:35:11,jetson,,,stage,element1,process_total,153,,,1,
20260426_023405,2026-04-26T02:35:11,jetson,,,stage,element2,process_total,213,,,1,
20260426_023405,2026-04-26T02:35:11,jetson,,,stage,element2,process_total,211,,,1,
20260426_023405,2026-04-26T02:35:11,jetson,,,stage,element0,process_total,260,,,2,
20260426_023405,2026-04-26T02:35:11,jetson,,,stage,element0,process_total,236,,,2,
20260426_023405,2026-04-26T02:35:11,jetson,,,stage,detail1,process_total,511,,,5,
20260426_023405,2026-04-26T02:35:11,jetson,,,stage,detail1,process_total,467,,,4,
20260426_023405,2026-04-26T02:35:11,jetson,,,stage,detail0,process_total,480,,,4,
20260426_023405,2026-04-26T02:35:11,jetson,,,stage,detail0,process_total,539,,,5,
20260426_023405,2026-04-26T02:35:11,jetson,/mnt/windows_share/20260425220419/E1/05979_-13464250_1777127097017.jpg,100,stage,detect,save_json,16,0,0,,
20260426_023405,2026-04-26T02:35:11,jetson,/mnt/windows_share/20260425220419/E1/05979_-13464250_1777127097017.jpg,100,stage,detect,detect_process_total,661,,,,
20260426_023405,2026-04-26T02:35:11,jetson,/mnt/windows_share/20260425220419/E1/05979_-13464250_1777127097017.jpg,100,stage,shell,file_total,661,0,0,,
20260426_023405,2026-04-26T02:35:12,jetson,/mnt/windows_share/20260425220419/E1/05978_-13467000_1777127096924.jpg,100,stage,detect,save_json,14,0,0,,
20260426_023405,2026-04-26T02:35:12,jetson,/mnt/windows_share/20260425220419/E1/05978_-13467000_1777127096924.jpg,100,stage,detect,detect_process_total,691,,,,
20260426_023405,2026-04-26T02:35:12,jetson,/mnt/windows_share/20260425220419/E1/05978_-13467000_1777127096924.jpg,100,stage,shell,file_total,691,0,0,,
20260426_023405,2026-04-26T02:35:12,jetson,,,stage,detail0,process_total,348,,,4,
20260426_023405,2026-04-26T02:35:12,jetson,,,stage,detail1,process_total,328,,,5,
20260426_023405,2026-04-26T02:35:12,jetson,,,stage,detail1,process_total,362,,,5,
20260426_023405,2026-04-26T02:35:12,jetson,,,stage,detail0,process_total,337,,,5,
20260426_023405,2026-04-26T02:35:12,jetson,/mnt/windows_share/20260425220419/E1/05980_-13461500_1777127097113.jpg,100,stage,detect,save_json,25,0,0,,
20260426_023405,2026-04-26T02:35:12,jetson,/mnt/windows_share/20260425220419/E1/05980_-13461500_1777127097113.jpg,100,stage,detect,detect_process_total,632,,,,
20260426_023405,2026-04-26T02:35:12,jetson,/mnt/windows_share/20260425220419/E1/05980_-13461500_1777127097113.jpg,100,stage,shell,file_total,632,0,0,,
20260426_023405,2026-04-26T02:35:12,jetson,/mnt/windows_share/20260425220419/E1/05981_-13458500_1777127097212.jpg,100,stage,detect,save_json,21,0,0,,
20260426_023405,2026-04-26T02:35:12,jetson,/mnt/windows_share/20260425220419/E1/05981_-13458500_1777127097212.jpg,100,stage,detect,detect_process_total,622,,,,
20260426_023405,2026-04-26T02:35:12,jetson,/mnt/windows_share/20260425220419/E1/05981_-13458500_1777127097212.jpg,100,stage,shell,file_total,622,0,0,,
20260426_023405,2026-04-26T02:35:12,jetson,/mnt/windows_share/20260425220419/E1/05982_-13455750_1777127097308.jpg,100,stage,detect,read_image,84,,,,
20260426_023405,2026-04-26T02:35:12,jetson,/mnt/windows_share/20260425220419/E1/05983_-13453000_1777127097404.jpg,100,stage,detect,read_image,81,,,,
20260426_023405,2026-04-26T02:35:12,jetson,,,stage,area0,process_total,28,,,1,
20260426_023405,2026-04-26T02:35:12,jetson,,,stage,area1,process_total,39,,,1,
20260426_023405,2026-04-26T02:35:12,jetson,,,stage,area1,process_total,38,,,1,
20260426_023405,2026-04-26T02:35:12,jetson,,,stage,area0,process_total,49,,,1,
20260426_023405,2026-04-26T02:35:12,jetson,/mnt/windows_share/20260425220419/E1/05984_-13450250_1777127097500.jpg,100,stage,detect,read_image,98,,,,
20260426_023405,2026-04-26T02:35:12,jetson,/mnt/windows_share/20260425220419/E1/05985_-13447500_1777127097595.jpg,100,stage,detect,read_image,98,,,,
20260426_023405,2026-04-26T02:35:12,jetson,,,stage,element1,process_total,179,,,1,
20260426_023405,2026-04-26T02:35:12,jetson,,,stage,element1,process_total,152,,,1,
20260426_023405,2026-04-26T02:35:12,jetson,,,stage,area0,process_total,155,,,1,
20260426_023405,2026-04-26T02:35:12,jetson,,,stage,area0,process_total,153,,,1,
20260426_023405,2026-04-26T02:35:12,jetson,,,stage,area1,process_total,154,,,1,
20260426_023405,2026-04-26T02:35:12,jetson,,,stage,area1,process_total,155,,,1,
20260426_023405,2026-04-26T02:35:12,jetson,,,stage,element0,process_total,261,,,2,
20260426_023405,2026-04-26T02:35:12,jetson,,,stage,element2,process_total,256,,,1,
20260426_023405,2026-04-26T02:35:12,jetson,,,stage,element2,process_total,245,,,1,
20260426_023405,2026-04-26T02:35:12,jetson,,,stage,element1,process_total,131,,,1,
20260426_023405,2026-04-26T02:35:12,jetson,,,stage,element1,process_total,142,,,1,
20260426_023405,2026-04-26T02:35:12,jetson,,,stage,element2,process_total,182,,,1,
20260426_023405,2026-04-26T02:35:12,jetson,,,stage,element2,process_total,191,,,1,
20260426_023405,2026-04-26T02:35:12,jetson,,,stage,element0,process_total,203,,,2,
20260426_023405,2026-04-26T02:35:12,jetson,,,stage,detail0,process_total,432,,,4,
20260426_023405,2026-04-26T02:35:12,jetson,,,stage,detail0,process_total,430,,,5,
20260426_023405,2026-04-26T02:35:12,jetson,,,stage,detail1,process_total,459,,,5,
20260426_023405,2026-04-26T02:35:12,jetson,,,stage,detail1,process_total,444,,,5,
20260426_023405,2026-04-26T02:35:12,jetson,,,stage,detail1,process_total,285,,,4,
20260426_023405,2026-04-26T02:35:12,jetson,,,stage,detail0,process_total,288,,,4,
20260426_023405,2026-04-26T02:35:12,jetson,,,stage,detail1,process_total,300,,,5,
20260426_023405,2026-04-26T02:35:12,jetson,,,stage,detail0,process_total,301,,,5,
20260426_023405,2026-04-26T02:35:12,jetson,/mnt/windows_share/20260425220419/E1/05982_-13455750_1777127097308.jpg,100,stage,detect,save_json,23,0,0,,
20260426_023405,2026-04-26T02:35:12,jetson,/mnt/windows_share/20260425220419/E1/05982_-13455750_1777127097308.jpg,100,stage,detect,detect_process_total,617,,,,
20260426_023405,2026-04-26T02:35:12,jetson,/mnt/windows_share/20260425220419/E1/05982_-13455750_1777127097308.jpg,100,stage,shell,file_total,617,0,0,,
20260426_023405,2026-04-26T02:35:12,jetson,/mnt/windows_share/20260425220419/E1/05983_-13453000_1777127097404.jpg,100,stage,detect,save_json,27,0,0,,
20260426_023405,2026-04-26T02:35:12,jetson,/mnt/windows_share/20260425220419/E1/05983_-13453000_1777127097404.jpg,100,stage,detect,detect_process_total,610,,,,
20260426_023405,2026-04-26T02:35:12,jetson,/mnt/windows_share/20260425220419/E1/05983_-13453000_1777127097404.jpg,100,stage,shell,file_total,610,0,0,,
20260426_023405,2026-04-26T02:35:12,jetson,/mnt/windows_share/20260425220419/E1/05984_-13450250_1777127097500.jpg,100,stage,detect,save_json,22,0,0,,
20260426_023405,2026-04-26T02:35:12,jetson,/mnt/windows_share/20260425220419/E1/05984_-13450250_1777127097500.jpg,100,stage,detect,detect_process_total,571,,,,
20260426_023405,2026-04-26T02:35:12,jetson,/mnt/windows_share/20260425220419/E1/05984_-13450250_1777127097500.jpg,100,stage,shell,file_total,571,0,0,,
20260426_023405,2026-04-26T02:35:12,jetson,/mnt/windows_share/20260425220419/E1/05985_-13447500_1777127097595.jpg,100,stage,detect,save_json,23,0,0,,
20260426_023405,2026-04-26T02:35:12,jetson,/mnt/windows_share/20260425220419/E1/05985_-13447500_1777127097595.jpg,100,stage,detect,detect_process_total,580,,,,
20260426_023405,2026-04-26T02:35:12,jetson,/mnt/windows_share/20260425220419/E1/05985_-13447500_1777127097595.jpg,100,stage,shell,file_total,580,0,0,,
20260426_023405,2026-04-26T02:35:12,jetson,/mnt/windows_share/20260425220419/E1/05986_-13444750_1777127097689.jpg,100,stage,detect,read_image,84,,,,
20260426_023405,2026-04-26T02:35:12,jetson,/mnt/windows_share/20260425220419/E1/05988_-13439250_1777127097878.jpg,100,stage,detect,read_image,90,,,,
20260426_023405,2026-04-26T02:35:12,jetson,/mnt/windows_share/20260425220419/E1/05987_-13442000_1777127097783.jpg,100,stage,detect,read_image,96,,,,
20260426_023405,2026-04-26T02:35:12,jetson,,,stage,area0,process_total,27,,,1,
20260426_023405,2026-04-26T02:35:12,jetson,,,stage,area1,process_total,38,,,1,
20260426_023405,2026-04-26T02:35:12,jetson,/mnt/windows_share/20260425220419/E1/05989_-13436250_1777127097978.jpg,100,stage,detect,read_image,103,,,,
20260426_023405,2026-04-26T02:35:12,jetson,,,stage,area1,process_total,30,,,1,
20260426_023405,2026-04-26T02:35:12,jetson,,,stage,area0,process_total,45,,,1,
20260426_023405,2026-04-26T02:35:12,jetson,,,stage,element1,process_total,150,,,1,
20260426_023405,2026-04-26T02:35:12,jetson,,,stage,area0,process_total,189,,,1,
20260426_023405,2026-04-26T02:35:12,jetson,,,stage,area1,process_total,174,,,1,
20260426_023405,2026-04-26T02:35:12,jetson,,,stage,element1,process_total,145,,,1,
20260426_023405,2026-04-26T02:35:12,jetson,,,stage,area0,process_total,172,,,1,
20260426_023405,2026-04-26T02:35:12,jetson,,,stage,area1,process_total,173,,,1,
20260426_023405,2026-04-26T02:35:12,jetson,,,stage,element2,process_total,243,,,1,
20260426_023405,2026-04-26T02:35:13,jetson,,,stage,element2,process_total,230,,,1,
20260426_023405,2026-04-26T02:35:13,jetson,,,stage,element0,process_total,276,,,2,
20260426_023405,2026-04-26T02:35:13,jetson,,,stage,element0,process_total,254,,,2,
20260426_023405,2026-04-26T02:35:13,jetson,,,stage,element1,process_total,141,,,1,
20260426_023405,2026-04-26T02:35:13,jetson,,,stage,element1,process_total,148,,,1,
20260426_023405,2026-04-26T02:35:13,jetson,,,stage,element2,process_total,189,,,1,
20260426_023405,2026-04-26T02:35:13,jetson,,,stage,element2,process_total,199,,,1,
20260426_023405,2026-04-26T02:35:13,jetson,,,stage,element0,process_total,210,,,2,
20260426_023405,2026-04-26T02:35:13,jetson,,,stage,element0,process_total,210,,,2,
20260426_023405,2026-04-26T02:35:13,jetson,,,stage,detail1,process_total,442,,,4,
20260426_023405,2026-04-26T02:35:13,jetson,,,stage,detail0,process_total,455,,,4,
20260426_023405,2026-04-26T02:35:13,jetson,/mnt/windows_share/20260425220419/E1/05986_-13444750_1777127097689.jpg,100,stage,detect,save_json,15,0,0,,
20260426_023405,2026-04-26T02:35:13,jetson,/mnt/windows_share/20260425220419/E1/05986_-13444750_1777127097689.jpg,100,stage,detect,detect_process_total,608,,,,
20260426_023405,2026-04-26T02:35:13,jetson,/mnt/windows_share/20260425220419/E1/05986_-13444750_1777127097689.jpg,100,stage,shell,file_total,608,0,0,,
20260426_023405,2026-04-26T02:35:13,jetson,,,stage,detail1,process_total,476,,,5,
20260426_023405,2026-04-26T02:35:13,jetson,,,stage,detail0,process_total,485,,,5,
20260426_023405,2026-04-26T02:35:13,jetson,/mnt/windows_share/20260425220419/E1/05988_-13439250_1777127097878.jpg,100,stage,detect,save_json,17,0,0,,
20260426_023405,2026-04-26T02:35:13,jetson,/mnt/windows_share/20260425220419/E1/05988_-13439250_1777127097878.jpg,100,stage,detect,detect_process_total,641,,,,
20260426_023405,2026-04-26T02:35:13,jetson,/mnt/windows_share/20260425220419/E1/05988_-13439250_1777127097878.jpg,100,stage,shell,file_total,641,0,0,,
20260426_023405,2026-04-26T02:35:13,jetson,,,stage,detail1,process_total,379,,,5,
20260426_023405,2026-04-26T02:35:13,jetson,,,stage,detail0,process_total,379,,,5,
20260426_023405,2026-04-26T02:35:13,jetson,,,stage,detail1,process_total,366,,,5,
20260426_023405,2026-04-26T02:35:13,jetson,,,stage,detail0,process_total,361,,,5,
20260426_023405,2026-04-26T02:35:13,jetson,/mnt/windows_share/20260425220419/E1/05990_-13433500_1777127098072.jpg,100,stage,detect,read_image,78,,,,
20260426_023405,2026-04-26T02:35:13,jetson,/mnt/windows_share/20260425220419/E1/05987_-13442000_1777127097783.jpg,100,stage,detect,save_json,16,0,0,,
20260426_023405,2026-04-26T02:35:13,jetson,/mnt/windows_share/20260425220419/E1/05987_-13442000_1777127097783.jpg,100,stage,detect,detect_process_total,687,,,,
20260426_023405,2026-04-26T02:35:13,jetson,/mnt/windows_share/20260425220419/E1/05987_-13442000_1777127097783.jpg,100,stage,shell,file_total,687,0,0,,
20260426_023405,2026-04-26T02:35:13,jetson,/mnt/windows_share/20260425220419/E1/05989_-13436250_1777127097978.jpg,100,stage,detect,save_json,25,0,0,,
20260426_023405,2026-04-26T02:35:13,jetson,/mnt/windows_share/20260425220419/E1/05989_-13436250_1777127097978.jpg,100,stage,detect,detect_process_total,682,,,,
20260426_023405,2026-04-26T02:35:13,jetson,/mnt/windows_share/20260425220419/E1/05989_-13436250_1777127097978.jpg,100,stage,shell,file_total,682,0,0,,
20260426_023405,2026-04-26T02:35:13,jetson,,,stage,area0,process_total,25,,,1,
20260426_023405,2026-04-26T02:35:13,jetson,,,stage,area1,process_total,32,,,1,
20260426_023405,2026-04-26T02:35:13,jetson,/mnt/windows_share/20260425220419/E1/05991_-13430750_1777127098166.jpg,100,stage,detect,read_image,75,,,,
20260426_023405,2026-04-26T02:35:13,jetson,,,stage,element1,process_total,79,,,1,
20260426_023405,2026-04-26T02:35:13,jetson,/mnt/windows_share/20260425220419/E1/05992_-13428000_1777127098261.jpg,100,stage,detect,read_image,104,,,,
20260426_023405,2026-04-26T02:35:13,jetson,,,stage,area1,process_total,77,,,1,
20260426_023405,2026-04-26T02:35:13,jetson,/mnt/windows_share/20260425220419/E1/05993_-13425500_1777127098353.jpg,100,stage,detect,read_image,125,,,,
20260426_023405,2026-04-26T02:35:13,jetson,,,stage,element0,process_total,131,,,2,
20260426_023405,2026-04-26T02:35:13,jetson,,,stage,area0,process_total,113,,,1,
20260426_023405,2026-04-26T02:35:13,jetson,,,stage,area0,process_total,107,,,1,
20260426_023405,2026-04-26T02:35:13,jetson,,,stage,area1,process_total,112,,,1,
20260426_023405,2026-04-26T02:35:13,jetson,,,stage,element2,process_total,207,,,1,
20260426_023405,2026-04-26T02:35:13,jetson,,,stage,area0,process_total,126,,,1,
20260426_023405,2026-04-26T02:35:13,jetson,,,stage,area1,process_total,127,,,1,
20260426_023405,2026-04-26T02:35:13,jetson,,,stage,element1,process_total,148,,,1,
20260426_023405,2026-04-26T02:35:13,jetson,,,stage,element2,process_total,220,,,1,
20260426_023405,2026-04-26T02:35:13,jetson,,,stage,element1,process_total,171,,,1,
20260426_023405,2026-04-26T02:35:13,jetson,,,stage,element1,process_total,159,,,1,
20260426_023405,2026-04-26T02:35:13,jetson,,,stage,element0,process_total,261,,,2,
20260426_023405,2026-04-26T02:35:13,jetson,,,stage,element0,process_total,236,,,2,
20260426_023405,2026-04-26T02:35:13,jetson,,,stage,detail0,process_total,432,,,5,
20260426_023405,2026-04-26T02:35:13,jetson,,,stage,element2,process_total,244,,,1,
20260426_023405,2026-04-26T02:35:13,jetson,,,stage,element2,process_total,205,,,1,
20260426_023405,2026-04-26T02:35:13,jetson,,,stage,element0,process_total,218,,,2,
20260426_023405,2026-04-26T02:35:13,jetson,,,stage,detail1,process_total,450,,,5,
20260426_023405,2026-04-26T02:35:13,jetson,/mnt/windows_share/20260425220419/E1/05990_-13433500_1777127098072.jpg,100,stage,detect,save_json,19,0,0,,
20260426_023405,2026-04-26T02:35:13,jetson,/mnt/windows_share/20260425220419/E1/05990_-13433500_1777127098072.jpg,100,stage,detect,detect_process_total,588,,,,
20260426_023405,2026-04-26T02:35:13,jetson,/mnt/windows_share/20260425220419/E1/05990_-13433500_1777127098072.jpg,100,stage,shell,file_total,588,0,0,,
20260426_023405,2026-04-26T02:35:13,jetson,,,stage,detail1,process_total,361,,,4,
20260426_023405,2026-04-26T02:35:13,jetson,,,stage,detail0,process_total,372,,,4,
20260426_023405,2026-04-26T02:35:13,jetson,/mnt/windows_share/20260425220419/E1/05991_-13430750_1777127098166.jpg,100,stage,detect,save_json,15,0,0,,
20260426_023405,2026-04-26T02:35:13,jetson,/mnt/windows_share/20260425220419/E1/05991_-13430750_1777127098166.jpg,100,stage,detect,detect_process_total,600,,,,
20260426_023405,2026-04-26T02:35:13,jetson,/mnt/windows_share/20260425220419/E1/05991_-13430750_1777127098166.jpg,100,stage,shell,file_total,600,0,0,,
20260426_023405,2026-04-26T02:35:13,jetson,,,stage,detail1,process_total,302,,,4,
20260426_023405,2026-04-26T02:35:13,jetson,,,stage,detail0,process_total,304,,,4,
20260426_023405,2026-04-26T02:35:13,jetson,,,stage,detail1,process_total,354,,,5,
20260426_023405,2026-04-26T02:35:13,jetson,,,stage,detail0,process_total,355,,,5,
20260426_023405,2026-04-26T02:35:13,jetson,/mnt/windows_share/20260425220419/E1/05994_-13422500_1777127098447.jpg,100,stage,detect,read_image,88,,,,
20260426_023405,2026-04-26T02:35:13,jetson,/mnt/windows_share/20260425220419/E1/05992_-13428000_1777127098261.jpg,100,stage,detect,save_json,26,0,0,,
20260426_023405,2026-04-26T02:35:13,jetson,/mnt/windows_share/20260425220419/E1/05992_-13428000_1777127098261.jpg,100,stage,detect,detect_process_total,601,,,,
20260426_023405,2026-04-26T02:35:13,jetson,/mnt/windows_share/20260425220419/E1/05992_-13428000_1777127098261.jpg,100,stage,shell,file_total,601,0,0,,
20260426_023405,2026-04-26T02:35:13,jetson,/mnt/windows_share/20260425220419/E1/05993_-13425500_1777127098353.jpg,100,stage,detect,save_json,39,0,0,,
20260426_023405,2026-04-26T02:35:13,jetson,/mnt/windows_share/20260425220419/E1/05993_-13425500_1777127098353.jpg,100,stage,detect,detect_process_total,597,,,,
20260426_023405,2026-04-26T02:35:13,jetson,/mnt/windows_share/20260425220419/E1/05993_-13425500_1777127098353.jpg,100,stage,shell,file_total,597,0,0,,
20260426_023405,2026-04-26T02:35:13,jetson,,,stage,area1,process_total,25,,,1,
20260426_023405,2026-04-26T02:35:13,jetson,,,stage,area0,process_total,32,,,1,
20260426_023405,2026-04-26T02:35:13,jetson,/mnt/windows_share/20260425220419/E1/05995_-13419500_1777127098543.jpg,100,stage,detect,read_image,79,,,,
20260426_023405,2026-04-26T02:35:14,jetson,/mnt/windows_share/20260425220419/E1/05997_-13414250_1777127098734.jpg,100,stage,detect,read_image,103,,,,
20260426_023405,2026-04-26T02:35:14,jetson,/mnt/windows_share/20260425220419/E1/05996_-13417000_1777127098638.jpg,100,stage,detect,read_image,113,,,,
20260426_023405,2026-04-26T02:35:14,jetson,,,stage,element0,process_total,99,,,2,
20260426_023405,2026-04-26T02:35:14,jetson,,,stage,element1,process_total,97,,,1,
20260426_023405,2026-04-26T02:35:14,jetson,,,stage,area0,process_total,95,,,1,
20260426_023405,2026-04-26T02:35:14,jetson,,,stage,area1,process_total,111,,,1,
20260426_023405,2026-04-26T02:35:14,jetson,,,stage,element2,process_total,184,,,1,
20260426_023405,2026-04-26T02:35:14,jetson,,,stage,area0,process_total,124,,,1,
20260426_023405,2026-04-26T02:35:14,jetson,,,stage,area0,process_total,133,,,1,
20260426_023405,2026-04-26T02:35:14,jetson,,,stage,area1,process_total,133,,,1,
20260426_023405,2026-04-26T02:35:14,jetson,,,stage,area1,process_total,139,,,1,
20260426_023405,2026-04-26T02:35:14,jetson,,,stage,element1,process_total,131,,,1,
20260426_023405,2026-04-26T02:35:14,jetson,,,stage,element2,process_total,237,,,1,
20260426_023405,2026-04-26T02:35:14,jetson,,,stage,element0,process_total,265,,,2,
20260426_023405,2026-04-26T02:35:14,jetson,,,stage,element1,process_total,174,,,1,
20260426_023405,2026-04-26T02:35:14,jetson,,,stage,element1,process_total,152,,,1,
20260426_023405,2026-04-26T02:35:14,jetson,,,stage,element2,process_total,227,,,1,
20260426_023405,2026-04-26T02:35:14,jetson,,,stage,element2,process_total,210,,,1,
20260426_023405,2026-04-26T02:35:14,jetson,,,stage,detail1,process_total,455,,,5,
20260426_023405,2026-04-26T02:35:14,jetson,,,stage,element0,process_total,247,,,2,
20260426_023405,2026-04-26T02:35:14,jetson,,,stage,element0,process_total,234,,,2,
20260426_023405,2026-04-26T02:35:14,jetson,,,stage,detail0,process_total,516,,,5,
20260426_023405,2026-04-26T02:35:14,jetson,/mnt/windows_share/20260425220419/E1/05994_-13422500_1777127098447.jpg,100,stage,detect,save_json,16,0,0,,
20260426_023405,2026-04-26T02:35:14,jetson,/mnt/windows_share/20260425220419/E1/05994_-13422500_1777127098447.jpg,100,stage,detect,detect_process_total,655,,,,
20260426_023405,2026-04-26T02:35:14,jetson,/mnt/windows_share/20260425220419/E1/05994_-13422500_1777127098447.jpg,100,stage,shell,file_total,655,0,0,,
20260426_023405,2026-04-26T02:35:14,jetson,,,stage,detail1,process_total,442,,,5,
20260426_023405,2026-04-26T02:35:14,jetson,,,stage,detail0,process_total,444,,,5,
20260426_023405,2026-04-26T02:35:14,jetson,/mnt/windows_share/20260425220419/E1/05995_-13419500_1777127098543.jpg,100,stage,detect,save_json,12,0,0,,
20260426_023405,2026-04-26T02:35:14,jetson,/mnt/windows_share/20260425220419/E1/05995_-13419500_1777127098543.jpg,100,stage,detect,detect_process_total,650,,,,
20260426_023405,2026-04-26T02:35:14,jetson,/mnt/windows_share/20260425220419/E1/05995_-13419500_1777127098543.jpg,100,stage,shell,file_total,650,0,0,,
20260426_023405,2026-04-26T02:35:14,jetson,,,stage,detail1,process_total,352,,,5,
20260426_023405,2026-04-26T02:35:14,jetson,,,stage,detail1,process_total,364,,,5,
20260426_023405,2026-04-26T02:35:14,jetson,,,stage,detail0,process_total,367,,,5,
20260426_023405,2026-04-26T02:35:14,jetson,,,stage,detail0,process_total,358,,,5,
20260426_023405,2026-04-26T02:35:14,jetson,/mnt/windows_share/20260425220419/E1/05998_-13411500_1777127098827.jpg,100,stage,detect,read_image,79,,,,
20260426_023405,2026-04-26T02:35:14,jetson,/mnt/windows_share/20260425220419/E1/05997_-13414250_1777127098734.jpg,100,stage,detect,save_json,36,0,0,,
20260426_023405,2026-04-26T02:35:14,jetson,/mnt/windows_share/20260425220419/E1/05997_-13414250_1777127098734.jpg,100,stage,detect,detect_process_total,643,,,,
20260426_023405,2026-04-26T02:35:14,jetson,/mnt/windows_share/20260425220419/E1/05997_-13414250_1777127098734.jpg,100,stage,shell,file_total,643,0,0,,
20260426_023405,2026-04-26T02:35:14,jetson,/mnt/windows_share/20260425220419/E1/05996_-13417000_1777127098638.jpg,100,stage,detect,save_json,36,0,0,,
20260426_023405,2026-04-26T02:35:14,jetson,/mnt/windows_share/20260425220419/E1/05996_-13417000_1777127098638.jpg,100,stage,detect,detect_process_total,650,,,,
20260426_023405,2026-04-26T02:35:14,jetson,/mnt/windows_share/20260425220419/E1/05996_-13417000_1777127098638.jpg,100,stage,shell,file_total,650,0,0,,
20260426_023405,2026-04-26T02:35:14,jetson,,,stage,area1,process_total,28,,,1,
20260426_023405,2026-04-26T02:35:14,jetson,,,stage,area0,process_total,35,,,1,
20260426_023405,2026-04-26T02:35:14,jetson,/mnt/windows_share/20260425220419/E1/05999_-13408500_1777127098923.jpg,100,stage,detect,read_image,82,,,,
20260426_023405,2026-04-26T02:35:14,jetson,/mnt/windows_share/20260425220419/E1/06000_-13404750_1777127099054.jpg,100,stage,detect,read_image,90,,,,
20260426_023405,2026-04-26T02:35:14,jetson,/mnt/windows_share/20260425220419/E1/06001_-13400250_1777127099205.jpg,100,stage,detect,read_image,99,,,,
20260426_023405,2026-04-26T02:35:14,jetson,,,stage,element1,process_total,106,,,1,
20260426_023405,2026-04-26T02:35:14,jetson,,,stage,area1,process_total,106,,,1,
20260426_023405,2026-04-26T02:35:14,jetson,,,stage,area0,process_total,108,,,1,
20260426_023405,2026-04-26T02:35:14,jetson,,,stage,element0,process_total,120,,,2,
20260426_023405,2026-04-26T02:35:14,jetson,,,stage,area0,process_total,123,,,1,
20260426_023405,2026-04-26T02:35:14,jetson,,,stage,area1,process_total,123,,,1,
20260426_023405,2026-04-26T02:35:14,jetson,,,stage,area1,process_total,122,,,1,
20260426_023405,2026-04-26T02:35:14,jetson,,,stage,area0,process_total,126,,,1,
20260426_023405,2026-04-26T02:35:14,jetson,,,stage,element2,process_total,198,,,1,
20260426_023405,2026-04-26T02:35:14,jetson,,,stage,detail0,process_total,244,,,4,
20260426_023405,2026-04-26T02:35:14,jetson,,,stage,element1,process_total,145,,,1,
20260426_023405,2026-04-26T02:35:14,jetson,,,stage,element1,process_total,117,,,1,
20260426_023405,2026-04-26T02:35:14,jetson,,,stage,element2,process_total,185,,,1,
20260426_023405,2026-04-26T02:35:14,jetson,,,stage,detail1,process_total,314,,,4,
20260426_023405,2026-04-26T02:35:14,jetson,,,stage,detail1,process_total,113,,,1,
20260426_023405,2026-04-26T02:35:14,jetson,,,stage,element1,process_total,115,,,1,
20260426_023405,2026-04-26T02:35:14,jetson,,,stage,detail0,process_total,119,,,1,
20260426_023405,2026-04-26T02:35:14,jetson,,,stage,element0,process_total,201,,,2,
20260426_023405,2026-04-26T02:35:14,jetson,/mnt/windows_share/20260425220419/E1/05998_-13411500_1777127098827.jpg,100,stage,detect,save_json,18,0,0,,
20260426_023405,2026-04-26T02:35:14,jetson,/mnt/windows_share/20260425220419/E1/05998_-13411500_1777127098827.jpg,100,stage,detect,detect_process_total,449,,,,
20260426_023405,2026-04-26T02:35:14,jetson,/mnt/windows_share/20260425220419/E1/05998_-13411500_1777127098827.jpg,100,stage,shell,file_total,449,0,0,,
20260426_023405,2026-04-26T02:35:14,jetson,,,stage,detail1,process_total,162,,,2,
20260426_023405,2026-04-26T02:35:14,jetson,,,stage,element2,process_total,162,,,1,
20260426_023405,2026-04-26T02:35:14,jetson,,,stage,element2,process_total,136,,,1,
20260426_023405,2026-04-26T02:35:14,jetson,,,stage,detail1,process_total,252,,,5,
20260426_023405,2026-04-26T02:35:14,jetson,/mnt/windows_share/20260425220419/E1/06000_-13404750_1777127099054.jpg,100,stage,detect,save_json,27,0,0,,
20260426_023405,2026-04-26T02:35:14,jetson,/mnt/windows_share/20260425220419/E1/06000_-13404750_1777127099054.jpg,100,stage,detect,detect_process_total,406,,,,
20260426_023405,2026-04-26T02:35:14,jetson,/mnt/windows_share/20260425220419/E1/06000_-13404750_1777127099054.jpg,100,stage,shell,file_total,406,0,0,,
20260426_023405,2026-04-26T02:35:14,jetson,,,stage,detail0,process_total,259,,,5,
20260426_023405,2026-04-26T02:35:14,jetson,/mnt/windows_share/20260425220419/E1/06001_-13400250_1777127099205.jpg,100,stage,detect,save_json,34,0,0,,
20260426_023405,2026-04-26T02:35:14,jetson,/mnt/windows_share/20260425220419/E1/06001_-13400250_1777127099205.jpg,100,stage,detect,detect_process_total,410,,,,
20260426_023405,2026-04-26T02:35:14,jetson,/mnt/windows_share/20260425220419/E1/06001_-13400250_1777127099205.jpg,100,stage,shell,file_total,410,0,0,,
20260426_023405,2026-04-26T02:35:14,jetson,/mnt/windows_share/20260425220419/E1/05999_-13408500_1777127098923.jpg,100,stage,detect,save_json,20,0,0,,
20260426_023405,2026-04-26T02:35:14,jetson,/mnt/windows_share/20260425220419/E1/05999_-13408500_1777127098923.jpg,100,stage,detect,detect_process_total,472,,,,
20260426_023405,2026-04-26T02:35:14,jetson,/mnt/windows_share/20260425220419/E1/05999_-13408500_1777127098923.jpg,100,stage,shell,file_total,472,0,0,,
20260426_023405,2026-04-26T02:35:15,jetson,/mnt/windows_share/20260425220419/E1/06002_-13397250_1777127099297.jpg,100,stage,detect,read_image,90,,,,
20260426_023405,2026-04-26T02:35:15,jetson,,,stage,area0,process_total,23,,,1,
20260426_023405,2026-04-26T02:35:15,jetson,,,stage,area1,process_total,29,,,1,
20260426_023405,2026-04-26T02:35:15,jetson,/mnt/windows_share/20260425220419/E1/06004_-13392000_1777127099486.jpg,100,stage,detect,read_image,89,,,,
20260426_023405,2026-04-26T02:35:15,jetson,,,stage,element1,process_total,25,,,1,
20260426_023405,2026-04-26T02:35:15,jetson,/mnt/windows_share/20260425220419/E1/06003_-13394750_1777127099392.jpg,100,stage,detect,read_image,109,,,,
20260426_023405,2026-04-26T02:35:15,jetson,/mnt/windows_share/20260425220419/E1/06005_-13389000_1777127099587.jpg,100,stage,detect,read_image,111,,,,
20260426_023405,2026-04-26T02:35:15,jetson,,,stage,area1,process_total,107,,,1,
20260426_023405,2026-04-26T02:35:15,jetson,,,stage,area0,process_total,100,,,1,
20260426_023405,2026-04-26T02:35:15,jetson,,,stage,area1,process_total,101,,,1,
20260426_023405,2026-04-26T02:35:15,jetson,,,stage,area0,process_total,105,,,1,
20260426_023405,2026-04-26T02:35:15,jetson,,,stage,area1,process_total,87,,,1,
20260426_023405,2026-04-26T02:35:15,jetson,,,stage,element2,process_total,164,,,1,
20260426_023405,2026-04-26T02:35:15,jetson,,,stage,area0,process_total,112,,,1,
20260426_023405,2026-04-26T02:35:15,jetson,,,stage,detail0,process_total,253,,,4,
20260426_023405,2026-04-26T02:35:15,jetson,,,stage,detail1,process_total,269,,,5,
20260426_023405,2026-04-26T02:35:15,jetson,,,stage,element1,process_total,137,,,1,
20260426_023405,2026-04-26T02:35:15,jetson,/mnt/windows_share/20260425220419/E1/06002_-13397250_1777127099297.jpg,100,stage,detect,save_json,17,0,0,,
20260426_023405,2026-04-26T02:35:15,jetson,/mnt/windows_share/20260425220419/E1/06002_-13397250_1777127099297.jpg,100,stage,detect,detect_process_total,409,,,,
20260426_023405,2026-04-26T02:35:15,jetson,/mnt/windows_share/20260425220419/E1/06002_-13397250_1777127099297.jpg,100,stage,shell,file_total,409,0,0,,
20260426_023405,2026-04-26T02:35:15,jetson,,,stage,element1,process_total,135,,,1,
20260426_023405,2026-04-26T02:35:15,jetson,,,stage,element1,process_total,132,,,1,
20260426_023405,2026-04-26T02:35:15,jetson,,,stage,element2,process_total,199,,,1,
20260426_023405,2026-04-26T02:35:15,jetson,,,stage,element2,process_total,196,,,1,
20260426_023405,2026-04-26T02:35:15,jetson,,,stage,element2,process_total,161,,,1,
20260426_023405,2026-04-26T02:35:15,jetson,/mnt/windows_share/20260425220419/E1/06006_-13384750_1777127099721.jpg,100,stage,detect,read_image,79,,,,
20260426_023405,2026-04-26T02:35:15,jetson,,,stage,detail0,process_total,241,,,3,
20260426_023405,2026-04-26T02:35:15,jetson,,,stage,detail0,process_total,258,,,3,
20260426_023405,2026-04-26T02:35:15,jetson,,,stage,area0,process_total,72,,,1,
20260426_023405,2026-04-26T02:35:15,jetson,,,stage,detail1,process_total,301,,,4,
20260426_023405,2026-04-26T02:35:15,jetson,,,stage,area1,process_total,74,,,1,
20260426_023405,2026-04-26T02:35:15,jetson,/mnt/windows_share/20260425220419/E1/06004_-13392000_1777127099486.jpg,100,stage,detect,save_json,16,0,0,,
20260426_023405,2026-04-26T02:35:15,jetson,/mnt/windows_share/20260425220419/E1/06004_-13392000_1777127099486.jpg,100,stage,detect,detect_process_total,525,,,,
20260426_023405,2026-04-26T02:35:15,jetson,/mnt/windows_share/20260425220419/E1/06004_-13392000_1777127099486.jpg,100,stage,shell,file_total,525,0,0,,
20260426_023405,2026-04-26T02:35:15,jetson,,,stage,detail1,process_total,362,,,5,
20260426_023405,2026-04-26T02:35:15,jetson,,,stage,detail1,process_total,329,,,5,
20260426_023405,2026-04-26T02:35:15,jetson,,,stage,element1,process_total,68,,,1,
20260426_023405,2026-04-26T02:35:15,jetson,,,stage,detail0,process_total,369,,,5,
20260426_023405,2026-04-26T02:35:15,jetson,,,stage,element2,process_total,79,,,1,
20260426_023405,2026-04-26T02:35:15,jetson,/mnt/windows_share/20260425220419/E1/06005_-13389000_1777127099587.jpg,100,stage,detect,save_json,18,0,0,,
20260426_023405,2026-04-26T02:35:15,jetson,/mnt/windows_share/20260425220419/E1/06005_-13389000_1777127099587.jpg,100,stage,detect,detect_process_total,577,,,,
20260426_023405,2026-04-26T02:35:15,jetson,/mnt/windows_share/20260425220419/E1/06005_-13389000_1777127099587.jpg,100,stage,shell,file_total,577,0,0,,
20260426_023405,2026-04-26T02:35:15,jetson,/mnt/windows_share/20260425220419/E1/06007_-13382000_1777127099816.jpg,100,stage,detect,read_image,71,,,,
20260426_023405,2026-04-26T02:35:15,jetson,,,stage,detail0,process_total,90,,,3,
20260426_023405,2026-04-26T02:35:15,jetson,,,stage,detail1,process_total,92,,,3,
20260426_023405,2026-04-26T02:35:15,jetson,/mnt/windows_share/20260425220419/E1/06003_-13394750_1777127099392.jpg,100,stage,detect,save_json,25,0,0,,
20260426_023405,2026-04-26T02:35:15,jetson,/mnt/windows_share/20260425220419/E1/06003_-13394750_1777127099392.jpg,100,stage,detect,detect_process_total,614,,,,
20260426_023405,2026-04-26T02:35:15,jetson,/mnt/windows_share/20260425220419/E1/06003_-13394750_1777127099392.jpg,100,stage,shell,file_total,614,0,0,,
20260426_023405,2026-04-26T02:35:15,jetson,,,stage,area0,process_total,21,,,1,
20260426_023405,2026-04-26T02:35:15,jetson,/mnt/windows_share/20260425220419/E1/06006_-13384750_1777127099721.jpg,100,stage,detect,save_json,24,0,0,,
20260426_023405,2026-04-26T02:35:15,jetson,/mnt/windows_share/20260425220419/E1/06006_-13384750_1777127099721.jpg,100,stage,detect,detect_process_total,273,,,,
20260426_023405,2026-04-26T02:35:15,jetson,/mnt/windows_share/20260425220419/E1/06006_-13384750_1777127099721.jpg,100,stage,shell,file_total,273,0,0,,
20260426_023405,2026-04-26T02:35:15,jetson,,,stage,area1,process_total,29,,,1,
20260426_023405,2026-04-26T02:35:15,jetson,,,stage,element1,process_total,46,,,1,
20260426_023405,2026-04-26T02:35:15,jetson,/mnt/windows_share/20260425220419/E1/06008_-13378250_1777127099947.jpg,100,stage,detect,read_image,89,,,,
20260426_023405,2026-04-26T02:35:15,jetson,/mnt/windows_share/20260425220419/E1/06009_-13375000_1777127100054.jpg,100,stage,detect,read_image,93,,,,
20260426_023405,2026-04-26T02:35:15,jetson,/mnt/windows_share/20260425220419/E1/06010_-13372250_1777127100149.jpg,100,stage,detect,read_image,104,,,,
20260426_023405,2026-04-26T02:35:15,jetson,,,stage,element2,process_total,142,,,1,
20260426_023405,2026-04-26T02:35:15,jetson,,,stage,area0,process_total,94,,,1,
20260426_023405,2026-04-26T02:35:15,jetson,,,stage,area1,process_total,95,,,1,
20260426_023405,2026-04-26T02:35:15,jetson,,,stage,area1,process_total,89,,,1,
20260426_023405,2026-04-26T02:35:15,jetson,,,stage,area0,process_total,101,,,1,
20260426_023405,2026-04-26T02:35:15,jetson,,,stage,area0,process_total,122,,,1,
20260426_023405,2026-04-26T02:35:15,jetson,,,stage,area1,process_total,125,,,1,
20260426_023405,2026-04-26T02:35:15,jetson,,,stage,detail1,process_total,252,,,5,
20260426_023405,2026-04-26T02:35:15,jetson,,,stage,detail0,process_total,292,,,5,
20260426_023405,2026-04-26T02:35:15,jetson,,,stage,element1,process_total,148,,,1,
20260426_023405,2026-04-26T02:35:15,jetson,/mnt/windows_share/20260425220419/E1/06007_-13382000_1777127099816.jpg,100,stage,detect,save_json,15,0,0,,
20260426_023405,2026-04-26T02:35:15,jetson,/mnt/windows_share/20260425220419/E1/06007_-13382000_1777127099816.jpg,100,stage,detect,detect_process_total,411,,,,
20260426_023405,2026-04-26T02:35:15,jetson,/mnt/windows_share/20260425220419/E1/06007_-13382000_1777127099816.jpg,100,stage,shell,file_total,411,0,0,,
20260426_023405,2026-04-26T02:35:15,jetson,,,stage,element1,process_total,133,,,1,
20260426_023405,2026-04-26T02:35:15,jetson,,,stage,element2,process_total,224,,,1,
20260426_023405,2026-04-26T02:35:15,jetson,,,stage,element1,process_total,154,,,1,
20260426_023405,2026-04-26T02:35:15,jetson,,,stage,element2,process_total,214,,,1,
20260426_023405,2026-04-26T02:35:16,jetson,/mnt/windows_share/20260425220419/E1/06011_-13369250_1777127100243.jpg,100,stage,detect,read_image,89,,,,
20260426_023405,2026-04-26T02:35:16,jetson,,,stage,element2,process_total,185,,,1,
20260426_023405,2026-04-26T02:35:16,jetson,,,stage,detail1,process_total,290,,,3,
20260426_023405,2026-04-26T02:35:16,jetson,,,stage,detail0,process_total,293,,,3,
20260426_023405,2026-04-26T02:35:16,jetson,,,stage,detail0,process_total,278,,,3,
20260426_023405,2026-04-26T02:35:16,jetson,,,stage,detail1,process_total,299,,,4,
20260426_023405,2026-04-26T02:35:16,jetson,,,stage,detail1,process_total,251,,,5,
20260426_023405,2026-04-26T02:35:16,jetson,,,stage,detail0,process_total,262,,,5,
20260426_023405,2026-04-26T02:35:16,jetson,/mnt/windows_share/20260425220419/E1/06010_-13372250_1777127100149.jpg,100,stage,detect,save_json,19,1,1,,
20260426_023405,2026-04-26T02:35:16,jetson,/mnt/windows_share/20260425220419/E1/06010_-13372250_1777127100149.jpg,100,stage,detect,detect_process_total,513,,,,
20260426_023405,2026-04-26T02:35:16,jetson,/mnt/windows_share/20260425220419/E1/06010_-13372250_1777127100149.jpg,100,stage,shell,file_total,513,1,1,,
20260426_023405,2026-04-26T02:35:16,jetson,,,stage,area0,process_total,26,,,1,
20260426_023405,2026-04-26T02:35:16,jetson,/mnt/windows_share/20260425220419/E1/06008_-13378250_1777127099947.jpg,100,stage,detect,save_json,30,0,0,,
20260426_023405,2026-04-26T02:35:16,jetson,/mnt/windows_share/20260425220419/E1/06009_-13375000_1777127100054.jpg,100,stage,detect,save_json,30,0,0,,
20260426_023405,2026-04-26T02:35:16,jetson,/mnt/windows_share/20260425220419/E1/06008_-13378250_1777127099947.jpg,100,stage,detect,detect_process_total,557,,,,
20260426_023405,2026-04-26T02:35:16,jetson,/mnt/windows_share/20260425220419/E1/06008_-13378250_1777127099947.jpg,100,stage,shell,file_total,557,0,0,,
20260426_023405,2026-04-26T02:35:16,jetson,/mnt/windows_share/20260425220419/E1/06009_-13375000_1777127100054.jpg,100,stage,detect,detect_process_total,543,,,,
20260426_023405,2026-04-26T02:35:16,jetson,/mnt/windows_share/20260425220419/E1/06009_-13375000_1777127100054.jpg,100,stage,shell,file_total,543,0,0,,
20260426_023405,2026-04-26T02:35:16,jetson,,,stage,area1,process_total,33,,,1,
20260426_023405,2026-04-26T02:35:16,jetson,,,stage,element1,process_total,29,,,1,
20260426_023405,2026-04-26T02:35:16,jetson,,,stage,element2,process_total,86,,,1,
20260426_023405,2026-04-26T02:35:16,jetson,/mnt/windows_share/20260425220419/E1/06012_-13366750_1777127100337.jpg,100,stage,detect,read_image,105,,,,
20260426_023405,2026-04-26T02:35:16,jetson,/mnt/windows_share/20260425220419/E1/06013_-13363750_1777127100430.jpg,100,stage,detect,read_image,94,,,,
20260426_023405,2026-04-26T02:35:16,jetson,/mnt/windows_share/20260425220419/E1/06014_-13361000_1777127100523.jpg,100,stage,detect,read_image,96,,,,
20260426_023405,2026-04-26T02:35:16,jetson,,,stage,detail0,process_total,94,,,4,
20260426_023405,2026-04-26T02:35:16,jetson,,,stage,detail1,process_total,113,,,4,
20260426_023405,2026-04-26T02:35:16,jetson,,,stage,area0,process_total,50,,,1,
20260426_023405,2026-04-26T02:35:16,jetson,,,stage,area0,process_total,56,,,1,
20260426_023405,2026-04-26T02:35:16,jetson,,,stage,area1,process_total,63,,,1,
20260426_023405,2026-04-26T02:35:16,jetson,,,stage,area1,process_total,64,,,1,
20260426_023405,2026-04-26T02:35:16,jetson,,,stage,area1,process_total,61,,,1,
20260426_023405,2026-04-26T02:35:16,jetson,,,stage,area0,process_total,63,,,1,
20260426_023405,2026-04-26T02:35:16,jetson,/mnt/windows_share/20260425220419/E1/06011_-13369250_1777127100243.jpg,100,stage,detect,save_json,44,0,0,,
20260426_023405,2026-04-26T02:35:16,jetson,/mnt/windows_share/20260425220419/E1/06011_-13369250_1777127100243.jpg,100,stage,detect,detect_process_total,375,,,,
20260426_023405,2026-04-26T02:35:16,jetson,/mnt/windows_share/20260425220419/E1/06011_-13369250_1777127100243.jpg,100,stage,shell,file_total,375,0,0,,
20260426_023405,2026-04-26T02:35:16,jetson,/mnt/windows_share/20260425220419/E1/06015_-13358000_1777127100616.jpg,100,stage,detect,read_image,99,,,,
20260426_023405,2026-04-26T02:35:16,jetson,,,stage,element1,process_total,148,,,1,
20260426_023405,2026-04-26T02:35:16,jetson,,,stage,element1,process_total,151,,,1,
20260426_023405,2026-04-26T02:35:16,jetson,,,stage,element1,process_total,185,,,1,
20260426_023405,2026-04-26T02:35:16,jetson,,,stage,element2,process_total,214,,,1,
20260426_023405,2026-04-26T02:35:16,jetson,,,stage,area1,process_total,108,,,1,
20260426_023405,2026-04-26T02:35:16,jetson,,,stage,area0,process_total,109,,,1,
20260426_023405,2026-04-26T02:35:16,jetson,,,stage,element2,process_total,239,,,1,
20260426_023405,2026-04-26T02:35:16,jetson,,,stage,element2,process_total,240,,,1,
20260426_023405,2026-04-26T02:35:16,jetson,,,stage,element1,process_total,102,,,1,
20260426_023405,2026-04-26T02:35:16,jetson,,,stage,element2,process_total,142,,,1,
20260426_023405,2026-04-26T02:35:16,jetson,,,stage,detail1,process_total,374,,,4,
20260426_023405,2026-04-26T02:35:16,jetson,,,stage,detail0,process_total,392,,,4,
20260426_023405,2026-04-26T02:35:16,jetson,/mnt/windows_share/20260425220419/E1/06013_-13363750_1777127100430.jpg,100,stage,detect,save_json,13,0,0,,
20260426_023405,2026-04-26T02:35:16,jetson,/mnt/windows_share/20260425220419/E1/06013_-13363750_1777127100430.jpg,100,stage,detect,detect_process_total,566,,,,
20260426_023405,2026-04-26T02:35:16,jetson,/mnt/windows_share/20260425220419/E1/06013_-13363750_1777127100430.jpg,100,stage,shell,file_total,566,0,0,,
20260426_023405,2026-04-26T02:35:16,jetson,,,stage,detail1,process_total,405,,,5,
20260426_023405,2026-04-26T02:35:16,jetson,,,stage,detail1,process_total,413,,,5,
20260426_023405,2026-04-26T02:35:16,jetson,,,stage,detail0,process_total,419,,,5,
20260426_023405,2026-04-26T02:35:16,jetson,,,stage,detail0,process_total,423,,,5,
20260426_023405,2026-04-26T02:35:16,jetson,,,stage,detail1,process_total,211,,,4,
20260426_023405,2026-04-26T02:35:16,jetson,,,stage,detail0,process_total,219,,,4,
20260426_023405,2026-04-26T02:35:16,jetson,/mnt/windows_share/20260425220419/E1/06014_-13361000_1777127100523.jpg,100,stage,detect,save_json,20,0,0,,
20260426_023405,2026-04-26T02:35:16,jetson,/mnt/windows_share/20260425220419/E1/06014_-13361000_1777127100523.jpg,100,stage,detect,detect_process_total,603,,,,
20260426_023405,2026-04-26T02:35:16,jetson,/mnt/windows_share/20260425220419/E1/06014_-13361000_1777127100523.jpg,100,stage,shell,file_total,603,0,0,,
20260426_023405,2026-04-26T02:35:16,jetson,/mnt/windows_share/20260425220419/E1/06012_-13366750_1777127100337.jpg,100,stage,detect,save_json,20,0,0,,
20260426_023405,2026-04-26T02:35:16,jetson,/mnt/windows_share/20260425220419/E1/06012_-13366750_1777127100337.jpg,100,stage,detect,detect_process_total,616,,,,
20260426_023405,2026-04-26T02:35:16,jetson,/mnt/windows_share/20260425220419/E1/06012_-13366750_1777127100337.jpg,100,stage,shell,file_total,616,0,0,,
20260426_023405,2026-04-26T02:35:16,jetson,/mnt/windows_share/20260425220419/E1/06015_-13358000_1777127100616.jpg,100,stage,detect,save_json,20,0,0,,
20260426_023405,2026-04-26T02:35:16,jetson,/mnt/windows_share/20260425220419/E1/06015_-13358000_1777127100616.jpg,100,stage,detect,detect_process_total,450,,,,
20260426_023405,2026-04-26T02:35:16,jetson,/mnt/windows_share/20260425220419/E1/06015_-13358000_1777127100616.jpg,100,stage,shell,file_total,450,0,0,,
20260426_023405,2026-04-26T02:35:16,jetson,/mnt/windows_share/20260425220419/E1/06016_-13355500_1777127100710.jpg,100,stage,detect,read_image,71,,,,
20260426_023405,2026-04-26T02:35:16,jetson,,,stage,area1,process_total,23,,,1,
20260426_023405,2026-04-26T02:35:16,jetson,,,stage,area0,process_total,30,,,1,
20260426_023405,2026-04-26T02:35:16,jetson,,,stage,element1,process_total,28,,,1,
20260426_023405,2026-04-26T02:35:16,jetson,/mnt/windows_share/20260425220419/E1/06017_-13352500_1777127100804.jpg,100,stage,detect,read_image,103,,,,
20260426_023405,2026-04-26T02:35:16,jetson,/mnt/windows_share/20260425220419/E1/06018_-13350000_1777127100898.jpg,100,stage,detect,read_image,101,,,,
20260426_023405,2026-04-26T02:35:16,jetson,/mnt/windows_share/20260425220419/E1/06019_-13347000_1777127100993.jpg,100,stage,detect,read_image,103,,,,
20260426_023405,2026-04-26T02:35:16,jetson,,,stage,area1,process_total,106,,,1,
20260426_023405,2026-04-26T02:35:16,jetson,,,stage,area0,process_total,107,,,1,
20260426_023405,2026-04-26T02:35:16,jetson,,,stage,detail0,process_total,146,,,5,
20260426_023405,2026-04-26T02:35:16,jetson,,,stage,area1,process_total,110,,,1,
20260426_023405,2026-04-26T02:35:16,jetson,,,stage,area0,process_total,112,,,1,
20260426_023405,2026-04-26T02:35:16,jetson,,,stage,area1,process_total,108,,,1,
20260426_023405,2026-04-26T02:35:16,jetson,,,stage,area0,process_total,108,,,1,
20260426_023405,2026-04-26T02:35:17,jetson,,,stage,element2,process_total,228,,,1,
20260426_023405,2026-04-26T02:35:17,jetson,,,stage,detail1,process_total,270,,,5,
20260426_023405,2026-04-26T02:35:17,jetson,/mnt/windows_share/20260425220419/E1/06016_-13355500_1777127100710.jpg,100,stage,detect,save_json,18,0,0,,
20260426_023405,2026-04-26T02:35:17,jetson,/mnt/windows_share/20260425220419/E1/06016_-13355500_1777127100710.jpg,100,stage,detect,detect_process_total,392,,,,
20260426_023405,2026-04-26T02:35:17,jetson,/mnt/windows_share/20260425220419/E1/06016_-13355500_1777127100710.jpg,100,stage,shell,file_total,392,0,0,,
20260426_023405,2026-04-26T02:35:17,jetson,,,stage,element1,process_total,158,,,1,
20260426_023405,2026-04-26T02:35:17,jetson,,,stage,element1,process_total,164,,,1,
20260426_023405,2026-04-26T02:35:17,jetson,,,stage,element1,process_total,158,,,1,
20260426_023405,2026-04-26T02:35:17,jetson,,,stage,element2,process_total,215,,,1,
20260426_023405,2026-04-26T02:35:17,jetson,,,stage,element2,process_total,229,,,1,
20260426_023405,2026-04-26T02:35:17,jetson,/mnt/windows_share/20260425220419/E1/06020_-13344000_1777127101089.jpg,100,stage,detect,read_image,88,,,,
20260426_023405,2026-04-26T02:35:17,jetson,,,stage,element2,process_total,213,,,1,
20260426_023405,2026-04-26T02:35:17,jetson,,,stage,detail0,process_total,250,,,2,
20260426_023405,2026-04-26T02:35:17,jetson,,,stage,area0,process_total,71,,,1,
20260426_023405,2026-04-26T02:35:17,jetson,,,stage,area1,process_total,72,,,1,
20260426_023405,2026-04-26T02:35:17,jetson,,,stage,detail0,process_total,302,,,3,
20260426_023405,2026-04-26T02:35:17,jetson,,,stage,detail1,process_total,314,,,4,
20260426_023405,2026-04-26T02:35:17,jetson,/mnt/windows_share/20260425220419/E1/06017_-13352500_1777127100804.jpg,100,stage,detect,save_json,18,0,0,,
20260426_023405,2026-04-26T02:35:17,jetson,/mnt/windows_share/20260425220419/E1/06017_-13352500_1777127100804.jpg,100,stage,detect,detect_process_total,547,,,,
20260426_023405,2026-04-26T02:35:17,jetson,/mnt/windows_share/20260425220419/E1/06017_-13352500_1777127100804.jpg,100,stage,shell,file_total,547,0,0,,
20260426_023405,2026-04-26T02:35:17,jetson,,,stage,detail1,process_total,341,,,4,
20260426_023405,2026-04-26T02:35:17,jetson,,,stage,detail0,process_total,360,,,4,
20260426_023405,2026-04-26T02:35:17,jetson,,,stage,element1,process_total,81,,,1,
20260426_023405,2026-04-26T02:35:17,jetson,,,stage,detail1,process_total,381,,,5,
20260426_023405,2026-04-26T02:35:17,jetson,,,stage,element2,process_total,92,,,1,
20260426_023405,2026-04-26T02:35:17,jetson,/mnt/windows_share/20260425220419/E1/06019_-13347000_1777127100993.jpg,100,stage,detect,save_json,35,0,0,,
20260426_023405,2026-04-26T02:35:17,jetson,/mnt/windows_share/20260425220419/E1/06019_-13347000_1777127100993.jpg,100,stage,detect,detect_process_total,613,,,,
20260426_023405,2026-04-26T02:35:17,jetson,/mnt/windows_share/20260425220419/E1/06019_-13347000_1777127100993.jpg,100,stage,shell,file_total,614,0,0,,
20260426_023405,2026-04-26T02:35:17,jetson,/mnt/windows_share/20260425220419/E1/06018_-13350000_1777127100898.jpg,100,stage,detect,save_json,30,0,0,,
20260426_023405,2026-04-26T02:35:17,jetson,/mnt/windows_share/20260425220419/E1/06018_-13350000_1777127100898.jpg,100,stage,detect,detect_process_total,630,,,,
20260426_023405,2026-04-26T02:35:17,jetson,/mnt/windows_share/20260425220419/E1/06018_-13350000_1777127100898.jpg,100,stage,shell,file_total,630,0,0,,
20260426_023405,2026-04-26T02:35:17,jetson,,,stage,detail1,process_total,121,,,5,
20260426_023405,2026-04-26T02:35:17,jetson,,,stage,detail0,process_total,128,,,5,
20260426_023405,2026-04-26T02:35:17,jetson,/mnt/windows_share/20260425220419/E1/06021_-13341000_1777127101184.jpg,100,stage,detect,read_image,124,,,,
20260426_023405,2026-04-26T02:35:17,jetson,,,stage,area1,process_total,24,,,1,
20260426_023405,2026-04-26T02:35:17,jetson,/mnt/windows_share/20260425220419/E1/06020_-13344000_1777127101089.jpg,100,stage,detect,save_json,51,0,0,,
20260426_023405,2026-04-26T02:35:17,jetson,/mnt/windows_share/20260425220419/E1/06020_-13344000_1777127101089.jpg,100,stage,detect,detect_process_total,345,,,,
20260426_023405,2026-04-26T02:35:17,jetson,/mnt/windows_share/20260425220419/E1/06020_-13344000_1777127101089.jpg,100,stage,shell,file_total,345,0,0,,
20260426_023405,2026-04-26T02:35:17,jetson,,,stage,area0,process_total,31,,,1,
20260426_023405,2026-04-26T02:35:17,jetson,/mnt/windows_share/20260425220419/E1/06023_-13334000_1777127101417.jpg,100,stage,detect,read_image,104,,,,
20260426_023405,2026-04-26T02:35:17,jetson,/mnt/windows_share/20260425220419/E1/06022_-13338250_1777127101280.jpg,100,stage,detect,read_image,113,,,,
20260426_023405,2026-04-26T02:35:17,jetson,,,stage,element1,process_total,37,,,1,
20260426_023405,2026-04-26T02:35:17,jetson,/mnt/windows_share/20260425220419/E1/06024_-13331500_1777127101510.jpg,100,stage,detect,read_image,99,,,,
20260426_023405,2026-04-26T02:35:17,jetson,,,stage,area0,process_total,60,,,1,
20260426_023405,2026-04-26T02:35:17,jetson,,,stage,element2,process_total,110,,,1,
20260426_023405,2026-04-26T02:35:17,jetson,,,stage,area1,process_total,79,,,1,
20260426_023405,2026-04-26T02:35:17,jetson,,,stage,area0,process_total,98,,,1,
20260426_023405,2026-04-26T02:35:17,jetson,,,stage,area1,process_total,100,,,1,
20260426_023405,2026-04-26T02:35:17,jetson,,,stage,area1,process_total,106,,,1,
20260426_023405,2026-04-26T02:35:17,jetson,,,stage,area0,process_total,107,,,1,
20260426_023405,2026-04-26T02:35:17,jetson,,,stage,element1,process_total,135,,,1,
20260426_023405,2026-04-26T02:35:17,jetson,,,stage,element1,process_total,140,,,1,
20260426_023405,2026-04-26T02:35:17,jetson,,,stage,element1,process_total,128,,,1,
20260426_023405,2026-04-26T02:35:17,jetson,,,stage,element2,process_total,211,,,1,
20260426_023405,2026-04-26T02:35:17,jetson,,,stage,detail1,process_total,347,,,5,
20260426_023405,2026-04-26T02:35:17,jetson,,,stage,detail1,process_total,219,,,2,
20260426_023405,2026-04-26T02:35:17,jetson,,,stage,detail0,process_total,221,,,2,
20260426_023405,2026-04-26T02:35:17,jetson,,,stage,detail0,process_total,357,,,5,
20260426_023405,2026-04-26T02:35:17,jetson,,,stage,element2,process_total,222,,,1,
20260426_023405,2026-04-26T02:35:17,jetson,,,stage,element2,process_total,171,,,1,
20260426_023405,2026-04-26T02:35:17,jetson,/mnt/windows_share/20260425220419/E1/06023_-13334000_1777127101417.jpg,100,stage,detect,save_json,21,0,0,,
20260426_023405,2026-04-26T02:35:17,jetson,/mnt/windows_share/20260425220419/E1/06023_-13334000_1777127101417.jpg,100,stage,detect,detect_process_total,448,,,,
20260426_023405,2026-04-26T02:35:17,jetson,/mnt/windows_share/20260425220419/E1/06023_-13334000_1777127101417.jpg,100,stage,shell,file_total,448,0,0,,
20260426_023405,2026-04-26T02:35:17,jetson,,,stage,element0,process_total,176,,,2,
20260426_023405,2026-04-26T02:35:17,jetson,,,stage,detail0,process_total,179,,,2,
20260426_023405,2026-04-26T02:35:17,jetson,/mnt/windows_share/20260425220419/E1/06021_-13341000_1777127101184.jpg,100,stage,detect,save_json,27,0,0,,
20260426_023405,2026-04-26T02:35:17,jetson,/mnt/windows_share/20260425220419/E1/06021_-13341000_1777127101184.jpg,100,stage,detect,detect_process_total,543,,,,
20260426_023405,2026-04-26T02:35:17,jetson,/mnt/windows_share/20260425220419/E1/06021_-13341000_1777127101184.jpg,100,stage,shell,file_total,543,0,0,,
20260426_023405,2026-04-26T02:35:17,jetson,,,stage,detail0,process_total,259,,,4,
20260426_023405,2026-04-26T02:35:17,jetson,,,stage,detail1,process_total,212,,,4,
20260426_023405,2026-04-26T02:35:17,jetson,,,stage,detail1,process_total,269,,,5,
20260426_023405,2026-04-26T02:35:17,jetson,/mnt/windows_share/20260425220419/E1/06024_-13331500_1777127101510.jpg,100,stage,detect,save_json,27,0,0,,
20260426_023405,2026-04-26T02:35:17,jetson,/mnt/windows_share/20260425220419/E1/06024_-13331500_1777127101510.jpg,100,stage,detect,detect_process_total,448,,,,
20260426_023405,2026-04-26T02:35:17,jetson,/mnt/windows_share/20260425220419/E1/06024_-13331500_1777127101510.jpg,100,stage,shell,file_total,448,0,0,,
20260426_023405,2026-04-26T02:35:17,jetson,/mnt/windows_share/20260425220419/E1/06022_-13338250_1777127101280.jpg,100,stage,detect,save_json,29,0,0,,
20260426_023405,2026-04-26T02:35:17,jetson,/mnt/windows_share/20260425220419/E1/06022_-13338250_1777127101280.jpg,100,stage,detect,detect_process_total,531,,,,
20260426_023405,2026-04-26T02:35:17,jetson,/mnt/windows_share/20260425220419/E1/06022_-13338250_1777127101280.jpg,100,stage,shell,file_total,531,0,0,,
20260426_023405,2026-04-26T02:35:17,jetson,/mnt/windows_share/20260425220419/E1/06025_-13328500_1777127101605.jpg,100,stage,detect,read_image,112,,,,
20260426_023405,2026-04-26T02:35:17,jetson,/mnt/windows_share/20260425220419/E1/06026_-13325250_1777127101720.jpg,100,stage,detect,read_image,104,,,,
20260426_023405,2026-04-26T02:35:17,jetson,,,stage,area1,process_total,42,,,1,
20260426_023405,2026-04-26T02:35:17,jetson,,,stage,area0,process_total,45,,,1,
20260426_023405,2026-04-26T02:35:17,jetson,,,stage,area1,process_total,62,,,1,
20260426_023405,2026-04-26T02:35:17,jetson,,,stage,area0,process_total,64,,,1,
20260426_023405,2026-04-26T02:35:18,jetson,/mnt/windows_share/20260425220419/E1/06028_-13318750_1777127101931.jpg,100,stage,detect,read_image,118,,,,
20260426_023405,2026-04-26T02:35:18,jetson,/mnt/windows_share/20260425220419/E1/06027_-13321750_1777127101838.jpg,100,stage,detect,read_image,126,,,,
20260426_023405,2026-04-26T02:35:18,jetson,,,stage,element1,process_total,36,,,1,
20260426_023405,2026-04-26T02:35:18,jetson,,,stage,element0,process_total,155,,,2,
20260426_023405,2026-04-26T02:35:18,jetson,,,stage,element1,process_total,144,,,1,
20260426_023405,2026-04-26T02:35:18,jetson,,,stage,area1,process_total,138,,,1,
20260426_023405,2026-04-26T02:35:18,jetson,,,stage,area0,process_total,133,,,1,
20260426_023405,2026-04-26T02:35:18,jetson,,,stage,area1,process_total,133,,,1,
20260426_023405,2026-04-26T02:35:18,jetson,,,stage,area0,process_total,142,,,1,
20260426_023405,2026-04-26T02:35:18,jetson,,,stage,element2,process_total,193,,,1,
20260426_023405,2026-04-26T02:35:18,jetson,,,stage,element2,process_total,220,,,1,
20260426_023405,2026-04-26T02:35:18,jetson,,,stage,detail0,process_total,273,,,3,
20260426_023405,2026-04-26T02:35:18,jetson,,,stage,element1,process_total,120,,,1,
20260426_023405,2026-04-26T02:35:18,jetson,,,stage,element1,process_total,135,,,1,
20260426_023405,2026-04-26T02:35:18,jetson,,,stage,detail1,process_total,319,,,3,
20260426_023405,2026-04-26T02:35:18,jetson,,,stage,element2,process_total,178,,,1,
20260426_023405,2026-04-26T02:35:18,jetson,,,stage,element2,process_total,174,,,1,
20260426_023405,2026-04-26T02:35:18,jetson,,,stage,detail0,process_total,326,,,3,
20260426_023405,2026-04-26T02:35:18,jetson,,,stage,detail1,process_total,379,,,5,
20260426_023405,2026-04-26T02:35:18,jetson,/mnt/windows_share/20260425220419/E1/06026_-13325250_1777127101720.jpg,100,stage,detect,save_json,20,0,0,,
20260426_023405,2026-04-26T02:35:18,jetson,/mnt/windows_share/20260425220419/E1/06026_-13325250_1777127101720.jpg,100,stage,detect,detect_process_total,533,,,,
20260426_023405,2026-04-26T02:35:18,jetson,/mnt/windows_share/20260425220419/E1/06026_-13325250_1777127101720.jpg,100,stage,shell,file_total,533,0,0,,
20260426_023405,2026-04-26T02:35:18,jetson,,,stage,detail1,process_total,204,,,3,
20260426_023405,2026-04-26T02:35:18,jetson,,,stage,detail0,process_total,215,,,3,
20260426_023405,2026-04-26T02:35:18,jetson,/mnt/windows_share/20260425220419/E1/06025_-13328500_1777127101605.jpg,100,stage,detect,save_json,19,0,0,,
20260426_023405,2026-04-26T02:35:18,jetson,/mnt/windows_share/20260425220419/E1/06025_-13328500_1777127101605.jpg,100,stage,detect,detect_process_total,558,,,,
20260426_023405,2026-04-26T02:35:18,jetson,/mnt/windows_share/20260425220419/E1/06025_-13328500_1777127101605.jpg,100,stage,shell,file_total,558,0,0,,
20260426_023405,2026-04-26T02:35:18,jetson,,,stage,detail1,process_total,230,,,4,
20260426_023405,2026-04-26T02:35:18,jetson,,,stage,detail0,process_total,232,,,4,
20260426_023405,2026-04-26T02:35:18,jetson,/mnt/windows_share/20260425220419/E1/06027_-13321750_1777127101838.jpg,100,stage,detect,save_json,21,0,0,,
20260426_023405,2026-04-26T02:35:18,jetson,/mnt/windows_share/20260425220419/E1/06027_-13321750_1777127101838.jpg,100,stage,detect,detect_process_total,509,,,,
20260426_023405,2026-04-26T02:35:18,jetson,/mnt/windows_share/20260425220419/E1/06027_-13321750_1777127101838.jpg,100,stage,shell,file_total,510,0,0,,
20260426_023405,2026-04-26T02:35:18,jetson,/mnt/windows_share/20260425220419/E1/06028_-13318750_1777127101931.jpg,100,stage,detect,save_json,25,0,0,,
20260426_023405,2026-04-26T02:35:18,jetson,/mnt/windows_share/20260425220419/E1/06028_-13318750_1777127101931.jpg,100,stage,detect,detect_process_total,521,,,,
20260426_023405,2026-04-26T02:35:18,jetson,/mnt/windows_share/20260425220419/E1/06028_-13318750_1777127101931.jpg,100,stage,shell,file_total,521,0,0,,
20260426_023405,2026-04-26T02:35:18,jetson,/mnt/windows_share/20260425220419/E1/06029_-13316000_1777127102026.jpg,100,stage,detect,read_image,91,,,,
20260426_023405,2026-04-26T02:35:18,jetson,/mnt/windows_share/20260425220419/E1/06030_-13313000_1777127102120.jpg,100,stage,detect,read_image,83,,,,
20260426_023405,2026-04-26T02:35:18,jetson,,,stage,area0,process_total,37,,,1,
20260426_023405,2026-04-26T02:35:18,jetson,/mnt/windows_share/20260425220419/E1/06031_-13310500_1777127102215.jpg,100,stage,detect,read_image,109,,,,
20260426_023405,2026-04-26T02:35:18,jetson,/mnt/windows_share/20260425220419/E1/06032_-13307500_1777127102309.jpg,100,stage,detect,read_image,92,,,,
20260426_023405,2026-04-26T02:35:18,jetson,,,stage,area0,process_total,49,,,1,
20260426_023405,2026-04-26T02:35:18,jetson,,,stage,area1,process_total,57,,,1,
20260426_023405,2026-04-26T02:35:18,jetson,,,stage,area1,process_total,49,,,1,
20260426_023405,2026-04-26T02:35:18,jetson,,,stage,area0,process_total,150,,,1,
20260426_023405,2026-04-26T02:35:18,jetson,,,stage,element1,process_total,164,,,1,
20260426_023405,2026-04-26T02:35:18,jetson,,,stage,area1,process_total,191,,,1,
20260426_023405,2026-04-26T02:35:18,jetson,,,stage,element1,process_total,211,,,1,
20260426_023405,2026-04-26T02:35:18,jetson,,,stage,area0,process_total,250,,,1,
20260426_023405,2026-04-26T02:35:18,jetson,,,stage,area1,process_total,264,,,1,
20260426_023405,2026-04-26T02:35:18,jetson,,,stage,element0,process_total,270,,,2,
20260426_023405,2026-04-26T02:35:18,jetson,,,stage,element2,process_total,274,,,1,
20260426_023405,2026-04-26T02:35:18,jetson,,,stage,element2,process_total,288,,,1,
20260426_023405,2026-04-26T02:35:18,jetson,,,stage,element1,process_total,165,,,1,
20260426_023405,2026-04-26T02:35:18,jetson,,,stage,element2,process_total,225,,,1,
20260426_023405,2026-04-26T02:35:18,jetson,,,stage,element1,process_total,154,,,1,
20260426_023405,2026-04-26T02:35:18,jetson,,,stage,element2,process_total,208,,,1,
20260426_023405,2026-04-26T02:35:18,jetson,,,stage,detail0,process_total,481,,,4,
20260426_023405,2026-04-26T02:35:18,jetson,,,stage,detail0,process_total,485,,,4,
20260426_023405,2026-04-26T02:35:18,jetson,,,stage,detail1,process_total,490,,,4,
20260426_023405,2026-04-26T02:35:19,jetson,,,stage,detail1,process_total,513,,,5,
20260426_023405,2026-04-26T02:35:19,jetson,/mnt/windows_share/20260425220419/E1/06030_-13313000_1777127102120.jpg,100,stage,detect,save_json,15,0,0,,
20260426_023405,2026-04-26T02:35:19,jetson,/mnt/windows_share/20260425220419/E1/06030_-13313000_1777127102120.jpg,100,stage,detect,detect_process_total,649,,,,
20260426_023405,2026-04-26T02:35:19,jetson,/mnt/windows_share/20260425220419/E1/06030_-13313000_1777127102120.jpg,100,stage,shell,file_total,649,0,0,,
20260426_023405,2026-04-26T02:35:19,jetson,,,stage,detail0,process_total,340,,,4,
20260426_023405,2026-04-26T02:35:19,jetson,/mnt/windows_share/20260425220419/E1/06029_-13316000_1777127102026.jpg,100,stage,detect,save_json,17,1,1,,
20260426_023405,2026-04-26T02:35:19,jetson,/mnt/windows_share/20260425220419/E1/06029_-13316000_1777127102026.jpg,100,stage,detect,detect_process_total,682,,,,
20260426_023405,2026-04-26T02:35:19,jetson,/mnt/windows_share/20260425220419/E1/06029_-13316000_1777127102026.jpg,100,stage,shell,file_total,682,1,1,,
20260426_023405,2026-04-26T02:35:19,jetson,,,stage,detail1,process_total,265,,,4,
20260426_023405,2026-04-26T02:35:19,jetson,,,stage,detail0,process_total,268,,,4,
20260426_023405,2026-04-26T02:35:19,jetson,,,stage,detail1,process_total,351,,,5,
20260426_023405,2026-04-26T02:35:19,jetson,/mnt/windows_share/20260425220419/E1/06031_-13310500_1777127102215.jpg,100,stage,detect,save_json,25,0,0,,
20260426_023405,2026-04-26T02:35:19,jetson,/mnt/windows_share/20260425220419/E1/06031_-13310500_1777127102215.jpg,100,stage,detect,detect_process_total,680,,,,
20260426_023405,2026-04-26T02:35:19,jetson,/mnt/windows_share/20260425220419/E1/06031_-13310500_1777127102215.jpg,100,stage,shell,file_total,681,0,0,,
20260426_023405,2026-04-26T02:35:19,jetson,/mnt/windows_share/20260425220419/E1/06032_-13307500_1777127102309.jpg,100,stage,detect,save_json,34,0,0,,
20260426_023405,2026-04-26T02:35:19,jetson,/mnt/windows_share/20260425220419/E1/06032_-13307500_1777127102309.jpg,100,stage,detect,detect_process_total,668,,,,
20260426_023405,2026-04-26T02:35:19,jetson,/mnt/windows_share/20260425220419/E1/06032_-13307500_1777127102309.jpg,100,stage,shell,file_total,668,0,0,,
20260426_023405,2026-04-26T02:35:19,jetson,/mnt/windows_share/20260425220419/E1/06033_-13304750_1777127102403.jpg,100,stage,detect,read_image,86,,,,
20260426_023405,2026-04-26T02:35:19,jetson,,,stage,area0,process_total,27,,,1,
20260426_023405,2026-04-26T02:35:19,jetson,/mnt/windows_share/20260425220419/E1/06034_-13302000_1777127102497.jpg,100,stage,detect,read_image,100,,,,
20260426_023405,2026-04-26T02:35:19,jetson,/mnt/windows_share/20260425220419/E1/06035_-13298500_1777127102609.jpg,100,stage,detect,read_image,84,,,,
20260426_023405,2026-04-26T02:35:19,jetson,,,stage,area1,process_total,52,,,1,
20260426_023405,2026-04-26T02:35:19,jetson,/mnt/windows_share/20260425220419/E1/06036_-13293750_1777127102779.jpg,100,stage,detect,read_image,83,,,,
20260426_023405,2026-04-26T02:35:19,jetson,,,stage,area1,process_total,32,,,1,
20260426_023405,2026-04-26T02:35:19,jetson,,,stage,area0,process_total,51,,,1,
20260426_023405,2026-04-26T02:35:19,jetson,,,stage,element1,process_total,149,,,1,
20260426_023405,2026-04-26T02:35:19,jetson,,,stage,area1,process_total,156,,,1,
20260426_023405,2026-04-26T02:35:19,jetson,,,stage,area0,process_total,152,,,1,
20260426_023405,2026-04-26T02:35:19,jetson,,,stage,area0,process_total,167,,,1,
20260426_023405,2026-04-26T02:35:19,jetson,,,stage,area1,process_total,153,,,1,
20260426_023405,2026-04-26T02:35:19,jetson,,,stage,element1,process_total,121,,,1,
20260426_023405,2026-04-26T02:35:19,jetson,,,stage,element2,process_total,242,,,1,
20260426_023405,2026-04-26T02:35:19,jetson,,,stage,element2,process_total,219,,,1,
20260426_023405,2026-04-26T02:35:19,jetson,,,stage,detail1,process_total,161,,,1,
20260426_023405,2026-04-26T02:35:19,jetson,,,stage,element1,process_total,172,,,1,
20260426_023405,2026-04-26T02:35:19,jetson,,,stage,element1,process_total,171,,,1,
20260426_023405,2026-04-26T02:35:19,jetson,,,stage,detail0,process_total,154,,,1,
20260426_023405,2026-04-26T02:35:19,jetson,,,stage,element2,process_total,200,,,1,
20260426_023405,2026-04-26T02:35:19,jetson,,,stage,element2,process_total,213,,,1,
20260426_023405,2026-04-26T02:35:19,jetson,/mnt/windows_share/20260425220419/E1/06036_-13293750_1777127102779.jpg,100,stage,detect,save_json,18,0,0,,
20260426_023405,2026-04-26T02:35:19,jetson,/mnt/windows_share/20260425220419/E1/06036_-13293750_1777127102779.jpg,100,stage,detect,detect_process_total,468,,,,
20260426_023405,2026-04-26T02:35:19,jetson,/mnt/windows_share/20260425220419/E1/06036_-13293750_1777127102779.jpg,100,stage,shell,file_total,468,0,0,,
20260426_023405,2026-04-26T02:35:19,jetson,,,stage,detail0,process_total,391,,,4,
20260426_023405,2026-04-26T02:35:19,jetson,,,stage,detail1,process_total,403,,,4,
20260426_023405,2026-04-26T02:35:19,jetson,,,stage,detail0,process_total,406,,,4,
20260426_023405,2026-04-26T02:35:19,jetson,,,stage,detail1,process_total,440,,,5,
20260426_023405,2026-04-26T02:35:19,jetson,,,stage,detail0,process_total,282,,,3,
20260426_023405,2026-04-26T02:35:19,jetson,,,stage,detail1,process_total,286,,,4,
20260426_023405,2026-04-26T02:35:19,jetson,/mnt/windows_share/20260425220419/E1/06034_-13302000_1777127102497.jpg,100,stage,detect,save_json,18,0,0,,
20260426_023405,2026-04-26T02:35:19,jetson,/mnt/windows_share/20260425220419/E1/06034_-13302000_1777127102497.jpg,100,stage,detect,detect_process_total,587,,,,
20260426_023405,2026-04-26T02:35:19,jetson,/mnt/windows_share/20260425220419/E1/06034_-13302000_1777127102497.jpg,100,stage,shell,file_total,587,0,0,,
20260426_023405,2026-04-26T02:35:19,jetson,/mnt/windows_share/20260425220419/E1/06033_-13304750_1777127102403.jpg,100,stage,detect,save_json,25,0,0,,
20260426_023405,2026-04-26T02:35:19,jetson,/mnt/windows_share/20260425220419/E1/06033_-13304750_1777127102403.jpg,100,stage,detect,detect_process_total,614,,,,
20260426_023405,2026-04-26T02:35:19,jetson,/mnt/windows_share/20260425220419/E1/06033_-13304750_1777127102403.jpg,100,stage,shell,file_total,614,0,0,,
20260426_023405,2026-04-26T02:35:19,jetson,/mnt/windows_share/20260425220419/E1/06037_-13291000_1777127102872.jpg,100,stage,detect,read_image,87,,,,
20260426_023405,2026-04-26T02:35:19,jetson,/mnt/windows_share/20260425220419/E1/06035_-13298500_1777127102609.jpg,100,stage,detect,save_json,23,0,0,,
20260426_023405,2026-04-26T02:35:19,jetson,/mnt/windows_share/20260425220419/E1/06035_-13298500_1777127102609.jpg,100,stage,detect,detect_process_total,565,,,,
20260426_023405,2026-04-26T02:35:19,jetson,/mnt/windows_share/20260425220419/E1/06035_-13298500_1777127102609.jpg,100,stage,shell,file_total,566,0,0,,
20260426_023405,2026-04-26T02:35:19,jetson,,,stage,area0,process_total,25,,,1,
20260426_023405,2026-04-26T02:35:19,jetson,,,stage,area1,process_total,34,,,1,
20260426_023405,2026-04-26T02:35:19,jetson,,,stage,element1,process_total,46,,,1,
20260426_023405,2026-04-26T02:35:19,jetson,/mnt/windows_share/20260425220419/E1/06038_-13288250_1777127102965.jpg,100,stage,detect,read_image,110,,,,
20260426_023405,2026-04-26T02:35:19,jetson,/mnt/windows_share/20260425220419/E1/06039_-13285750_1777127103059.jpg,100,stage,detect,read_image,123,,,,
20260426_023405,2026-04-26T02:35:19,jetson,/mnt/windows_share/20260425220419/E1/06040_-13282250_1777127103156.jpg,100,stage,detect,read_image,135,,,,
20260426_023405,2026-04-26T02:35:19,jetson,,,stage,element2,process_total,121,,,1,
20260426_023405,2026-04-26T02:35:19,jetson,,,stage,area0,process_total,90,,,1,
20260426_023405,2026-04-26T02:35:19,jetson,,,stage,area1,process_total,106,,,1,
20260426_023405,2026-04-26T02:35:19,jetson,,,stage,detail1,process_total,186,,,5,
20260426_023405,2026-04-26T02:35:19,jetson,,,stage,area1,process_total,104,,,1,
20260426_023405,2026-04-26T02:35:19,jetson,,,stage,area0,process_total,94,,,1,
20260426_023405,2026-04-26T02:35:19,jetson,,,stage,area0,process_total,111,,,1,
20260426_023405,2026-04-26T02:35:19,jetson,,,stage,area1,process_total,93,,,1,
20260426_023405,2026-04-26T02:35:19,jetson,,,stage,detail0,process_total,297,,,5,
20260426_023405,2026-04-26T02:35:19,jetson,/mnt/windows_share/20260425220419/E1/06037_-13291000_1777127102872.jpg,100,stage,detect,save_json,16,0,0,,
20260426_023405,2026-04-26T02:35:19,jetson,/mnt/windows_share/20260425220419/E1/06037_-13291000_1777127102872.jpg,100,stage,detect,detect_process_total,437,,,,
20260426_023405,2026-04-26T02:35:19,jetson,/mnt/windows_share/20260425220419/E1/06037_-13291000_1777127102872.jpg,100,stage,shell,file_total,437,0,0,,
20260426_023405,2026-04-26T02:35:20,jetson,,,stage,element1,process_total,163,,,1,
20260426_023405,2026-04-26T02:35:20,jetson,,,stage,element1,process_total,170,,,1,
20260426_023405,2026-04-26T02:35:20,jetson,,,stage,element1,process_total,166,,,1,
20260426_023405,2026-04-26T02:35:20,jetson,,,stage,element2,process_total,229,,,1,
20260426_023405,2026-04-26T02:35:20,jetson,/mnt/windows_share/20260425220419/E1/06041_-13279750_1777127103251.jpg,100,stage,detect,read_image,90,,,,
20260426_023405,2026-04-26T02:35:20,jetson,,,stage,element2,process_total,197,,,1,
20260426_023405,2026-04-26T02:35:20,jetson,,,stage,element2,process_total,203,,,1,
20260426_023405,2026-04-26T02:35:20,jetson,,,stage,element0,process_total,209,,,2,
20260426_023405,2026-04-26T02:35:20,jetson,,,stage,area0,process_total,71,,,1,
20260426_023405,2026-04-26T02:35:20,jetson,,,stage,area1,process_total,72,,,1,
20260426_023405,2026-04-26T02:35:20,jetson,,,stage,detail0,process_total,279,,,3,
20260426_023405,2026-04-26T02:35:20,jetson,,,stage,detail1,process_total,349,,,4,
20260426_023405,2026-04-26T02:35:20,jetson,,,stage,detail0,process_total,355,,,4,
20260426_023405,2026-04-26T02:35:20,jetson,,,stage,detail1,process_total,338,,,4,
20260426_023405,2026-04-26T02:35:20,jetson,/mnt/windows_share/20260425220419/E1/06038_-13288250_1777127102965.jpg,100,stage,detect,save_json,16,0,0,,
20260426_023405,2026-04-26T02:35:20,jetson,/mnt/windows_share/20260425220419/E1/06038_-13288250_1777127102965.jpg,100,stage,detect,detect_process_total,591,,,,
20260426_023405,2026-04-26T02:35:20,jetson,/mnt/windows_share/20260425220419/E1/06038_-13288250_1777127102965.jpg,100,stage,shell,file_total,591,0,0,,
20260426_023405,2026-04-26T02:35:20,jetson,,,stage,element1,process_total,73,,,1,
20260426_023405,2026-04-26T02:35:20,jetson,/mnt/windows_share/20260425220419/E1/06040_-13282250_1777127103156.jpg,100,stage,detect,save_json,16,0,0,,
20260426_023405,2026-04-26T02:35:20,jetson,/mnt/windows_share/20260425220419/E1/06040_-13282250_1777127103156.jpg,100,stage,detect,detect_process_total,594,,,,
20260426_023405,2026-04-26T02:35:20,jetson,/mnt/windows_share/20260425220419/E1/06040_-13282250_1777127103156.jpg,100,stage,shell,file_total,594,0,0,,
20260426_023405,2026-04-26T02:35:20,jetson,,,stage,element2,process_total,112,,,1,
20260426_023405,2026-04-26T02:35:20,jetson,,,stage,detail1,process_total,391,,,5,
20260426_023405,2026-04-26T02:35:20,jetson,,,stage,element0,process_total,117,,,2,
20260426_023405,2026-04-26T02:35:20,jetson,,,stage,detail0,process_total,402,,,5,
20260426_023405,2026-04-26T02:35:20,jetson,/mnt/windows_share/20260425220419/E1/06039_-13285750_1777127103059.jpg,100,stage,detect,save_json,14,0,0,,
20260426_023405,2026-04-26T02:35:20,jetson,/mnt/windows_share/20260425220419/E1/06039_-13285750_1777127103059.jpg,100,stage,detect,detect_process_total,656,,,,
20260426_023405,2026-04-26T02:35:20,jetson,/mnt/windows_share/20260425220419/E1/06039_-13285750_1777127103059.jpg,100,stage,shell,file_total,656,0,0,,
20260426_023405,2026-04-26T02:35:20,jetson,/mnt/windows_share/20260425220419/E1/06042_-13276750_1777127103349.jpg,100,stage,detect,read_image,78,,,,
20260426_023405,2026-04-26T02:35:20,jetson,,,stage,detail1,process_total,163,,,5,
20260426_023405,2026-04-26T02:35:20,jetson,/mnt/windows_share/20260425220419/E1/06043_-13274000_1777127103443.jpg,100,stage,detect,read_image,83,,,,
20260426_023405,2026-04-26T02:35:20,jetson,,,stage,detail0,process_total,171,,,5,
20260426_023405,2026-04-26T02:35:20,jetson,,,stage,area1,process_total,40,,,1,
20260426_023405,2026-04-26T02:35:20,jetson,,,stage,area0,process_total,48,,,1,
20260426_023405,2026-04-26T02:35:20,jetson,/mnt/windows_share/20260425220419/E1/06041_-13279750_1777127103251.jpg,100,stage,detect,save_json,23,0,0,,
20260426_023405,2026-04-26T02:35:20,jetson,/mnt/windows_share/20260425220419/E1/06041_-13279750_1777127103251.jpg,100,stage,detect,detect_process_total,360,,,,
20260426_023405,2026-04-26T02:35:20,jetson,/mnt/windows_share/20260425220419/E1/06041_-13279750_1777127103251.jpg,100,stage,shell,file_total,360,0,0,,
20260426_023405,2026-04-26T02:35:20,jetson,,,stage,area1,process_total,36,,,1,
20260426_023405,2026-04-26T02:35:20,jetson,,,stage,area0,process_total,59,,,1,
20260426_023405,2026-04-26T02:35:20,jetson,/mnt/windows_share/20260425220419/E1/06044_-13271000_1777127103539.jpg,100,stage,detect,read_image,100,,,,
20260426_023405,2026-04-26T02:35:20,jetson,/mnt/windows_share/20260425220419/E1/06045_-13268500_1777127103634.jpg,100,stage,detect,read_image,84,,,,
20260426_023405,2026-04-26T02:35:20,jetson,,,stage,element1,process_total,118,,,1,
20260426_023405,2026-04-26T02:35:20,jetson,,,stage,element1,process_total,112,,,1,
20260426_023405,2026-04-26T02:35:20,jetson,,,stage,area0,process_total,98,,,1,
20260426_023405,2026-04-26T02:35:20,jetson,,,stage,area1,process_total,102,,,1,
20260426_023405,2026-04-26T02:35:20,jetson,,,stage,element2,process_total,165,,,1,
20260426_023405,2026-04-26T02:35:20,jetson,,,stage,element2,process_total,161,,,1,
20260426_023405,2026-04-26T02:35:20,jetson,,,stage,area0,process_total,108,,,1,
20260426_023405,2026-04-26T02:35:20,jetson,,,stage,area1,process_total,108,,,1,
20260426_023405,2026-04-26T02:35:20,jetson,,,stage,element1,process_total,125,,,1,
20260426_023405,2026-04-26T02:35:20,jetson,,,stage,element1,process_total,112,,,1,
20260426_023405,2026-04-26T02:35:20,jetson,,,stage,detail0,process_total,336,,,4,
20260426_023405,2026-04-26T02:35:20,jetson,,,stage,element2,process_total,170,,,1,
20260426_023405,2026-04-26T02:35:20,jetson,,,stage,element2,process_total,163,,,1,
20260426_023405,2026-04-26T02:35:20,jetson,,,stage,detail1,process_total,401,,,5,
20260426_023405,2026-04-26T02:35:20,jetson,,,stage,detail1,process_total,380,,,5,
20260426_023405,2026-04-26T02:35:20,jetson,/mnt/windows_share/20260425220419/E1/06042_-13276750_1777127103349.jpg,100,stage,detect,save_json,19,0,0,,
20260426_023405,2026-04-26T02:35:20,jetson,,,stage,detail1,process_total,258,,,4,
20260426_023405,2026-04-26T02:35:20,jetson,/mnt/windows_share/20260425220419/E1/06042_-13276750_1777127103349.jpg,100,stage,detect,detect_process_total,550,,,,
20260426_023405,2026-04-26T02:35:20,jetson,/mnt/windows_share/20260425220419/E1/06042_-13276750_1777127103349.jpg,100,stage,shell,file_total,550,0,0,,
20260426_023405,2026-04-26T02:35:20,jetson,,,stage,detail0,process_total,393,,,5,
20260426_023405,2026-04-26T02:35:20,jetson,,,stage,detail0,process_total,264,,,4,
20260426_023405,2026-04-26T02:35:20,jetson,,,stage,detail1,process_total,247,,,5,
20260426_023405,2026-04-26T02:35:20,jetson,,,stage,detail0,process_total,249,,,5,
20260426_023405,2026-04-26T02:35:20,jetson,/mnt/windows_share/20260425220419/E1/06043_-13274000_1777127103443.jpg,100,stage,detect,save_json,21,0,0,,
20260426_023405,2026-04-26T02:35:20,jetson,/mnt/windows_share/20260425220419/E1/06043_-13274000_1777127103443.jpg,100,stage,detect,detect_process_total,558,,,,
20260426_023405,2026-04-26T02:35:20,jetson,/mnt/windows_share/20260425220419/E1/06043_-13274000_1777127103443.jpg,100,stage,shell,file_total,558,0,0,,
20260426_023405,2026-04-26T02:35:20,jetson,/mnt/windows_share/20260425220419/E1/06044_-13271000_1777127103539.jpg,100,stage,detect,save_json,18,0,0,,
20260426_023405,2026-04-26T02:35:20,jetson,/mnt/windows_share/20260425220419/E1/06044_-13271000_1777127103539.jpg,100,stage,detect,detect_process_total,500,,,,
20260426_023405,2026-04-26T02:35:20,jetson,/mnt/windows_share/20260425220419/E1/06044_-13271000_1777127103539.jpg,100,stage,shell,file_total,500,0,0,,
20260426_023405,2026-04-26T02:35:20,jetson,/mnt/windows_share/20260425220419/E1/06045_-13268500_1777127103634.jpg,100,stage,detect,save_json,22,0,0,,
20260426_023405,2026-04-26T02:35:20,jetson,/mnt/windows_share/20260425220419/E1/06045_-13268500_1777127103634.jpg,100,stage,detect,detect_process_total,466,,,,
20260426_023405,2026-04-26T02:35:20,jetson,/mnt/windows_share/20260425220419/E1/06045_-13268500_1777127103634.jpg,100,stage,shell,file_total,466,0,0,,
20260426_023405,2026-04-26T02:35:20,jetson,/mnt/windows_share/20260425220419/E1/06046_-13265500_1777127103729.jpg,100,stage,detect,read_image,84,,,,
20260426_023405,2026-04-26T02:35:20,jetson,/mnt/windows_share/20260425220419/E1/06047_-13262750_1777127103825.jpg,100,stage,detect,read_image,82,,,,
20260426_023405,2026-04-26T02:35:20,jetson,,,stage,area1,process_total,25,,,1,
20260426_023405,2026-04-26T02:35:20,jetson,,,stage,area0,process_total,42,,,1,
20260426_023405,2026-04-26T02:35:20,jetson,/mnt/windows_share/20260425220419/E1/06048_-13260000_1777127103921.jpg,100,stage,detect,read_image,108,,,,
20260426_023405,2026-04-26T02:35:20,jetson,,,stage,area0,process_total,32,,,1,
20260426_023405,2026-04-26T02:35:20,jetson,/mnt/windows_share/20260425220419/E1/06049_-13257250_1777127104017.jpg,100,stage,detect,read_image,105,,,,
20260426_023405,2026-04-26T02:35:20,jetson,,,stage,area1,process_total,45,,,1,
20260426_023405,2026-04-26T02:35:21,jetson,,,stage,element1,process_total,114,,,1,
20260426_023405,2026-04-26T02:35:21,jetson,,,stage,area0,process_total,142,,,1,
20260426_023405,2026-04-26T02:35:21,jetson,,,stage,element1,process_total,115,,,1,
20260426_023405,2026-04-26T02:35:21,jetson,,,stage,detail0,process_total,124,,,1,
20260426_023405,2026-04-26T02:35:21,jetson,,,stage,area0,process_total,133,,,1,
20260426_023405,2026-04-26T02:35:21,jetson,,,stage,area1,process_total,149,,,1,
20260426_023405,2026-04-26T02:35:21,jetson,,,stage,area1,process_total,129,,,1,
20260426_023405,2026-04-26T02:35:21,jetson,,,stage,element2,process_total,242,,,1,
20260426_023405,2026-04-26T02:35:21,jetson,,,stage,element2,process_total,201,,,1,
20260426_023405,2026-04-26T02:35:21,jetson,,,stage,detail1,process_total,265,,,4,
20260426_023405,2026-04-26T02:35:21,jetson,,,stage,element1,process_total,119,,,1,
20260426_023405,2026-04-26T02:35:21,jetson,,,stage,element1,process_total,132,,,1,
20260426_023405,2026-04-26T02:35:21,jetson,,,stage,element2,process_total,174,,,1,
20260426_023405,2026-04-26T02:35:21,jetson,,,stage,element2,process_total,173,,,1,
20260426_023405,2026-04-26T02:35:21,jetson,,,stage,detail0,process_total,189,,,2,
20260426_023405,2026-04-26T02:35:21,jetson,,,stage,detail0,process_total,343,,,4,
20260426_023405,2026-04-26T02:35:21,jetson,/mnt/windows_share/20260425220419/E1/06046_-13265500_1777127103729.jpg,100,stage,detect,save_json,16,0,0,,
20260426_023405,2026-04-26T02:35:21,jetson,/mnt/windows_share/20260425220419/E1/06046_-13265500_1777127103729.jpg,100,stage,detect,detect_process_total,499,,,,
20260426_023405,2026-04-26T02:35:21,jetson,/mnt/windows_share/20260425220419/E1/06046_-13265500_1777127103729.jpg,100,stage,shell,file_total,499,0,0,,
20260426_023405,2026-04-26T02:35:21,jetson,,,stage,detail1,process_total,345,,,5,
20260426_023405,2026-04-26T02:35:21,jetson,,,stage,detail1,process_total,227,,,4,
20260426_023405,2026-04-26T02:35:21,jetson,,,stage,detail0,process_total,229,,,4,
20260426_023405,2026-04-26T02:35:21,jetson,/mnt/windows_share/20260425220419/E1/06047_-13262750_1777127103825.jpg,100,stage,detect,save_json,19,0,0,,
20260426_023405,2026-04-26T02:35:21,jetson,/mnt/windows_share/20260425220419/E1/06047_-13262750_1777127103825.jpg,100,stage,detect,detect_process_total,499,,,,
20260426_023405,2026-04-26T02:35:21,jetson,/mnt/windows_share/20260425220419/E1/06047_-13262750_1777127103825.jpg,100,stage,shell,file_total,499,0,0,,
20260426_023405,2026-04-26T02:35:21,jetson,,,stage,detail1,process_total,225,,,5,
20260426_023405,2026-04-26T02:35:21,jetson,/mnt/windows_share/20260425220419/E1/06048_-13260000_1777127103921.jpg,100,stage,detect,save_json,30,0,0,,
20260426_023405,2026-04-26T02:35:21,jetson,/mnt/windows_share/20260425220419/E1/06049_-13257250_1777127104017.jpg,100,stage,detect,save_json,22,0,0,,
20260426_023405,2026-04-26T02:35:21,jetson,/mnt/windows_share/20260425220419/E1/06049_-13257250_1777127104017.jpg,100,stage,detect,detect_process_total,501,,,,
20260426_023405,2026-04-26T02:35:21,jetson,/mnt/windows_share/20260425220419/E1/06049_-13257250_1777127104017.jpg,100,stage,shell,file_total,501,0,0,,
20260426_023405,2026-04-26T02:35:21,jetson,/mnt/windows_share/20260425220419/E1/06048_-13260000_1777127103921.jpg,100,stage,detect,detect_process_total,522,,,,
20260426_023405,2026-04-26T02:35:21,jetson,/mnt/windows_share/20260425220419/E1/06048_-13260000_1777127103921.jpg,100,stage,shell,file_total,522,0,0,,
20260426_023405,2026-04-26T02:35:21,jetson,/mnt/windows_share/20260425220419/E1/06050_-13254500_1777127104114.jpg,100,stage,detect,read_image,82,,,,
20260426_023405,2026-04-26T02:35:21,jetson,,,stage,area0,process_total,21,,,1,
20260426_023405,2026-04-26T02:35:21,jetson,/mnt/windows_share/20260425220419/E1/06051_-13251500_1777127104215.jpg,100,stage,detect,read_image,86,,,,
20260426_023405,2026-04-26T02:35:21,jetson,,,stage,area1,process_total,33,,,1,
20260426_023405,2026-04-26T02:35:21,jetson,/mnt/windows_share/20260425220419/E1/06052_-13248750_1777127104309.jpg,100,stage,detect,read_image,81,,,,
20260426_023405,2026-04-26T02:35:21,jetson,,,stage,area0,process_total,29,,,1,
20260426_023405,2026-04-26T02:35:21,jetson,/mnt/windows_share/20260425220419/E1/06053_-13246000_1777127104404.jpg,100,stage,detect,read_image,101,,,,
20260426_023405,2026-04-26T02:35:21,jetson,,,stage,area1,process_total,89,,,1,
20260426_023405,2026-04-26T02:35:21,jetson,,,stage,element1,process_total,143,,,1,
20260426_023405,2026-04-26T02:35:21,jetson,,,stage,area0,process_total,146,,,1,
20260426_023405,2026-04-26T02:35:21,jetson,,,stage,area1,process_total,160,,,1,
20260426_023405,2026-04-26T02:35:21,jetson,,,stage,area0,process_total,164,,,1,
20260426_023405,2026-04-26T02:35:21,jetson,,,stage,area1,process_total,186,,,1,
20260426_023405,2026-04-26T02:35:21,jetson,,,stage,element1,process_total,127,,,1,
20260426_023405,2026-04-26T02:35:21,jetson,,,stage,element0,process_total,284,,,2,
20260426_023405,2026-04-26T02:35:21,jetson,,,stage,element2,process_total,309,,,1,
20260426_023405,2026-04-26T02:35:21,jetson,,,stage,element2,process_total,262,,,1,
20260426_023405,2026-04-26T02:35:21,jetson,,,stage,element1,process_total,165,,,1,
20260426_023405,2026-04-26T02:35:21,jetson,,,stage,element1,process_total,172,,,1,
20260426_023405,2026-04-26T02:35:21,jetson,,,stage,element2,process_total,212,,,1,
20260426_023405,2026-04-26T02:35:21,jetson,,,stage,element2,process_total,218,,,1,
20260426_023405,2026-04-26T02:35:21,jetson,,,stage,detail1,process_total,408,,,4,
20260426_023405,2026-04-26T02:35:21,jetson,,,stage,detail0,process_total,357,,,3,
20260426_023405,2026-04-26T02:35:21,jetson,,,stage,detail0,process_total,432,,,4,
20260426_023405,2026-04-26T02:35:21,jetson,/mnt/windows_share/20260425220419/E1/06050_-13254500_1777127104114.jpg,100,stage,detect,save_json,17,0,0,,
20260426_023405,2026-04-26T02:35:21,jetson,,,stage,detail1,process_total,377,,,4,
20260426_023405,2026-04-26T02:35:21,jetson,/mnt/windows_share/20260425220419/E1/06050_-13254500_1777127104114.jpg,100,stage,detect,detect_process_total,578,,,,
20260426_023405,2026-04-26T02:35:21,jetson,/mnt/windows_share/20260425220419/E1/06050_-13254500_1777127104114.jpg,100,stage,shell,file_total,578,0,0,,
20260426_023405,2026-04-26T02:35:21,jetson,,,stage,detail0,process_total,265,,,3,
20260426_023405,2026-04-26T02:35:21,jetson,,,stage,detail1,process_total,269,,,4,
20260426_023405,2026-04-26T02:35:21,jetson,,,stage,detail0,process_total,287,,,4,
20260426_023405,2026-04-26T02:35:21,jetson,,,stage,detail1,process_total,294,,,5,
20260426_023405,2026-04-26T02:35:21,jetson,/mnt/windows_share/20260425220419/E1/06051_-13251500_1777127104215.jpg,100,stage,detect,save_json,44,0,0,,
20260426_023405,2026-04-26T02:35:21,jetson,/mnt/windows_share/20260425220419/E1/06051_-13251500_1777127104215.jpg,100,stage,detect,detect_process_total,601,,,,
20260426_023405,2026-04-26T02:35:21,jetson,/mnt/windows_share/20260425220419/E1/06051_-13251500_1777127104215.jpg,100,stage,shell,file_total,601,0,0,,
20260426_023405,2026-04-26T02:35:21,jetson,/mnt/windows_share/20260425220419/E1/06053_-13246000_1777127104404.jpg,100,stage,detect,save_json,24,0,0,,
20260426_023405,2026-04-26T02:35:21,jetson,/mnt/windows_share/20260425220419/E1/06052_-13248750_1777127104309.jpg,100,stage,detect,save_json,32,0,0,,
20260426_023405,2026-04-26T02:35:21,jetson,/mnt/windows_share/20260425220419/E1/06053_-13246000_1777127104404.jpg,100,stage,detect,detect_process_total,586,,,,
20260426_023405,2026-04-26T02:35:21,jetson,/mnt/windows_share/20260425220419/E1/06053_-13246000_1777127104404.jpg,100,stage,shell,file_total,586,0,0,,
20260426_023405,2026-04-26T02:35:21,jetson,/mnt/windows_share/20260425220419/E1/06052_-13248750_1777127104309.jpg,100,stage,detect,detect_process_total,586,,,,
20260426_023405,2026-04-26T02:35:21,jetson,/mnt/windows_share/20260425220419/E1/06052_-13248750_1777127104309.jpg,100,stage,shell,file_total,586,0,0,,
20260426_023405,2026-04-26T02:35:21,jetson,/mnt/windows_share/20260425220419/E1/06054_-13243250_1777127104499.jpg,100,stage,detect,read_image,107,,,,
20260426_023405,2026-04-26T02:35:21,jetson,/mnt/windows_share/20260425220419/E1/06055_-13240250_1777127104595.jpg,100,stage,detect,read_image,88,,,,
20260426_023405,2026-04-26T02:35:21,jetson,,,stage,area1,process_total,25,,,1,
20260426_023405,2026-04-26T02:35:21,jetson,/mnt/windows_share/20260425220419/E1/06056_-13237500_1777127104690.jpg,100,stage,detect,read_image,88,,,,
20260426_023405,2026-04-26T02:35:21,jetson,,,stage,area0,process_total,33,,,1,
20260426_023405,2026-04-26T02:35:21,jetson,/mnt/windows_share/20260425220419/E1/06057_-13236000_1777127104783.jpg,100,stage,detect,read_image,96,,,,
20260426_023405,2026-04-26T02:35:22,jetson,,,stage,area0,process_total,99,,,1,
20260426_023405,2026-04-26T02:35:22,jetson,,,stage,element0,process_total,94,,,2,
20260426_023405,2026-04-26T02:35:22,jetson,,,stage,area1,process_total,103,,,1,
20260426_023405,2026-04-26T02:35:22,jetson,,,stage,area1,process_total,123,,,1,
20260426_023405,2026-04-26T02:35:22,jetson,,,stage,element1,process_total,119,,,1,
20260426_023405,2026-04-26T02:35:22,jetson,,,stage,area1,process_total,118,,,1,
20260426_023405,2026-04-26T02:35:22,jetson,,,stage,area0,process_total,131,,,1,
20260426_023405,2026-04-26T02:35:22,jetson,,,stage,area0,process_total,120,,,1,
20260426_023405,2026-04-26T02:35:22,jetson,,,stage,element2,process_total,151,,,1,
20260426_023405,2026-04-26T02:35:22,jetson,,,stage,element1,process_total,159,,,1,
20260426_023405,2026-04-26T02:35:22,jetson,,,stage,element1,process_total,143,,,1,
20260426_023405,2026-04-26T02:35:22,jetson,,,stage,element1,process_total,141,,,1,
20260426_023405,2026-04-26T02:35:22,jetson,,,stage,element2,process_total,186,,,1,
20260426_023405,2026-04-26T02:35:22,jetson,,,stage,element2,process_total,195,,,1,
20260426_023405,2026-04-26T02:35:22,jetson,,,stage,element2,process_total,221,,,1,
20260426_023405,2026-04-26T02:35:22,jetson,,,stage,detail0,process_total,364,,,4,
20260426_023405,2026-04-26T02:35:22,jetson,,,stage,detail1,process_total,372,,,4,
20260426_023405,2026-04-26T02:35:22,jetson,/mnt/windows_share/20260425220419/E1/06054_-13243250_1777127104499.jpg,100,stage,detect,save_json,15,0,0,,
20260426_023405,2026-04-26T02:35:22,jetson,/mnt/windows_share/20260425220419/E1/06054_-13243250_1777127104499.jpg,100,stage,detect,detect_process_total,531,,,,
20260426_023405,2026-04-26T02:35:22,jetson,/mnt/windows_share/20260425220419/E1/06054_-13243250_1777127104499.jpg,100,stage,shell,file_total,531,0,0,,
20260426_023405,2026-04-26T02:35:22,jetson,,,stage,detail0,process_total,275,,,3,
20260426_023405,2026-04-26T02:35:22,jetson,,,stage,detail1,process_total,292,,,4,
20260426_023405,2026-04-26T02:35:22,jetson,,,stage,detail1,process_total,320,,,5,
20260426_023405,2026-04-26T02:35:22,jetson,/mnt/windows_share/20260425220419/E1/06056_-13237500_1777127104690.jpg,100,stage,detect,save_json,15,0,0,,
20260426_023405,2026-04-26T02:35:22,jetson,/mnt/windows_share/20260425220419/E1/06056_-13237500_1777127104690.jpg,100,stage,detect,detect_process_total,529,,,,
20260426_023405,2026-04-26T02:35:22,jetson,/mnt/windows_share/20260425220419/E1/06056_-13237500_1777127104690.jpg,100,stage,shell,file_total,529,0,0,,
20260426_023405,2026-04-26T02:35:22,jetson,,,stage,detail1,process_total,313,,,5,
20260426_023405,2026-04-26T02:35:22,jetson,,,stage,detail0,process_total,334,,,5,
20260426_023405,2026-04-26T02:35:22,jetson,,,stage,detail0,process_total,313,,,5,
20260426_023405,2026-04-26T02:35:22,jetson,/mnt/windows_share/20260425220419/E1/06055_-13240250_1777127104595.jpg,100,stage,detect,save_json,22,0,0,,
20260426_023405,2026-04-26T02:35:22,jetson,/mnt/windows_share/20260425220419/E1/06055_-13240250_1777127104595.jpg,100,stage,detect,detect_process_total,570,,,,
20260426_023405,2026-04-26T02:35:22,jetson,/mnt/windows_share/20260425220419/E1/06055_-13240250_1777127104595.jpg,100,stage,shell,file_total,571,0,0,,
20260426_023405,2026-04-26T02:35:22,jetson,/mnt/windows_share/20260425220419/E1/06058_-13232000_1777127104882.jpg,100,stage,detect,read_image,84,,,,
20260426_023405,2026-04-26T02:35:22,jetson,/mnt/windows_share/20260425220419/E1/06057_-13236000_1777127104783.jpg,100,stage,detect,save_json,34,0,0,,
20260426_023405,2026-04-26T02:35:22,jetson,/mnt/windows_share/20260425220419/E1/06057_-13236000_1777127104783.jpg,100,stage,detect,detect_process_total,574,,,,
20260426_023405,2026-04-26T02:35:22,jetson,/mnt/windows_share/20260425220419/E1/06057_-13236000_1777127104783.jpg,100,stage,shell,file_total,574,0,0,,
20260426_023405,2026-04-26T02:35:22,jetson,,,stage,area1,process_total,23,,,1,
20260426_023405,2026-04-26T02:35:22,jetson,,,stage,area0,process_total,30,,,1,
20260426_023405,2026-04-26T02:35:22,jetson,/mnt/windows_share/20260425220419/E1/06059_-13229250_1777127104978.jpg,100,stage,detect,read_image,80,,,,
20260426_023405,2026-04-26T02:35:22,jetson,,,stage,element1,process_total,29,,,1,
20260426_023405,2026-04-26T02:35:22,jetson,/mnt/windows_share/20260425220419/E1/06060_-13226250_1777127105078.jpg,100,stage,detect,read_image,79,,,,
20260426_023405,2026-04-26T02:35:22,jetson,/mnt/windows_share/20260425220419/E1/06061_-13223750_1777127105171.jpg,100,stage,detect,read_image,110,,,,
20260426_023405,2026-04-26T02:35:22,jetson,,,stage,area0,process_total,93,,,1,
20260426_023405,2026-04-26T02:35:22,jetson,,,stage,area1,process_total,94,,,1,
20260426_023405,2026-04-26T02:35:22,jetson,,,stage,area1,process_total,90,,,1,
20260426_023405,2026-04-26T02:35:22,jetson,,,stage,area0,process_total,92,,,1,
20260426_023405,2026-04-26T02:35:22,jetson,,,stage,element2,process_total,159,,,1,
20260426_023405,2026-04-26T02:35:22,jetson,,,stage,area1,process_total,107,,,1,
20260426_023405,2026-04-26T02:35:22,jetson,,,stage,element1,process_total,106,,,1,
20260426_023405,2026-04-26T02:35:22,jetson,,,stage,area0,process_total,131,,,1,
20260426_023405,2026-04-26T02:35:22,jetson,,,stage,element1,process_total,118,,,1,
20260426_023405,2026-04-26T02:35:22,jetson,,,stage,detail1,process_total,298,,,5,
20260426_023405,2026-04-26T02:35:22,jetson,,,stage,element2,process_total,203,,,1,
20260426_023405,2026-04-26T02:35:22,jetson,,,stage,detail0,process_total,316,,,5,
20260426_023405,2026-04-26T02:35:22,jetson,/mnt/windows_share/20260425220419/E1/06058_-13232000_1777127104882.jpg,100,stage,detect,save_json,15,0,0,,
20260426_023405,2026-04-26T02:35:22,jetson,/mnt/windows_share/20260425220419/E1/06058_-13232000_1777127104882.jpg,100,stage,detect,detect_process_total,449,,,,
20260426_023405,2026-04-26T02:35:22,jetson,/mnt/windows_share/20260425220419/E1/06058_-13232000_1777127104882.jpg,100,stage,shell,file_total,450,0,0,,
20260426_023405,2026-04-26T02:35:22,jetson,,,stage,element1,process_total,113,,,1,
20260426_023405,2026-04-26T02:35:22,jetson,,,stage,element2,process_total,207,,,1,
20260426_023405,2026-04-26T02:35:22,jetson,,,stage,element2,process_total,145,,,1,
20260426_023405,2026-04-26T02:35:22,jetson,/mnt/windows_share/20260425220419/E1/06062_-13221000_1777127105266.jpg,100,stage,detect,read_image,92,,,,
20260426_023405,2026-04-26T02:35:22,jetson,,,stage,detail1,process_total,381,,,5,
20260426_023405,2026-04-26T02:35:22,jetson,,,stage,detail0,process_total,384,,,5,
20260426_023405,2026-04-26T02:35:22,jetson,,,stage,area0,process_total,66,,,1,
20260426_023405,2026-04-26T02:35:22,jetson,,,stage,detail1,process_total,352,,,5,
20260426_023405,2026-04-26T02:35:22,jetson,,,stage,area1,process_total,68,,,1,
20260426_023405,2026-04-26T02:35:22,jetson,,,stage,detail0,process_total,281,,,4,
20260426_023405,2026-04-26T02:35:23,jetson,,,stage,detail1,process_total,286,,,5,
20260426_023405,2026-04-26T02:35:23,jetson,/mnt/windows_share/20260425220419/E1/06059_-13229250_1777127104978.jpg,100,stage,detect,save_json,20,0,0,,
20260426_023405,2026-04-26T02:35:23,jetson,/mnt/windows_share/20260425220419/E1/06059_-13229250_1777127104978.jpg,100,stage,detect,detect_process_total,582,,,,
20260426_023405,2026-04-26T02:35:23,jetson,/mnt/windows_share/20260425220419/E1/06059_-13229250_1777127104978.jpg,100,stage,shell,file_total,582,0,0,,
20260426_023405,2026-04-26T02:35:23,jetson,,,stage,detail0,process_total,383,,,5,
20260426_023405,2026-04-26T02:35:23,jetson,/mnt/windows_share/20260425220419/E1/06061_-13223750_1777127105171.jpg,100,stage,detect,save_json,33,0,0,,
20260426_023405,2026-04-26T02:35:23,jetson,/mnt/windows_share/20260425220419/E1/06061_-13223750_1777127105171.jpg,100,stage,detect,detect_process_total,564,,,,
20260426_023405,2026-04-26T02:35:23,jetson,/mnt/windows_share/20260425220419/E1/06061_-13223750_1777127105171.jpg,100,stage,shell,file_total,564,0,0,,
20260426_023405,2026-04-26T02:35:23,jetson,/mnt/windows_share/20260425220419/E1/06060_-13226250_1777127105078.jpg,100,stage,detect,save_json,21,0,0,,
20260426_023405,2026-04-26T02:35:23,jetson,/mnt/windows_share/20260425220419/E1/06060_-13226250_1777127105078.jpg,100,stage,detect,detect_process_total,585,,,,
20260426_023405,2026-04-26T02:35:23,jetson,/mnt/windows_share/20260425220419/E1/06060_-13226250_1777127105078.jpg,100,stage,shell,file_total,585,0,0,,
20260426_023405,2026-04-26T02:35:23,jetson,,,stage,element1,process_total,57,,,1,
20260426_023405,2026-04-26T02:35:23,jetson,,,stage,element2,process_total,74,,,1,
20260426_023405,2026-04-26T02:35:23,jetson,/mnt/windows_share/20260425220419/E1/06063_-13218000_1777127105362.jpg,100,stage,detect,read_image,84,,,,
20260426_023405,2026-04-26T02:35:23,jetson,,,stage,detail1,process_total,108,,,5,
20260426_023405,2026-04-26T02:35:23,jetson,,,stage,detail0,process_total,121,,,5,
20260426_023405,2026-04-26T02:35:23,jetson,,,stage,area1,process_total,26,,,1,
20260426_023405,2026-04-26T02:35:23,jetson,/mnt/windows_share/20260425220419/E1/06064_-13215250_1777127105458.jpg,100,stage,detect,read_image,86,,,,
20260426_023405,2026-04-26T02:35:23,jetson,,,stage,area0,process_total,33,,,1,
20260426_023405,2026-04-26T02:35:23,jetson,/mnt/windows_share/20260425220419/E1/06062_-13221000_1777127105266.jpg,100,stage,detect,save_json,22,0,0,,
20260426_023405,2026-04-26T02:35:23,jetson,/mnt/windows_share/20260425220419/E1/06062_-13221000_1777127105266.jpg,100,stage,detect,detect_process_total,314,,,,
20260426_023405,2026-04-26T02:35:23,jetson,/mnt/windows_share/20260425220419/E1/06062_-13221000_1777127105266.jpg,100,stage,shell,file_total,314,0,0,,
20260426_023405,2026-04-26T02:35:23,jetson,/mnt/windows_share/20260425220419/E1/06065_-13212500_1777127105552.jpg,100,stage,detect,read_image,106,,,,
20260426_023405,2026-04-26T02:35:23,jetson,,,stage,element1,process_total,92,,,1,
20260426_023405,2026-04-26T02:35:23,jetson,,,stage,area0,process_total,103,,,1,
20260426_023405,2026-04-26T02:35:23,jetson,,,stage,area1,process_total,104,,,1,
20260426_023405,2026-04-26T02:35:23,jetson,/mnt/windows_share/20260425220419/E1/06066_-13209750_1777127105644.jpg,100,stage,detect,read_image,86,,,,
20260426_023405,2026-04-26T02:35:23,jetson,,,stage,area0,process_total,108,,,1,
20260426_023405,2026-04-26T02:35:23,jetson,,,stage,area1,process_total,114,,,1,
20260426_023405,2026-04-26T02:35:23,jetson,,,stage,element2,process_total,200,,,1,
20260426_023405,2026-04-26T02:35:23,jetson,,,stage,element1,process_total,136,,,1,
20260426_023405,2026-04-26T02:35:23,jetson,,,stage,area0,process_total,154,,,1,
20260426_023405,2026-04-26T02:35:23,jetson,,,stage,area1,process_total,148,,,1,
20260426_023405,2026-04-26T02:35:23,jetson,,,stage,element1,process_total,146,,,1,
20260426_023405,2026-04-26T02:35:23,jetson,,,stage,element2,process_total,222,,,1,
20260426_023405,2026-04-26T02:35:23,jetson,,,stage,detail0,process_total,328,,,4,
20260426_023405,2026-04-26T02:35:23,jetson,,,stage,element2,process_total,194,,,1,
20260426_023405,2026-04-26T02:35:23,jetson,,,stage,element1,process_total,94,,,1,
20260426_023405,2026-04-26T02:35:23,jetson,,,stage,detail1,process_total,363,,,4,
20260426_023405,2026-04-26T02:35:23,jetson,/mnt/windows_share/20260425220419/E1/06063_-13218000_1777127105362.jpg,100,stage,detect,save_json,15,1,1,,
20260426_023405,2026-04-26T02:35:23,jetson,/mnt/windows_share/20260425220419/E1/06063_-13218000_1777127105362.jpg,100,stage,detect,detect_process_total,501,,,,
20260426_023405,2026-04-26T02:35:23,jetson,/mnt/windows_share/20260425220419/E1/06063_-13218000_1777127105362.jpg,100,stage,shell,file_total,501,1,1,,
20260426_023405,2026-04-26T02:35:23,jetson,,,stage,detail0,process_total,291,,,3,
20260426_023405,2026-04-26T02:35:23,jetson,,,stage,element2,process_total,137,,,1,
20260426_023405,2026-04-26T02:35:23,jetson,,,stage,detail1,process_total,322,,,4,
20260426_023405,2026-04-26T02:35:23,jetson,,,stage,detail1,process_total,285,,,4,
20260426_023405,2026-04-26T02:35:23,jetson,,,stage,detail0,process_total,291,,,4,
20260426_023405,2026-04-26T02:35:23,jetson,/mnt/windows_share/20260425220419/E1/06064_-13215250_1777127105458.jpg,100,stage,detect,save_json,14,0,0,,
20260426_023405,2026-04-26T02:35:23,jetson,/mnt/windows_share/20260425220419/E1/06064_-13215250_1777127105458.jpg,100,stage,detect,detect_process_total,531,,,,
20260426_023405,2026-04-26T02:35:23,jetson,/mnt/windows_share/20260425220419/E1/06064_-13215250_1777127105458.jpg,100,stage,shell,file_total,531,0,0,,
20260426_023405,2026-04-26T02:35:23,jetson,,,stage,detail1,process_total,192,,,4,
20260426_023405,2026-04-26T02:35:23,jetson,,,stage,detail0,process_total,194,,,4,
20260426_023405,2026-04-26T02:35:23,jetson,/mnt/windows_share/20260425220419/E1/06065_-13212500_1777127105552.jpg,100,stage,detect,save_json,23,0,0,,
20260426_023405,2026-04-26T02:35:23,jetson,/mnt/windows_share/20260425220419/E1/06065_-13212500_1777127105552.jpg,100,stage,detect,detect_process_total,542,,,,
20260426_023405,2026-04-26T02:35:23,jetson,/mnt/windows_share/20260425220419/E1/06065_-13212500_1777127105552.jpg,100,stage,shell,file_total,542,0,0,,
20260426_023405,2026-04-26T02:35:23,jetson,/mnt/windows_share/20260425220419/E1/06067_-13207250_1777127105741.jpg,100,stage,detect,read_image,85,,,,
20260426_023405,2026-04-26T02:35:23,jetson,/mnt/windows_share/20260425220419/E1/06066_-13209750_1777127105644.jpg,100,stage,detect,save_json,32,0,0,,
20260426_023405,2026-04-26T02:35:23,jetson,/mnt/windows_share/20260425220419/E1/06066_-13209750_1777127105644.jpg,100,stage,detect,detect_process_total,478,,,,
20260426_023405,2026-04-26T02:35:23,jetson,/mnt/windows_share/20260425220419/E1/06066_-13209750_1777127105644.jpg,100,stage,shell,file_total,478,0,0,,
20260426_023405,2026-04-26T02:35:23,jetson,,,stage,area0,process_total,23,,,1,
20260426_023405,2026-04-26T02:35:23,jetson,,,stage,area1,process_total,30,,,1,
20260426_023405,2026-04-26T02:35:23,jetson,/mnt/windows_share/20260425220419/E1/06068_-13204000_1777127105844.jpg,100,stage,detect,read_image,81,,,,
20260426_023405,2026-04-26T02:35:23,jetson,,,stage,element1,process_total,38,,,1,
20260426_023405,2026-04-26T02:35:23,jetson,/mnt/windows_share/20260425220419/E1/06069_-13201000_1777127105944.jpg,100,stage,detect,read_image,108,,,,
20260426_023405,2026-04-26T02:35:23,jetson,,,stage,area0,process_total,74,,,1,
20260426_023405,2026-04-26T02:35:23,jetson,,,stage,area1,process_total,72,,,1,
20260426_023405,2026-04-26T02:35:23,jetson,/mnt/windows_share/20260425220419/E1/06070_-13198500_1777127106039.jpg,100,stage,detect,read_image,112,,,,
20260426_023405,2026-04-26T02:35:23,jetson,,,stage,element2,process_total,160,,,1,
20260426_023405,2026-04-26T02:35:23,jetson,,,stage,area0,process_total,107,,,1,
20260426_023405,2026-04-26T02:35:23,jetson,,,stage,area1,process_total,108,,,1,
20260426_023405,2026-04-26T02:35:23,jetson,,,stage,element1,process_total,110,,,1,
20260426_023405,2026-04-26T02:35:23,jetson,,,stage,area1,process_total,123,,,1,
20260426_023405,2026-04-26T02:35:23,jetson,,,stage,area0,process_total,124,,,1,
20260426_023405,2026-04-26T02:35:23,jetson,,,stage,element2,process_total,207,,,1,
20260426_023405,2026-04-26T02:35:23,jetson,,,stage,detail1,process_total,311,,,5,
20260426_023405,2026-04-26T02:35:23,jetson,,,stage,element1,process_total,145,,,1,
20260426_023405,2026-04-26T02:35:23,jetson,,,stage,detail0,process_total,327,,,5,
20260426_023405,2026-04-26T02:35:23,jetson,,,stage,element1,process_total,109,,,1,
20260426_023405,2026-04-26T02:35:23,jetson,/mnt/windows_share/20260425220419/E1/06067_-13207250_1777127105741.jpg,100,stage,detect,save_json,19,0,0,,
20260426_023405,2026-04-26T02:35:23,jetson,/mnt/windows_share/20260425220419/E1/06067_-13207250_1777127105741.jpg,100,stage,detect,detect_process_total,465,,,,
20260426_023405,2026-04-26T02:35:23,jetson,/mnt/windows_share/20260425220419/E1/06067_-13207250_1777127105741.jpg,100,stage,shell,file_total,465,0,0,,
20260426_023405,2026-04-26T02:35:23,jetson,,,stage,element2,process_total,176,,,1,
20260426_023405,2026-04-26T02:35:24,jetson,,,stage,element2,process_total,150,,,1,
20260426_023405,2026-04-26T02:35:24,jetson,,,stage,detail0,process_total,325,,,4,
20260426_023405,2026-04-26T02:35:24,jetson,/mnt/windows_share/20260425220419/E1/06071_-13195750_1777127106132.jpg,100,stage,detect,read_image,93,,,,
20260426_023405,2026-04-26T02:35:24,jetson,,,stage,detail1,process_total,347,,,5,
20260426_023405,2026-04-26T02:35:24,jetson,,,stage,detail1,process_total,269,,,4,
20260426_023405,2026-04-26T02:35:24,jetson,,,stage,detail0,process_total,271,,,4,
20260426_023405,2026-04-26T02:35:24,jetson,,,stage,detail0,process_total,224,,,4,
20260426_023405,2026-04-26T02:35:24,jetson,,,stage,area1,process_total,22,,,1,
20260426_023405,2026-04-26T02:35:24,jetson,/mnt/windows_share/20260425220419/E1/06068_-13204000_1777127105844.jpg,100,stage,detect,save_json,18,0,0,,
20260426_023405,2026-04-26T02:35:24,jetson,/mnt/windows_share/20260425220419/E1/06068_-13204000_1777127105844.jpg,100,stage,detect,detect_process_total,525,,,,
20260426_023405,2026-04-26T02:35:24,jetson,/mnt/windows_share/20260425220419/E1/06068_-13204000_1777127105844.jpg,100,stage,shell,file_total,525,0,0,,
20260426_023405,2026-04-26T02:35:24,jetson,,,stage,detail1,process_total,243,,,5,
20260426_023405,2026-04-26T02:35:24,jetson,,,stage,area0,process_total,32,,,1,
20260426_023405,2026-04-26T02:35:24,jetson,/mnt/windows_share/20260425220419/E1/06069_-13201000_1777127105944.jpg,100,stage,detect,save_json,24,0,0,,
20260426_023405,2026-04-26T02:35:24,jetson,/mnt/windows_share/20260425220419/E1/06069_-13201000_1777127105944.jpg,100,stage,detect,detect_process_total,517,,,,
20260426_023405,2026-04-26T02:35:24,jetson,/mnt/windows_share/20260425220419/E1/06069_-13201000_1777127105944.jpg,100,stage,shell,file_total,517,0,0,,
20260426_023405,2026-04-26T02:35:24,jetson,/mnt/windows_share/20260425220419/E1/06070_-13198500_1777127106039.jpg,100,stage,detect,save_json,37,0,0,,
20260426_023405,2026-04-26T02:35:24,jetson,/mnt/windows_share/20260425220419/E1/06070_-13198500_1777127106039.jpg,100,stage,detect,detect_process_total,520,,,,
20260426_023405,2026-04-26T02:35:24,jetson,/mnt/windows_share/20260425220419/E1/06070_-13198500_1777127106039.jpg,100,stage,shell,file_total,520,0,0,,
20260426_023405,2026-04-26T02:35:24,jetson,/mnt/windows_share/20260425220419/E1/06072_-13192750_1777127106230.jpg,100,stage,detect,read_image,79,,,,
20260426_023405,2026-04-26T02:35:24,jetson,,,stage,element0,process_total,78,,,2,
20260426_023405,2026-04-26T02:35:24,jetson,,,stage,element1,process_total,89,,,1,
20260426_023405,2026-04-26T02:35:24,jetson,,,stage,element2,process_total,91,,,1,
20260426_023405,2026-04-26T02:35:24,jetson,/mnt/windows_share/20260425220419/E1/06073_-13190000_1777127106329.jpg,100,stage,detect,read_image,93,,,,
20260426_023405,2026-04-26T02:35:24,jetson,,,stage,area1,process_total,47,,,1,
20260426_023405,2026-04-26T02:35:24,jetson,,,stage,detail0,process_total,121,,,4,
20260426_023405,2026-04-26T02:35:24,jetson,/mnt/windows_share/20260425220419/E1/06074_-13187250_1777127106425.jpg,100,stage,detect,read_image,92,,,,
20260426_023405,2026-04-26T02:35:24,jetson,,,stage,area0,process_total,63,,,1,
20260426_023405,2026-04-26T02:35:24,jetson,,,stage,area1,process_total,42,,,1,
20260426_023405,2026-04-26T02:35:24,jetson,,,stage,area0,process_total,50,,,1,
20260426_023405,2026-04-26T02:35:24,jetson,,,stage,detail1,process_total,190,,,4,
20260426_023405,2026-04-26T02:35:24,jetson,/mnt/windows_share/20260425220419/E1/06071_-13195750_1777127106132.jpg,100,stage,detect,save_json,15,0,0,,
20260426_023405,2026-04-26T02:35:24,jetson,/mnt/windows_share/20260425220419/E1/06071_-13195750_1777127106132.jpg,100,stage,detect,detect_process_total,333,,,,
20260426_023405,2026-04-26T02:35:24,jetson,/mnt/windows_share/20260425220419/E1/06071_-13195750_1777127106132.jpg,100,stage,shell,file_total,333,0,0,,
20260426_023405,2026-04-26T02:35:24,jetson,,,stage,element1,process_total,120,,,1,
20260426_023405,2026-04-26T02:35:24,jetson,,,stage,element1,process_total,116,,,1,
20260426_023405,2026-04-26T02:35:24,jetson,,,stage,area1,process_total,137,,,1,
20260426_023405,2026-04-26T02:35:24,jetson,,,stage,area0,process_total,139,,,1,
20260426_023405,2026-04-26T02:35:24,jetson,/mnt/windows_share/20260425220419/E1/06075_-13184500_1777127106523.jpg,100,stage,detect,read_image,107,,,,
20260426_023405,2026-04-26T02:35:24,jetson,,,stage,element2,process_total,240,,,1,
20260426_023405,2026-04-26T02:35:24,jetson,,,stage,element2,process_total,249,,,1,
20260426_023405,2026-04-26T02:35:24,jetson,,,stage,element1,process_total,138,,,1,
20260426_023405,2026-04-26T02:35:24,jetson,,,stage,area0,process_total,140,,,1,
20260426_023405,2026-04-26T02:35:24,jetson,,,stage,area1,process_total,137,,,1,
20260426_023405,2026-04-26T02:35:24,jetson,,,stage,element0,process_total,247,,,2,
20260426_023405,2026-04-26T02:35:24,jetson,,,stage,element2,process_total,238,,,1,
20260426_023405,2026-04-26T02:35:24,jetson,,,stage,detail1,process_total,404,,,4,
20260426_023405,2026-04-26T02:35:24,jetson,,,stage,element1,process_total,111,,,1,
20260426_023405,2026-04-26T02:35:24,jetson,,,stage,detail0,process_total,428,,,4,
20260426_023405,2026-04-26T02:35:24,jetson,,,stage,element2,process_total,132,,,1,
20260426_023405,2026-04-26T02:35:24,jetson,,,stage,detail1,process_total,442,,,5,
20260426_023405,2026-04-26T02:35:24,jetson,,,stage,detail0,process_total,462,,,5,
20260426_023405,2026-04-26T02:35:24,jetson,/mnt/windows_share/20260425220419/E1/06073_-13190000_1777127106329.jpg,100,stage,detect,save_json,18,0,0,,
20260426_023405,2026-04-26T02:35:24,jetson,/mnt/windows_share/20260425220419/E1/06073_-13190000_1777127106329.jpg,100,stage,detect,detect_process_total,607,,,,
20260426_023405,2026-04-26T02:35:24,jetson,/mnt/windows_share/20260425220419/E1/06073_-13190000_1777127106329.jpg,100,stage,shell,file_total,607,0,0,,
20260426_023405,2026-04-26T02:35:24,jetson,,,stage,detail1,process_total,343,,,5,
20260426_023405,2026-04-26T02:35:24,jetson,/mnt/windows_share/20260425220419/E1/06072_-13192750_1777127106230.jpg,100,stage,detect,save_json,21,0,0,,
20260426_023405,2026-04-26T02:35:24,jetson,/mnt/windows_share/20260425220419/E1/06072_-13192750_1777127106230.jpg,100,stage,detect,detect_process_total,629,,,,
20260426_023405,2026-04-26T02:35:24,jetson,/mnt/windows_share/20260425220419/E1/06072_-13192750_1777127106230.jpg,100,stage,shell,file_total,629,0,0,,
20260426_023405,2026-04-26T02:35:24,jetson,,,stage,detail0,process_total,351,,,5,
20260426_023405,2026-04-26T02:35:24,jetson,,,stage,detail1,process_total,180,,,5,
20260426_023405,2026-04-26T02:35:24,jetson,,,stage,detail0,process_total,192,,,5,
20260426_023405,2026-04-26T02:35:24,jetson,/mnt/windows_share/20260425220419/E1/06074_-13187250_1777127106425.jpg,100,stage,detect,save_json,30,0,0,,
20260426_023405,2026-04-26T02:35:24,jetson,/mnt/windows_share/20260425220419/E1/06074_-13187250_1777127106425.jpg,100,stage,detect,detect_process_total,614,,,,
20260426_023405,2026-04-26T02:35:24,jetson,/mnt/windows_share/20260425220419/E1/06074_-13187250_1777127106425.jpg,100,stage,shell,file_total,615,0,0,,
20260426_023405,2026-04-26T02:35:24,jetson,/mnt/windows_share/20260425220419/E1/06075_-13184500_1777127106523.jpg,100,stage,detect,save_json,35,0,0,,
20260426_023405,2026-04-26T02:35:24,jetson,/mnt/windows_share/20260425220419/E1/06075_-13184500_1777127106523.jpg,100,stage,detect,detect_process_total,479,,,,
20260426_023405,2026-04-26T02:35:24,jetson,/mnt/windows_share/20260425220419/E1/06075_-13184500_1777127106523.jpg,100,stage,shell,file_total,479,0,0,,
20260426_023405,2026-04-26T02:35:24,jetson,/mnt/windows_share/20260425220419/E1/06076_-13181750_1777127106618.jpg,100,stage,detect,read_image,98,,,,
20260426_023405,2026-04-26T02:35:24,jetson,/mnt/windows_share/20260425220419/E1/06077_-13179000_1777127106713.jpg,100,stage,detect,read_image,94,,,,
20260426_023405,2026-04-26T02:35:24,jetson,,,stage,area1,process_total,25,,,1,
20260426_023405,2026-04-26T02:35:24,jetson,/mnt/windows_share/20260425220419/E1/06078_-13176000_1777127106810.jpg,100,stage,detect,read_image,99,,,,
20260426_023405,2026-04-26T02:35:24,jetson,,,stage,area1,process_total,41,,,1,
20260426_023405,2026-04-26T02:35:24,jetson,,,stage,area0,process_total,60,,,1,
20260426_023405,2026-04-26T02:35:24,jetson,,,stage,area0,process_total,76,,,1,
20260426_023405,2026-04-26T02:35:24,jetson,/mnt/windows_share/20260425220419/E1/06079_-13173250_1777127106909.jpg,100,stage,detect,read_image,116,,,,
20260426_023405,2026-04-26T02:35:24,jetson,,,stage,area1,process_total,58,,,1,
20260426_023405,2026-04-26T02:35:24,jetson,,,stage,area0,process_total,140,,,1,
20260426_023405,2026-04-26T02:35:25,jetson,,,stage,element1,process_total,145,,,1,
20260426_023405,2026-04-26T02:35:25,jetson,,,stage,element1,process_total,148,,,1,
20260426_023405,2026-04-26T02:35:25,jetson,,,stage,area0,process_total,156,,,1,
20260426_023405,2026-04-26T02:35:25,jetson,,,stage,area1,process_total,155,,,1,
20260426_023405,2026-04-26T02:35:25,jetson,,,stage,element2,process_total,220,,,1,
20260426_023405,2026-04-26T02:35:25,jetson,,,stage,element2,process_total,206,,,1,
20260426_023405,2026-04-26T02:35:25,jetson,,,stage,element0,process_total,249,,,2,
20260426_023405,2026-04-26T02:35:25,jetson,,,stage,element1,process_total,134,,,1,
20260426_023405,2026-04-26T02:35:25,jetson,,,stage,element1,process_total,119,,,1,
20260426_023405,2026-04-26T02:35:25,jetson,,,stage,element2,process_total,187,,,1,
20260426_023405,2026-04-26T02:35:25,jetson,,,stage,element2,process_total,157,,,1,
20260426_023405,2026-04-26T02:35:25,jetson,,,stage,detail0,process_total,401,,,4,
20260426_023405,2026-04-26T02:35:25,jetson,,,stage,detail1,process_total,433,,,5,
20260426_023405,2026-04-26T02:35:25,jetson,,,stage,detail1,process_total,309,,,4,
20260426_023405,2026-04-26T02:35:25,jetson,,,stage,detail1,process_total,405,,,5,
20260426_023405,2026-04-26T02:35:25,jetson,,,stage,detail0,process_total,310,,,4,
20260426_023405,2026-04-26T02:35:25,jetson,,,stage,detail0,process_total,409,,,5,
20260426_023405,2026-04-26T02:35:25,jetson,,,stage,detail1,process_total,259,,,5,
20260426_023405,2026-04-26T02:35:25,jetson,,,stage,detail0,process_total,266,,,5,
20260426_023405,2026-04-26T02:35:25,jetson,/mnt/windows_share/20260425220419/E1/06076_-13181750_1777127106618.jpg,100,stage,detect,save_json,22,0,0,,
20260426_023405,2026-04-26T02:35:25,jetson,/mnt/windows_share/20260425220419/E1/06076_-13181750_1777127106618.jpg,100,stage,detect,detect_process_total,617,,,,
20260426_023405,2026-04-26T02:35:25,jetson,/mnt/windows_share/20260425220419/E1/06076_-13181750_1777127106618.jpg,100,stage,shell,file_total,618,0,0,,
20260426_023405,2026-04-26T02:35:25,jetson,/mnt/windows_share/20260425220419/E1/06078_-13176000_1777127106810.jpg,100,stage,detect,save_json,19,0,0,,
20260426_023405,2026-04-26T02:35:25,jetson,/mnt/windows_share/20260425220419/E1/06078_-13176000_1777127106810.jpg,100,stage,detect,detect_process_total,577,,,,
20260426_023405,2026-04-26T02:35:25,jetson,/mnt/windows_share/20260425220419/E1/06078_-13176000_1777127106810.jpg,100,stage,shell,file_total,577,0,0,,
20260426_023405,2026-04-26T02:35:25,jetson,/mnt/windows_share/20260425220419/E1/06077_-13179000_1777127106713.jpg,100,stage,detect,save_json,21,0,0,,
20260426_023405,2026-04-26T02:35:25,jetson,/mnt/windows_share/20260425220419/E1/06077_-13179000_1777127106713.jpg,100,stage,detect,detect_process_total,615,,,,
20260426_023405,2026-04-26T02:35:25,jetson,/mnt/windows_share/20260425220419/E1/06077_-13179000_1777127106713.jpg,100,stage,shell,file_total,615,0,0,,
20260426_023405,2026-04-26T02:35:25,jetson,/mnt/windows_share/20260425220419/E1/06079_-13173250_1777127106909.jpg,100,stage,detect,save_json,37,0,0,,
20260426_023405,2026-04-26T02:35:25,jetson,/mnt/windows_share/20260425220419/E1/06079_-13173250_1777127106909.jpg,100,stage,detect,detect_process_total,580,,,,
20260426_023405,2026-04-26T02:35:25,jetson,/mnt/windows_share/20260425220419/E1/06079_-13173250_1777127106909.jpg,100,stage,shell,file_total,580,0,0,,
20260426_023405,2026-04-26T02:35:25,jetson,/mnt/windows_share/20260425220419/E1/06080_-13170500_1777127107006.jpg,100,stage,detect,read_image,91,,,,
20260426_023405,2026-04-26T02:35:25,jetson,/mnt/windows_share/20260425220419/E1/06081_-13168000_1777127107103.jpg,100,stage,detect,read_image,95,,,,
20260426_023405,2026-04-26T02:35:25,jetson,,,stage,area1,process_total,25,,,1,
20260426_023405,2026-04-26T02:35:25,jetson,/mnt/windows_share/20260425220419/E1/06083_-13162250_1777127107294.jpg,100,stage,detect,read_image,89,,,,
20260426_023405,2026-04-26T02:35:25,jetson,/mnt/windows_share/20260425220419/E1/06082_-13165250_1777127107199.jpg,100,stage,detect,read_image,131,,,,
20260426_023405,2026-04-26T02:35:25,jetson,,,stage,area0,process_total,41,,,1,
20260426_023405,2026-04-26T02:35:25,jetson,,,stage,area1,process_total,53,,,1,
20260426_023405,2026-04-26T02:35:25,jetson,,,stage,area0,process_total,55,,,1,
20260426_023405,2026-04-26T02:35:25,jetson,,,stage,area0,process_total,66,,,1,
20260426_023405,2026-04-26T02:35:25,jetson,,,stage,element1,process_total,108,,,1,
20260426_023405,2026-04-26T02:35:25,jetson,,,stage,area1,process_total,134,,,1,
20260426_023405,2026-04-26T02:35:25,jetson,,,stage,area0,process_total,154,,,1,
20260426_023405,2026-04-26T02:35:25,jetson,,,stage,element1,process_total,147,,,1,
20260426_023405,2026-04-26T02:35:25,jetson,,,stage,area1,process_total,169,,,1,
20260426_023405,2026-04-26T02:35:25,jetson,,,stage,element2,process_total,219,,,1,
20260426_023405,2026-04-26T02:35:25,jetson,,,stage,element2,process_total,234,,,1,
20260426_023405,2026-04-26T02:35:25,jetson,,,stage,element1,process_total,136,,,1,
20260426_023405,2026-04-26T02:35:25,jetson,,,stage,element1,process_total,116,,,1,
20260426_023405,2026-04-26T02:35:25,jetson,,,stage,element2,process_total,176,,,1,
20260426_023405,2026-04-26T02:35:25,jetson,,,stage,element2,process_total,151,,,1,
20260426_023405,2026-04-26T02:35:25,jetson,,,stage,detail1,process_total,341,,,4,
20260426_023405,2026-04-26T02:35:25,jetson,,,stage,detail0,process_total,345,,,4,
20260426_023405,2026-04-26T02:35:25,jetson,,,stage,detail1,process_total,378,,,5,
20260426_023405,2026-04-26T02:35:25,jetson,/mnt/windows_share/20260425220419/E1/06080_-13170500_1777127107006.jpg,100,stage,detect,save_json,16,0,0,,
20260426_023405,2026-04-26T02:35:25,jetson,/mnt/windows_share/20260425220419/E1/06080_-13170500_1777127107006.jpg,100,stage,detect,detect_process_total,519,,,,
20260426_023405,2026-04-26T02:35:25,jetson,/mnt/windows_share/20260425220419/E1/06080_-13170500_1777127107006.jpg,100,stage,shell,file_total,519,0,0,,
20260426_023405,2026-04-26T02:35:25,jetson,,,stage,detail1,process_total,278,,,4,
20260426_023405,2026-04-26T02:35:25,jetson,,,stage,detail0,process_total,397,,,5,
20260426_023405,2026-04-26T02:35:25,jetson,,,stage,detail0,process_total,289,,,4,
20260426_023405,2026-04-26T02:35:25,jetson,,,stage,detail0,process_total,257,,,5,
20260426_023405,2026-04-26T02:35:25,jetson,,,stage,detail1,process_total,259,,,5,
20260426_023405,2026-04-26T02:35:25,jetson,/mnt/windows_share/20260425220419/E1/06081_-13168000_1777127107103.jpg,100,stage,detect,save_json,30,0,0,,
20260426_023405,2026-04-26T02:35:25,jetson,/mnt/windows_share/20260425220419/E1/06081_-13168000_1777127107103.jpg,100,stage,detect,detect_process_total,572,,,,
20260426_023405,2026-04-26T02:35:25,jetson,/mnt/windows_share/20260425220419/E1/06081_-13168000_1777127107103.jpg,100,stage,shell,file_total,572,0,0,,
20260426_023405,2026-04-26T02:35:25,jetson,/mnt/windows_share/20260425220419/E1/06083_-13162250_1777127107294.jpg,100,stage,detect,save_json,29,0,0,,
20260426_023405,2026-04-26T02:35:25,jetson,/mnt/windows_share/20260425220419/E1/06083_-13162250_1777127107294.jpg,100,stage,detect,detect_process_total,548,,,,
20260426_023405,2026-04-26T02:35:25,jetson,/mnt/windows_share/20260425220419/E1/06083_-13162250_1777127107294.jpg,100,stage,shell,file_total,549,0,0,,
20260426_023405,2026-04-26T02:35:25,jetson,/mnt/windows_share/20260425220419/E1/06082_-13165250_1777127107199.jpg,100,stage,detect,save_json,21,0,0,,
20260426_023405,2026-04-26T02:35:25,jetson,/mnt/windows_share/20260425220419/E1/06082_-13165250_1777127107199.jpg,100,stage,detect,detect_process_total,582,,,,
20260426_023405,2026-04-26T02:35:25,jetson,/mnt/windows_share/20260425220419/E1/06082_-13165250_1777127107199.jpg,100,stage,shell,file_total,582,0,0,,
20260426_023405,2026-04-26T02:35:25,jetson,/mnt/windows_share/20260425220419/E1/06084_-13159500_1777127107396.jpg,100,stage,detect,read_image,78,,,,
20260426_023405,2026-04-26T02:35:25,jetson,,,stage,area1,process_total,26,,,1,
20260426_023405,2026-04-26T02:35:25,jetson,,,stage,area0,process_total,34,,,1,
20260426_023405,2026-04-26T02:35:26,jetson,/mnt/windows_share/20260425220419/E1/06085_-13156750_1777127107493.jpg,100,stage,detect,read_image,105,,,,
20260426_023405,2026-04-26T02:35:26,jetson,/mnt/windows_share/20260425220419/E1/06086_-13154250_1777127107591.jpg,100,stage,detect,read_image,102,,,,
20260426_023405,2026-04-26T02:35:26,jetson,/mnt/windows_share/20260425220419/E1/06087_-13151250_1777127107690.jpg,100,stage,detect,read_image,110,,,,
20260426_023405,2026-04-26T02:35:26,jetson,,,stage,element1,process_total,89,,,1,
20260426_023405,2026-04-26T02:35:26,jetson,,,stage,element2,process_total,133,,,1,
20260426_023405,2026-04-26T02:35:26,jetson,,,stage,element0,process_total,122,,,2,
20260426_023405,2026-04-26T02:35:26,jetson,,,stage,area0,process_total,103,,,1,
20260426_023405,2026-04-26T02:35:26,jetson,,,stage,area1,process_total,102,,,1,
20260426_023405,2026-04-26T02:35:26,jetson,,,stage,area0,process_total,82,,,1,
20260426_023405,2026-04-26T02:35:26,jetson,,,stage,area0,process_total,95,,,1,
20260426_023405,2026-04-26T02:35:26,jetson,,,stage,area1,process_total,95,,,1,
20260426_023405,2026-04-26T02:35:26,jetson,,,stage,area1,process_total,114,,,1,
20260426_023405,2026-04-26T02:35:26,jetson,,,stage,element1,process_total,132,,,1,
20260426_023405,2026-04-26T02:35:26,jetson,,,stage,element1,process_total,137,,,1,
20260426_023405,2026-04-26T02:35:26,jetson,,,stage,detail0,process_total,300,,,5,
20260426_023405,2026-04-26T02:35:26,jetson,,,stage,element1,process_total,121,,,1,
20260426_023405,2026-04-26T02:35:26,jetson,,,stage,element2,process_total,191,,,1,
20260426_023405,2026-04-26T02:35:26,jetson,,,stage,element2,process_total,187,,,1,
20260426_023405,2026-04-26T02:35:26,jetson,,,stage,element2,process_total,173,,,1,
20260426_023405,2026-04-26T02:35:26,jetson,,,stage,detail1,process_total,398,,,5,
20260426_023405,2026-04-26T02:35:26,jetson,/mnt/windows_share/20260425220419/E1/06084_-13159500_1777127107396.jpg,100,stage,detect,save_json,27,0,0,,
20260426_023405,2026-04-26T02:35:26,jetson,/mnt/windows_share/20260425220419/E1/06084_-13159500_1777127107396.jpg,100,stage,detect,detect_process_total,540,,,,
20260426_023405,2026-04-26T02:35:26,jetson,/mnt/windows_share/20260425220419/E1/06084_-13159500_1777127107396.jpg,100,stage,shell,file_total,540,0,0,,
20260426_023405,2026-04-26T02:35:26,jetson,,,stage,detail1,process_total,292,,,4,
20260426_023405,2026-04-26T02:35:26,jetson,,,stage,detail0,process_total,298,,,4,
20260426_023405,2026-04-26T02:35:26,jetson,,,stage,detail1,process_total,305,,,5,
20260426_023405,2026-04-26T02:35:26,jetson,,,stage,detail1,process_total,279,,,5,
20260426_023405,2026-04-26T02:35:26,jetson,,,stage,detail0,process_total,313,,,5,
20260426_023405,2026-04-26T02:35:26,jetson,,,stage,detail0,process_total,285,,,5,
20260426_023405,2026-04-26T02:35:26,jetson,/mnt/windows_share/20260425220419/E1/06085_-13156750_1777127107493.jpg,100,stage,detect,save_json,24,0,0,,
20260426_023405,2026-04-26T02:35:26,jetson,/mnt/windows_share/20260425220419/E1/06085_-13156750_1777127107493.jpg,100,stage,detect,detect_process_total,534,,,,
20260426_023405,2026-04-26T02:35:26,jetson,/mnt/windows_share/20260425220419/E1/06085_-13156750_1777127107493.jpg,100,stage,shell,file_total,534,0,0,,
20260426_023405,2026-04-26T02:35:26,jetson,/mnt/windows_share/20260425220419/E1/06086_-13154250_1777127107591.jpg,100,stage,detect,save_json,22,0,0,,
20260426_023405,2026-04-26T02:35:26,jetson,/mnt/windows_share/20260425220419/E1/06086_-13154250_1777127107591.jpg,100,stage,detect,detect_process_total,536,,,,
20260426_023405,2026-04-26T02:35:26,jetson,/mnt/windows_share/20260425220419/E1/06086_-13154250_1777127107591.jpg,100,stage,shell,file_total,537,0,0,,
20260426_023405,2026-04-26T02:35:26,jetson,/mnt/windows_share/20260425220419/E1/06087_-13151250_1777127107690.jpg,100,stage,detect,save_json,20,0,0,,
20260426_023405,2026-04-26T02:35:26,jetson,/mnt/windows_share/20260425220419/E1/06087_-13151250_1777127107690.jpg,100,stage,detect,detect_process_total,536,,,,
20260426_023405,2026-04-26T02:35:26,jetson,/mnt/windows_share/20260425220419/E1/06087_-13151250_1777127107690.jpg,100,stage,shell,file_total,536,0,0,,
20260426_023405,2026-04-26T02:35:26,jetson,/mnt/windows_share/20260425220419/E1/06088_-13148500_1777127107789.jpg,100,stage,detect,read_image,89,,,,
20260426_023405,2026-04-26T02:35:26,jetson,,,stage,area1,process_total,24,,,1,
20260426_023405,2026-04-26T02:35:26,jetson,,,stage,area0,process_total,32,,,1,
20260426_023405,2026-04-26T02:35:26,jetson,/mnt/windows_share/20260425220419/E1/06089_-13145750_1777127107890.jpg,100,stage,detect,read_image,87,,,,
20260426_023405,2026-04-26T02:35:26,jetson,/mnt/windows_share/20260425220419/E1/06091_-13140000_1777127108090.jpg,100,stage,detect,read_image,99,,,,
20260426_023405,2026-04-26T02:35:26,jetson,/mnt/windows_share/20260425220419/E1/06090_-13143000_1777127107989.jpg,100,stage,detect,read_image,108,,,,
20260426_023405,2026-04-26T02:35:26,jetson,,,stage,element1,process_total,55,,,1,
20260426_023405,2026-04-26T02:35:26,jetson,,,stage,area1,process_total,44,,,1,
20260426_023405,2026-04-26T02:35:26,jetson,,,stage,area0,process_total,48,,,1,
20260426_023405,2026-04-26T02:35:26,jetson,,,stage,element1,process_total,107,,,1,
20260426_023405,2026-04-26T02:35:26,jetson,,,stage,area1,process_total,136,,,1,
20260426_023405,2026-04-26T02:35:26,jetson,,,stage,area0,process_total,128,,,1,
20260426_023405,2026-04-26T02:35:26,jetson,,,stage,area0,process_total,135,,,1,
20260426_023405,2026-04-26T02:35:26,jetson,,,stage,area1,process_total,146,,,1,
20260426_023405,2026-04-26T02:35:26,jetson,,,stage,element2,process_total,244,,,1,
20260426_023405,2026-04-26T02:35:26,jetson,,,stage,element2,process_total,231,,,1,
20260426_023405,2026-04-26T02:35:26,jetson,,,stage,element0,process_total,227,,,2,
20260426_023405,2026-04-26T02:35:26,jetson,,,stage,element1,process_total,126,,,1,
20260426_023405,2026-04-26T02:35:26,jetson,,,stage,detail0,process_total,312,,,5,
20260426_023405,2026-04-26T02:35:26,jetson,,,stage,element1,process_total,138,,,1,
20260426_023405,2026-04-26T02:35:26,jetson,,,stage,element2,process_total,184,,,1,
20260426_023405,2026-04-26T02:35:26,jetson,,,stage,detail1,process_total,374,,,5,
20260426_023405,2026-04-26T02:35:26,jetson,,,stage,element2,process_total,169,,,1,
20260426_023405,2026-04-26T02:35:26,jetson,/mnt/windows_share/20260425220419/E1/06088_-13148500_1777127107789.jpg,100,stage,detect,save_json,22,0,0,,
20260426_023405,2026-04-26T02:35:26,jetson,/mnt/windows_share/20260425220419/E1/06088_-13148500_1777127107789.jpg,100,stage,detect,detect_process_total,521,,,,
20260426_023405,2026-04-26T02:35:26,jetson,/mnt/windows_share/20260425220419/E1/06088_-13148500_1777127107789.jpg,100,stage,shell,file_total,521,0,0,,
20260426_023405,2026-04-26T02:35:26,jetson,,,stage,detail1,process_total,405,,,5,
20260426_023405,2026-04-26T02:35:26,jetson,,,stage,detail0,process_total,397,,,5,
20260426_023405,2026-04-26T02:35:26,jetson,,,stage,detail0,process_total,282,,,4,
20260426_023405,2026-04-26T02:35:26,jetson,,,stage,detail1,process_total,300,,,5,
20260426_023405,2026-04-26T02:35:27,jetson,/mnt/windows_share/20260425220419/E1/06092_-13137250_1777127108191.jpg,100,stage,detect,read_image,86,,,,
20260426_023405,2026-04-26T02:35:27,jetson,,,stage,detail1,process_total,292,,,5,
20260426_023405,2026-04-26T02:35:27,jetson,/mnt/windows_share/20260425220419/E1/06089_-13145750_1777127107890.jpg,100,stage,detect,save_json,16,0,0,,
20260426_023405,2026-04-26T02:35:27,jetson,/mnt/windows_share/20260425220419/E1/06089_-13145750_1777127107890.jpg,100,stage,detect,detect_process_total,569,,,,
20260426_023405,2026-04-26T02:35:27,jetson,,,stage,detail0,process_total,312,,,5,
20260426_023405,2026-04-26T02:35:27,jetson,/mnt/windows_share/20260425220419/E1/06089_-13145750_1777127107890.jpg,100,stage,shell,file_total,570,0,0,,
20260426_023405,2026-04-26T02:35:27,jetson,,,stage,area0,process_total,21,,,1,
20260426_023405,2026-04-26T02:35:27,jetson,/mnt/windows_share/20260425220419/E1/06090_-13143000_1777127107989.jpg,100,stage,detect,save_json,15,0,0,,
20260426_023405,2026-04-26T02:35:27,jetson,/mnt/windows_share/20260425220419/E1/06090_-13143000_1777127107989.jpg,100,stage,detect,detect_process_total,566,,,,
20260426_023405,2026-04-26T02:35:27,jetson,/mnt/windows_share/20260425220419/E1/06090_-13143000_1777127107989.jpg,100,stage,shell,file_total,566,0,0,,
20260426_023405,2026-04-26T02:35:27,jetson,/mnt/windows_share/20260425220419/E1/06091_-13140000_1777127108090.jpg,100,stage,detect,save_json,14,0,0,,
20260426_023405,2026-04-26T02:35:27,jetson,/mnt/windows_share/20260425220419/E1/06091_-13140000_1777127108090.jpg,100,stage,detect,detect_process_total,567,,,,
20260426_023405,2026-04-26T02:35:27,jetson,/mnt/windows_share/20260425220419/E1/06091_-13140000_1777127108090.jpg,100,stage,shell,file_total,567,0,0,,
20260426_023405,2026-04-26T02:35:27,jetson,,,stage,area1,process_total,28,,,1,
20260426_023405,2026-04-26T02:35:27,jetson,,,stage,element1,process_total,29,,,1,
20260426_023405,2026-04-26T02:35:27,jetson,,,stage,element2,process_total,61,,,1,
20260426_023405,2026-04-26T02:35:27,jetson,/mnt/windows_share/20260425220419/E1/06093_-13134500_1777127108291.jpg,100,stage,detect,read_image,85,,,,
20260426_023405,2026-04-26T02:35:27,jetson,/mnt/windows_share/20260425220419/E1/06095_-13129000_1777127108488.jpg,100,stage,detect,read_image,96,,,,
20260426_023405,2026-04-26T02:35:27,jetson,/mnt/windows_share/20260425220419/E1/06094_-13132000_1777127108389.jpg,100,stage,detect,read_image,99,,,,
20260426_023405,2026-04-26T02:35:27,jetson,,,stage,area0,process_total,40,,,1,
20260426_023405,2026-04-26T02:35:27,jetson,,,stage,area1,process_total,59,,,1,
20260426_023405,2026-04-26T02:35:27,jetson,,,stage,detail0,process_total,135,,,5,
20260426_023405,2026-04-26T02:35:27,jetson,,,stage,detail1,process_total,180,,,5,
20260426_023405,2026-04-26T02:35:27,jetson,,,stage,area1,process_total,87,,,1,
20260426_023405,2026-04-26T02:35:27,jetson,,,stage,area1,process_total,91,,,1,
20260426_023405,2026-04-26T02:35:27,jetson,,,stage,area0,process_total,91,,,1,
20260426_023405,2026-04-26T02:35:27,jetson,,,stage,area0,process_total,98,,,1,
20260426_023405,2026-04-26T02:35:27,jetson,/mnt/windows_share/20260425220419/E1/06092_-13137250_1777127108191.jpg,100,stage,detect,save_json,14,0,0,,
20260426_023405,2026-04-26T02:35:27,jetson,/mnt/windows_share/20260425220419/E1/06092_-13137250_1777127108191.jpg,100,stage,detect,detect_process_total,313,,,,
20260426_023405,2026-04-26T02:35:27,jetson,/mnt/windows_share/20260425220419/E1/06092_-13137250_1777127108191.jpg,100,stage,shell,file_total,313,0,0,,
20260426_023405,2026-04-26T02:35:27,jetson,,,stage,element1,process_total,133,,,1,
20260426_023405,2026-04-26T02:35:27,jetson,/mnt/windows_share/20260425220419/E1/06096_-13126250_1777127108582.jpg,100,stage,detect,read_image,90,,,,
20260426_023405,2026-04-26T02:35:27,jetson,,,stage,element1,process_total,123,,,1,
20260426_023405,2026-04-26T02:35:27,jetson,,,stage,element2,process_total,209,,,1,
20260426_023405,2026-04-26T02:35:27,jetson,,,stage,element1,process_total,151,,,1,
20260426_023405,2026-04-26T02:35:27,jetson,,,stage,element2,process_total,190,,,1,
20260426_023405,2026-04-26T02:35:27,jetson,,,stage,element2,process_total,187,,,1,
20260426_023405,2026-04-26T02:35:27,jetson,,,stage,area0,process_total,105,,,1,
20260426_023405,2026-04-26T02:35:27,jetson,,,stage,area1,process_total,108,,,1,
20260426_023405,2026-04-26T02:35:27,jetson,,,stage,element1,process_total,91,,,1,
20260426_023405,2026-04-26T02:35:27,jetson,,,stage,detail1,process_total,342,,,4,
20260426_023405,2026-04-26T02:35:27,jetson,,,stage,detail0,process_total,355,,,4,
20260426_023405,2026-04-26T02:35:27,jetson,,,stage,detail1,process_total,414,,,5,
20260426_023405,2026-04-26T02:35:27,jetson,,,stage,element2,process_total,152,,,1,
20260426_023405,2026-04-26T02:35:27,jetson,,,stage,detail0,process_total,423,,,5,
20260426_023405,2026-04-26T02:35:27,jetson,/mnt/windows_share/20260425220419/E1/06094_-13132000_1777127108389.jpg,100,stage,detect,save_json,16,0,0,,
20260426_023405,2026-04-26T02:35:27,jetson,/mnt/windows_share/20260425220419/E1/06094_-13132000_1777127108389.jpg,100,stage,detect,detect_process_total,566,,,,
20260426_023405,2026-04-26T02:35:27,jetson,/mnt/windows_share/20260425220419/E1/06094_-13132000_1777127108389.jpg,100,stage,shell,file_total,566,0,0,,
20260426_023405,2026-04-26T02:35:27,jetson,,,stage,detail1,process_total,370,,,5,
20260426_023405,2026-04-26T02:35:27,jetson,,,stage,detail0,process_total,376,,,5,
20260426_023405,2026-04-26T02:35:27,jetson,/mnt/windows_share/20260425220419/E1/06093_-13134500_1777127108291.jpg,100,stage,detect,save_json,21,0,0,,
20260426_023405,2026-04-26T02:35:27,jetson,/mnt/windows_share/20260425220419/E1/06093_-13134500_1777127108291.jpg,100,stage,detect,detect_process_total,593,,,,
20260426_023405,2026-04-26T02:35:27,jetson,/mnt/windows_share/20260425220419/E1/06093_-13134500_1777127108291.jpg,100,stage,shell,file_total,593,0,0,,
20260426_023405,2026-04-26T02:35:27,jetson,,,stage,detail1,process_total,178,,,4,
20260426_023405,2026-04-26T02:35:27,jetson,,,stage,detail0,process_total,186,,,4,
20260426_023405,2026-04-26T02:35:27,jetson,/mnt/windows_share/20260425220419/E1/06095_-13129000_1777127108488.jpg,100,stage,detect,save_json,24,0,0,,
20260426_023405,2026-04-26T02:35:27,jetson,/mnt/windows_share/20260425220419/E1/06095_-13129000_1777127108488.jpg,100,stage,detect,detect_process_total,599,,,,
20260426_023405,2026-04-26T02:35:27,jetson,/mnt/windows_share/20260425220419/E1/06095_-13129000_1777127108488.jpg,100,stage,shell,file_total,599,0,0,,
20260426_023405,2026-04-26T02:35:27,jetson,/mnt/windows_share/20260425220419/E1/06096_-13126250_1777127108582.jpg,100,stage,detect,save_json,46,0,0,,
20260426_023405,2026-04-26T02:35:27,jetson,/mnt/windows_share/20260425220419/E1/06096_-13126250_1777127108582.jpg,100,stage,detect,detect_process_total,435,,,,
20260426_023405,2026-04-26T02:35:27,jetson,/mnt/windows_share/20260425220419/E1/06096_-13126250_1777127108582.jpg,100,stage,shell,file_total,435,0,0,,
20260426_023405,2026-04-26T02:35:27,jetson,/mnt/windows_share/20260425220419/E1/06097_-13123500_1777127108683.jpg,100,stage,detect,read_image,84,,,,
20260426_023405,2026-04-26T02:35:27,jetson,,,stage,area0,process_total,21,,,1,
20260426_023405,2026-04-26T02:35:27,jetson,,,stage,area1,process_total,29,,,1,
20260426_023405,2026-04-26T02:35:27,jetson,/mnt/windows_share/20260425220419/E1/06098_-13120500_1777127108789.jpg,100,stage,detect,read_image,121,,,,
20260426_023405,2026-04-26T02:35:27,jetson,/mnt/windows_share/20260425220419/E1/06099_-13117750_1777127108895.jpg,100,stage,detect,read_image,116,,,,
20260426_023405,2026-04-26T02:35:27,jetson,/mnt/windows_share/20260425220419/E1/06100_-13114750_1777127108998.jpg,100,stage,detect,read_image,103,,,,
20260426_023405,2026-04-26T02:35:27,jetson,,,stage,element1,process_total,101,,,1,
20260426_023405,2026-04-26T02:35:27,jetson,,,stage,area0,process_total,112,,,1,
20260426_023405,2026-04-26T02:35:27,jetson,,,stage,area1,process_total,106,,,1,
20260426_023405,2026-04-26T02:35:27,jetson,,,stage,area0,process_total,102,,,1,
20260426_023405,2026-04-26T02:35:27,jetson,,,stage,area1,process_total,94,,,1,
20260426_023405,2026-04-26T02:35:27,jetson,,,stage,area0,process_total,110,,,1,
20260426_023405,2026-04-26T02:35:27,jetson,,,stage,area1,process_total,115,,,1,
20260426_023405,2026-04-26T02:35:27,jetson,,,stage,element2,process_total,220,,,1,
20260426_023405,2026-04-26T02:35:28,jetson,,,stage,detail1,process_total,294,,,5,
20260426_023405,2026-04-26T02:35:28,jetson,,,stage,element1,process_total,153,,,1,
20260426_023405,2026-04-26T02:35:28,jetson,,,stage,element1,process_total,166,,,1,
20260426_023405,2026-04-26T02:35:28,jetson,,,stage,element1,process_total,149,,,1,
20260426_023405,2026-04-26T02:35:28,jetson,,,stage,element2,process_total,210,,,1,
20260426_023405,2026-04-26T02:35:28,jetson,,,stage,element2,process_total,222,,,1,
20260426_023405,2026-04-26T02:35:28,jetson,,,stage,element2,process_total,193,,,1,
20260426_023405,2026-04-26T02:35:28,jetson,,,stage,detail0,process_total,402,,,5,
20260426_023405,2026-04-26T02:35:28,jetson,/mnt/windows_share/20260425220419/E1/06097_-13123500_1777127108683.jpg,100,stage,detect,save_json,16,0,0,,
20260426_023405,2026-04-26T02:35:28,jetson,/mnt/windows_share/20260425220419/E1/06097_-13123500_1777127108683.jpg,100,stage,detect,detect_process_total,535,,,,
20260426_023405,2026-04-26T02:35:28,jetson,/mnt/windows_share/20260425220419/E1/06097_-13123500_1777127108683.jpg,100,stage,shell,file_total,535,0,0,,
20260426_023405,2026-04-26T02:35:28,jetson,,,stage,detail0,process_total,298,,,4,
20260426_023405,2026-04-26T02:35:28,jetson,,,stage,detail1,process_total,345,,,5,
20260426_023405,2026-04-26T02:35:28,jetson,,,stage,detail1,process_total,335,,,5,
20260426_023405,2026-04-26T02:35:28,jetson,,,stage,detail1,process_total,299,,,5,
20260426_023405,2026-04-26T02:35:28,jetson,,,stage,detail0,process_total,347,,,5,
20260426_023405,2026-04-26T02:35:28,jetson,,,stage,detail0,process_total,356,,,6,
20260426_023405,2026-04-26T02:35:28,jetson,/mnt/windows_share/20260425220419/E1/06100_-13114750_1777127108998.jpg,100,stage,detect,save_json,22,0,0,,
20260426_023405,2026-04-26T02:35:28,jetson,/mnt/windows_share/20260425220419/E1/06100_-13114750_1777127108998.jpg,100,stage,detect,detect_process_total,551,,,,
20260426_023405,2026-04-26T02:35:28,jetson,/mnt/windows_share/20260425220419/E1/06100_-13114750_1777127108998.jpg,100,stage,shell,file_total,551,0,0,,
20260426_023405,2026-04-26T02:35:28,jetson,/mnt/windows_share/20260425220419/E1/06101_-13112250_1777127109097.jpg,100,stage,detect,read_image,89,,,,
20260426_023405,2026-04-26T02:35:28,jetson,/mnt/windows_share/20260425220419/E1/06098_-13120500_1777127108789.jpg,100,stage,detect,save_json,19,0,0,,
20260426_023405,2026-04-26T02:35:28,jetson,/mnt/windows_share/20260425220419/E1/06098_-13120500_1777127108789.jpg,100,stage,detect,detect_process_total,609,,,,
20260426_023405,2026-04-26T02:35:28,jetson,/mnt/windows_share/20260425220419/E1/06098_-13120500_1777127108789.jpg,100,stage,shell,file_total,609,0,0,,
20260426_023405,2026-04-26T02:35:28,jetson,/mnt/windows_share/20260425220419/E1/06099_-13117750_1777127108895.jpg,100,stage,detect,save_json,22,0,0,,
20260426_023405,2026-04-26T02:35:28,jetson,/mnt/windows_share/20260425220419/E1/06099_-13117750_1777127108895.jpg,100,stage,detect,detect_process_total,601,,,,
20260426_023405,2026-04-26T02:35:28,jetson,/mnt/windows_share/20260425220419/E1/06099_-13117750_1777127108895.jpg,100,stage,shell,file_total,601,0,0,,
20260426_023405,2026-04-26T02:35:28,jetson,,,stage,area1,process_total,23,,,1,
20260426_023405,2026-04-26T02:35:28,jetson,,,stage,area0,process_total,31,,,1,
20260426_023405,2026-04-26T02:35:28,jetson,/mnt/windows_share/20260425220419/E1/06103_-13106500_1777127109299.jpg,100,stage,detect,read_image,88,,,,
20260426_023405,2026-04-26T02:35:28,jetson,,,stage,element0,process_total,73,,,2,
20260426_023405,2026-04-26T02:35:28,jetson,/mnt/windows_share/20260425220419/E1/06102_-13109250_1777127109200.jpg,100,stage,detect,read_image,112,,,,
20260426_023405,2026-04-26T02:35:28,jetson,/mnt/windows_share/20260425220419/E1/06104_-13103750_1777127109401.jpg,100,stage,detect,read_image,108,,,,
20260426_023405,2026-04-26T02:35:28,jetson,,,stage,element1,process_total,93,,,1,
20260426_023405,2026-04-26T02:35:28,jetson,,,stage,area1,process_total,88,,,1,
20260426_023405,2026-04-26T02:35:28,jetson,,,stage,element2,process_total,150,,,1,
20260426_023405,2026-04-26T02:35:28,jetson,,,stage,area0,process_total,97,,,1,
20260426_023405,2026-04-26T02:35:28,jetson,,,stage,area1,process_total,92,,,1,
20260426_023405,2026-04-26T02:35:28,jetson,,,stage,area0,process_total,94,,,1,
20260426_023405,2026-04-26T02:35:28,jetson,,,stage,area0,process_total,104,,,1,
20260426_023405,2026-04-26T02:35:28,jetson,,,stage,area1,process_total,96,,,1,
20260426_023405,2026-04-26T02:35:28,jetson,,,stage,element1,process_total,170,,,1,
20260426_023405,2026-04-26T02:35:28,jetson,,,stage,element1,process_total,162,,,1,
20260426_023405,2026-04-26T02:35:28,jetson,,,stage,element1,process_total,155,,,1,
20260426_023405,2026-04-26T02:35:28,jetson,,,stage,element2,process_total,236,,,1,
20260426_023405,2026-04-26T02:35:28,jetson,,,stage,element2,process_total,212,,,1,
20260426_023405,2026-04-26T02:35:28,jetson,,,stage,element2,process_total,220,,,1,
20260426_023405,2026-04-26T02:35:28,jetson,,,stage,detail1,process_total,410,,,5,
20260426_023405,2026-04-26T02:35:28,jetson,,,stage,element0,process_total,255,,,2,
20260426_023405,2026-04-26T02:35:28,jetson,,,stage,element0,process_total,233,,,2,
20260426_023405,2026-04-26T02:35:28,jetson,,,stage,detail0,process_total,421,,,5,
20260426_023405,2026-04-26T02:35:28,jetson,/mnt/windows_share/20260425220419/E1/06101_-13112250_1777127109097.jpg,100,stage,detect,save_json,22,0,0,,
20260426_023405,2026-04-26T02:35:28,jetson,/mnt/windows_share/20260425220419/E1/06101_-13112250_1777127109097.jpg,100,stage,detect,detect_process_total,567,,,,
20260426_023405,2026-04-26T02:35:28,jetson,/mnt/windows_share/20260425220419/E1/06101_-13112250_1777127109097.jpg,100,stage,shell,file_total,567,0,0,,
20260426_023405,2026-04-26T02:35:28,jetson,,,stage,detail1,process_total,308,,,4,
20260426_023405,2026-04-26T02:35:28,jetson,,,stage,detail1,process_total,316,,,4,
20260426_023405,2026-04-26T02:35:28,jetson,,,stage,detail0,process_total,318,,,4,
20260426_023405,2026-04-26T02:35:28,jetson,,,stage,detail0,process_total,312,,,4,
20260426_023405,2026-04-26T02:35:28,jetson,,,stage,detail0,process_total,356,,,5,
20260426_023405,2026-04-26T02:35:28,jetson,,,stage,detail1,process_total,357,,,5,
20260426_023405,2026-04-26T02:35:28,jetson,/mnt/windows_share/20260425220419/E1/06102_-13109250_1777127109200.jpg,100,stage,detect,save_json,18,0,0,,
20260426_023405,2026-04-26T02:35:28,jetson,/mnt/windows_share/20260425220419/E1/06102_-13109250_1777127109200.jpg,100,stage,detect,detect_process_total,556,,,,
20260426_023405,2026-04-26T02:35:28,jetson,/mnt/windows_share/20260425220419/E1/06102_-13109250_1777127109200.jpg,100,stage,shell,file_total,556,0,0,,
20260426_023405,2026-04-26T02:35:28,jetson,/mnt/windows_share/20260425220419/E1/06105_-13100750_1777127109503.jpg,100,stage,detect,read_image,79,,,,
20260426_023405,2026-04-26T02:35:28,jetson,/mnt/windows_share/20260425220419/E1/06104_-13103750_1777127109401.jpg,100,stage,detect,save_json,17,0,0,,
20260426_023405,2026-04-26T02:35:28,jetson,/mnt/windows_share/20260425220419/E1/06104_-13103750_1777127109401.jpg,100,stage,detect,detect_process_total,547,,,,
20260426_023405,2026-04-26T02:35:28,jetson,/mnt/windows_share/20260425220419/E1/06104_-13103750_1777127109401.jpg,100,stage,shell,file_total,547,0,0,,
20260426_023405,2026-04-26T02:35:28,jetson,/mnt/windows_share/20260425220419/E1/06103_-13106500_1777127109299.jpg,100,stage,detect,save_json,17,0,0,,
20260426_023405,2026-04-26T02:35:28,jetson,/mnt/windows_share/20260425220419/E1/06103_-13106500_1777127109299.jpg,100,stage,detect,detect_process_total,563,,,,
20260426_023405,2026-04-26T02:35:28,jetson,/mnt/windows_share/20260425220419/E1/06103_-13106500_1777127109299.jpg,100,stage,shell,file_total,563,0,0,,
20260426_023405,2026-04-26T02:35:28,jetson,,,stage,area1,process_total,23,,,1,
20260426_023405,2026-04-26T02:35:28,jetson,,,stage,area0,process_total,30,,,1,
20260426_023405,2026-04-26T02:35:28,jetson,,,stage,element1,process_total,44,,,1,
20260426_023405,2026-04-26T02:35:28,jetson,/mnt/windows_share/20260425220419/E1/06106_-13098250_1777127109606.jpg,100,stage,detect,read_image,97,,,,
20260426_023405,2026-04-26T02:35:28,jetson,/mnt/windows_share/20260425220419/E1/06107_-13095250_1777127109709.jpg,100,stage,detect,read_image,110,,,,
20260426_023405,2026-04-26T02:35:28,jetson,,,stage,area1,process_total,32,,,1,
20260426_023405,2026-04-26T02:35:28,jetson,/mnt/windows_share/20260425220419/E1/06108_-13092500_1777127109810.jpg,100,stage,detect,read_image,154,,,,
20260426_023405,2026-04-26T02:35:28,jetson,,,stage,element2,process_total,131,,,1,
20260426_023405,2026-04-26T02:35:28,jetson,,,stage,detail0,process_total,142,,,5,
20260426_023405,2026-04-26T02:35:28,jetson,,,stage,detail1,process_total,157,,,5,
20260426_023405,2026-04-26T02:35:28,jetson,,,stage,area0,process_total,77,,,1,
20260426_023405,2026-04-26T02:35:28,jetson,,,stage,area0,process_total,75,,,1,
20260426_023405,2026-04-26T02:35:28,jetson,,,stage,area1,process_total,64,,,1,
20260426_023405,2026-04-26T02:35:28,jetson,/mnt/windows_share/20260425220419/E1/06105_-13100750_1777127109503.jpg,100,stage,detect,save_json,16,0,0,,
20260426_023405,2026-04-26T02:35:28,jetson,,,stage,area1,process_total,43,,,1,
20260426_023405,2026-04-26T02:35:28,jetson,/mnt/windows_share/20260425220419/E1/06105_-13100750_1777127109503.jpg,100,stage,detect,detect_process_total,288,,,,
20260426_023405,2026-04-26T02:35:28,jetson,/mnt/windows_share/20260425220419/E1/06105_-13100750_1777127109503.jpg,100,stage,shell,file_total,289,0,0,,
20260426_023405,2026-04-26T02:35:28,jetson,,,stage,area0,process_total,50,,,1,
20260426_023405,2026-04-26T02:35:29,jetson,/mnt/windows_share/20260425220419/E1/06109_-13089500_1777127109910.jpg,100,stage,detect,read_image,93,,,,
20260426_023405,2026-04-26T02:35:29,jetson,,,stage,element1,process_total,157,,,1,
20260426_023405,2026-04-26T02:35:29,jetson,,,stage,element1,process_total,158,,,1,
20260426_023405,2026-04-26T02:35:29,jetson,,,stage,element1,process_total,140,,,1,
20260426_023405,2026-04-26T02:35:29,jetson,,,stage,element2,process_total,205,,,1,
20260426_023405,2026-04-26T02:35:29,jetson,,,stage,area0,process_total,117,,,1,
20260426_023405,2026-04-26T02:35:29,jetson,,,stage,area1,process_total,118,,,1,
20260426_023405,2026-04-26T02:35:29,jetson,,,stage,element2,process_total,199,,,1,
20260426_023405,2026-04-26T02:35:29,jetson,,,stage,element2,process_total,233,,,1,
20260426_023405,2026-04-26T02:35:29,jetson,,,stage,element1,process_total,90,,,1,
20260426_023405,2026-04-26T02:35:29,jetson,,,stage,detail1,process_total,361,,,4,
20260426_023405,2026-04-26T02:35:29,jetson,,,stage,detail1,process_total,344,,,4,
20260426_023405,2026-04-26T02:35:29,jetson,,,stage,element2,process_total,145,,,1,
20260426_023405,2026-04-26T02:35:29,jetson,,,stage,detail0,process_total,391,,,4,
20260426_023405,2026-04-26T02:35:29,jetson,,,stage,detail0,process_total,373,,,4,
20260426_023405,2026-04-26T02:35:29,jetson,/mnt/windows_share/20260425220419/E1/06106_-13098250_1777127109606.jpg,100,stage,detect,save_json,16,0,0,,
20260426_023405,2026-04-26T02:35:29,jetson,/mnt/windows_share/20260425220419/E1/06106_-13098250_1777127109606.jpg,100,stage,detect,detect_process_total,599,,,,
20260426_023405,2026-04-26T02:35:29,jetson,/mnt/windows_share/20260425220419/E1/06106_-13098250_1777127109606.jpg,100,stage,shell,file_total,599,0,0,,
20260426_023405,2026-04-26T02:35:29,jetson,,,stage,detail1,process_total,404,,,5,
20260426_023405,2026-04-26T02:35:29,jetson,,,stage,detail0,process_total,410,,,5,
20260426_023405,2026-04-26T02:35:29,jetson,/mnt/windows_share/20260425220419/E1/06108_-13092500_1777127109810.jpg,100,stage,detect,save_json,21,0,0,,
20260426_023405,2026-04-26T02:35:29,jetson,/mnt/windows_share/20260425220419/E1/06108_-13092500_1777127109810.jpg,100,stage,detect,detect_process_total,609,,,,
20260426_023405,2026-04-26T02:35:29,jetson,/mnt/windows_share/20260425220419/E1/06108_-13092500_1777127109810.jpg,100,stage,shell,file_total,609,0,0,,
20260426_023405,2026-04-26T02:35:29,jetson,,,stage,detail0,process_total,211,,,5,
20260426_023405,2026-04-26T02:35:29,jetson,,,stage,detail1,process_total,212,,,5,
20260426_023405,2026-04-26T02:35:29,jetson,/mnt/windows_share/20260425220419/E1/06107_-13095250_1777127109709.jpg,100,stage,detect,save_json,20,0,0,,
20260426_023405,2026-04-26T02:35:29,jetson,/mnt/windows_share/20260425220419/E1/06107_-13095250_1777127109709.jpg,100,stage,detect,detect_process_total,633,,,,
20260426_023405,2026-04-26T02:35:29,jetson,/mnt/windows_share/20260425220419/E1/06107_-13095250_1777127109709.jpg,100,stage,shell,file_total,633,0,0,,
20260426_023405,2026-04-26T02:35:29,jetson,/mnt/windows_share/20260425220419/E1/06109_-13089500_1777127109910.jpg,100,stage,detect,save_json,24,0,0,,
20260426_023405,2026-04-26T02:35:29,jetson,/mnt/windows_share/20260425220419/E1/06109_-13089500_1777127109910.jpg,100,stage,detect,detect_process_total,449,,,,
20260426_023405,2026-04-26T02:35:29,jetson,/mnt/windows_share/20260425220419/E1/06109_-13089500_1777127109910.jpg,100,stage,shell,file_total,449,0,0,,
20260426_023405,2026-04-26T02:35:29,jetson,/mnt/windows_share/20260425220419/E1/06110_-13087000_1777127110011.jpg,100,stage,detect,read_image,98,,,,
20260426_023405,2026-04-26T02:35:29,jetson,/mnt/windows_share/20260425220419/E1/06111_-13084000_1777127110114.jpg,100,stage,detect,read_image,85,,,,
20260426_023405,2026-04-26T02:35:29,jetson,,,stage,area0,process_total,30,,,1,
20260426_023405,2026-04-26T02:35:29,jetson,/mnt/windows_share/20260425220419/E1/06112_-13081250_1777127110214.jpg,100,stage,detect,read_image,105,,,,
20260426_023405,2026-04-26T02:35:29,jetson,,,stage,area1,process_total,42,,,1,
20260426_023405,2026-04-26T02:35:29,jetson,,,stage,area1,process_total,47,,,1,
20260426_023405,2026-04-26T02:35:29,jetson,,,stage,area0,process_total,45,,,1,
20260426_023405,2026-04-26T02:35:29,jetson,/mnt/windows_share/20260425220419/E1/06113_-13078750_1777127110313.jpg,100,stage,detect,read_image,88,,,,
20260426_023405,2026-04-26T02:35:29,jetson,,,stage,element1,process_total,144,,,1,
20260426_023405,2026-04-26T02:35:29,jetson,,,stage,element1,process_total,160,,,1,
20260426_023405,2026-04-26T02:35:29,jetson,,,stage,area0,process_total,172,,,1,
20260426_023405,2026-04-26T02:35:29,jetson,,,stage,area1,process_total,172,,,1,
20260426_023405,2026-04-26T02:35:29,jetson,,,stage,area1,process_total,155,,,1,
20260426_023405,2026-04-26T02:35:29,jetson,,,stage,area0,process_total,138,,,1,
20260426_023405,2026-04-26T02:35:29,jetson,,,stage,element2,process_total,244,,,1,
20260426_023405,2026-04-26T02:35:29,jetson,,,stage,element2,process_total,246,,,1,
20260426_023405,2026-04-26T02:35:29,jetson,,,stage,element0,process_total,276,,,2,
20260426_023405,2026-04-26T02:35:29,jetson,,,stage,element1,process_total,115,,,1,
20260426_023405,2026-04-26T02:35:29,jetson,,,stage,element1,process_total,127,,,1,
20260426_023405,2026-04-26T02:35:29,jetson,,,stage,element2,process_total,184,,,1,
20260426_023405,2026-04-26T02:35:29,jetson,,,stage,element2,process_total,205,,,1,
20260426_023405,2026-04-26T02:35:29,jetson,,,stage,element0,process_total,215,,,2,
20260426_023405,2026-04-26T02:35:29,jetson,,,stage,detail0,process_total,387,,,4,
20260426_023405,2026-04-26T02:35:29,jetson,,,stage,detail1,process_total,408,,,4,
20260426_023405,2026-04-26T02:35:29,jetson,/mnt/windows_share/20260425220419/E1/06110_-13087000_1777127110011.jpg,100,stage,detect,save_json,18,0,0,,
20260426_023405,2026-04-26T02:35:29,jetson,/mnt/windows_share/20260425220419/E1/06110_-13087000_1777127110011.jpg,100,stage,detect,detect_process_total,577,,,,
20260426_023405,2026-04-26T02:35:29,jetson,/mnt/windows_share/20260425220419/E1/06110_-13087000_1777127110011.jpg,100,stage,shell,file_total,577,0,0,,
20260426_023405,2026-04-26T02:35:29,jetson,,,stage,detail1,process_total,458,,,5,
20260426_023405,2026-04-26T02:35:29,jetson,,,stage,detail0,process_total,472,,,5,
20260426_023405,2026-04-26T02:35:29,jetson,,,stage,detail1,process_total,306,,,4,
20260426_023405,2026-04-26T02:35:29,jetson,,,stage,detail1,process_total,299,,,4,
20260426_023405,2026-04-26T02:35:30,jetson,,,stage,detail0,process_total,310,,,4,
20260426_023405,2026-04-26T02:35:30,jetson,,,stage,detail0,process_total,302,,,4,
20260426_023405,2026-04-26T02:35:30,jetson,/mnt/windows_share/20260425220419/E1/06111_-13084000_1777127110114.jpg,100,stage,detect,save_json,18,0,0,,
20260426_023405,2026-04-26T02:35:30,jetson,/mnt/windows_share/20260425220419/E1/06111_-13084000_1777127110114.jpg,100,stage,detect,detect_process_total,625,,,,
20260426_023405,2026-04-26T02:35:30,jetson,/mnt/windows_share/20260425220419/E1/06111_-13084000_1777127110114.jpg,100,stage,shell,file_total,625,0,0,,
20260426_023405,2026-04-26T02:35:30,jetson,/mnt/windows_share/20260425220419/E1/06112_-13081250_1777127110214.jpg,100,stage,detect,save_json,15,0,0,,
20260426_023405,2026-04-26T02:35:30,jetson,/mnt/windows_share/20260425220419/E1/06112_-13081250_1777127110214.jpg,100,stage,detect,detect_process_total,608,,,,
20260426_023405,2026-04-26T02:35:30,jetson,/mnt/windows_share/20260425220419/E1/06112_-13081250_1777127110214.jpg,100,stage,shell,file_total,608,0,0,,
20260426_023405,2026-04-26T02:35:30,jetson,/mnt/windows_share/20260425220419/E1/06113_-13078750_1777127110313.jpg,100,stage,detect,save_json,22,0,0,,
20260426_023405,2026-04-26T02:35:30,jetson,/mnt/windows_share/20260425220419/E1/06113_-13078750_1777127110313.jpg,100,stage,detect,detect_process_total,591,,,,
20260426_023405,2026-04-26T02:35:30,jetson,/mnt/windows_share/20260425220419/E1/06113_-13078750_1777127110313.jpg,100,stage,shell,file_total,592,0,0,,
20260426_023405,2026-04-26T02:35:30,jetson,/mnt/windows_share/20260425220419/E1/06114_-13075750_1777127110414.jpg,100,stage,detect,read_image,79,,,,
20260426_023405,2026-04-26T02:35:30,jetson,,,stage,area0,process_total,24,,,1,
20260426_023405,2026-04-26T02:35:30,jetson,,,stage,area1,process_total,30,,,1,
20260426_023405,2026-04-26T02:35:30,jetson,/mnt/windows_share/20260425220419/E1/06115_-13073000_1777127110515.jpg,100,stage,detect,read_image,76,,,,
20260426_023405,2026-04-26T02:35:30,jetson,,,stage,element1,process_total,36,,,1,
20260426_023405,2026-04-26T02:35:30,jetson,/mnt/windows_share/20260425220419/E1/06116_-13070250_1777127110616.jpg,100,stage,detect,read_image,113,,,,
20260426_023405,2026-04-26T02:35:30,jetson,/mnt/windows_share/20260425220419/E1/06117_-13067250_1777127110721.jpg,100,stage,detect,read_image,112,,,,
20260426_023405,2026-04-26T02:35:30,jetson,,,stage,area0,process_total,95,,,1,
20260426_023405,2026-04-26T02:35:30,jetson,,,stage,area1,process_total,98,,,1,
20260426_023405,2026-04-26T02:35:30,jetson,,,stage,element2,process_total,169,,,1,
20260426_023405,2026-04-26T02:35:30,jetson,,,stage,area0,process_total,105,,,1,
20260426_023405,2026-04-26T02:35:30,jetson,,,stage,area1,process_total,102,,,1,
20260426_023405,2026-04-26T02:35:30,jetson,,,stage,area1,process_total,99,,,1,
20260426_023405,2026-04-26T02:35:30,jetson,,,stage,area0,process_total,108,,,1,
20260426_023405,2026-04-26T02:35:30,jetson,,,stage,detail0,process_total,290,,,5,
20260426_023405,2026-04-26T02:35:30,jetson,,,stage,element1,process_total,150,,,1,
20260426_023405,2026-04-26T02:35:30,jetson,,,stage,element1,process_total,147,,,1,
20260426_023405,2026-04-26T02:35:30,jetson,,,stage,element1,process_total,161,,,1,
20260426_023405,2026-04-26T02:35:30,jetson,,,stage,detail1,process_total,360,,,5,
20260426_023405,2026-04-26T02:35:30,jetson,,,stage,element0,process_total,227,,,2,
20260426_023405,2026-04-26T02:35:30,jetson,,,stage,element2,process_total,227,,,1,
20260426_023405,2026-04-26T02:35:30,jetson,/mnt/windows_share/20260425220419/E1/06114_-13075750_1777127110414.jpg,100,stage,detect,save_json,15,0,0,,
20260426_023405,2026-04-26T02:35:30,jetson,/mnt/windows_share/20260425220419/E1/06114_-13075750_1777127110414.jpg,100,stage,detect,detect_process_total,487,,,,
20260426_023405,2026-04-26T02:35:30,jetson,/mnt/windows_share/20260425220419/E1/06114_-13075750_1777127110414.jpg,100,stage,shell,file_total,488,0,0,,
20260426_023405,2026-04-26T02:35:30,jetson,,,stage,element2,process_total,190,,,1,
20260426_023405,2026-04-26T02:35:30,jetson,,,stage,element0,process_total,211,,,2,
20260426_023405,2026-04-26T02:35:30,jetson,,,stage,element2,process_total,210,,,1,
20260426_023405,2026-04-26T02:35:30,jetson,/mnt/windows_share/20260425220419/E1/06118_-13064500_1777127110824.jpg,100,stage,detect,read_image,79,,,,
20260426_023405,2026-04-26T02:35:30,jetson,,,stage,detail1,process_total,316,,,4,
20260426_023405,2026-04-26T02:35:30,jetson,,,stage,detail0,process_total,324,,,4,
20260426_023405,2026-04-26T02:35:30,jetson,,,stage,detail1,process_total,285,,,4,
20260426_023405,2026-04-26T02:35:30,jetson,,,stage,detail0,process_total,288,,,4,
20260426_023405,2026-04-26T02:35:30,jetson,/mnt/windows_share/20260425220419/E1/06115_-13073000_1777127110515.jpg,100,stage,detect,save_json,15,0,0,,
20260426_023405,2026-04-26T02:35:30,jetson,/mnt/windows_share/20260425220419/E1/06115_-13073000_1777127110515.jpg,100,stage,detect,detect_process_total,528,,,,
20260426_023405,2026-04-26T02:35:30,jetson,/mnt/windows_share/20260425220419/E1/06115_-13073000_1777127110515.jpg,100,stage,shell,file_total,528,0,0,,
20260426_023405,2026-04-26T02:35:30,jetson,,,stage,area0,process_total,34,,,1,
20260426_023405,2026-04-26T02:35:30,jetson,,,stage,detail1,process_total,320,,,5,
20260426_023405,2026-04-26T02:35:30,jetson,,,stage,area1,process_total,43,,,1,
20260426_023405,2026-04-26T02:35:30,jetson,,,stage,detail0,process_total,323,,,5,
20260426_023405,2026-04-26T02:35:30,jetson,/mnt/windows_share/20260425220419/E1/06117_-13067250_1777127110721.jpg,100,stage,detect,save_json,26,0,0,,
20260426_023405,2026-04-26T02:35:30,jetson,/mnt/windows_share/20260425220419/E1/06117_-13067250_1777127110721.jpg,100,stage,detect,detect_process_total,539,,,,
20260426_023405,2026-04-26T02:35:30,jetson,/mnt/windows_share/20260425220419/E1/06117_-13067250_1777127110721.jpg,100,stage,shell,file_total,539,0,0,,
20260426_023405,2026-04-26T02:35:30,jetson,/mnt/windows_share/20260425220419/E1/06116_-13070250_1777127110616.jpg,100,stage,detect,save_json,23,0,0,,
20260426_023405,2026-04-26T02:35:30,jetson,/mnt/windows_share/20260425220419/E1/06116_-13070250_1777127110616.jpg,100,stage,detect,detect_process_total,568,,,,
20260426_023405,2026-04-26T02:35:30,jetson,/mnt/windows_share/20260425220419/E1/06116_-13070250_1777127110616.jpg,100,stage,shell,file_total,569,0,0,,
20260426_023405,2026-04-26T02:35:30,jetson,/mnt/windows_share/20260425220419/E1/06119_-13062000_1777127110921.jpg,100,stage,detect,read_image,78,,,,
20260426_023405,2026-04-26T02:35:30,jetson,,,stage,element1,process_total,72,,,1,
20260426_023405,2026-04-26T02:35:30,jetson,,,stage,element2,process_total,79,,,1,
20260426_023405,2026-04-26T02:35:30,jetson,/mnt/windows_share/20260425220419/E1/06120_-13059250_1777127111020.jpg,100,stage,detect,read_image,84,,,,
20260426_023405,2026-04-26T02:35:30,jetson,,,stage,area1,process_total,56,,,1,
20260426_023405,2026-04-26T02:35:30,jetson,,,stage,area0,process_total,57,,,1,
20260426_023405,2026-04-26T02:35:30,jetson,/mnt/windows_share/20260425220419/E1/06121_-13056250_1777127111122.jpg,100,stage,detect,read_image,115,,,,
20260426_023405,2026-04-26T02:35:30,jetson,,,stage,area1,process_total,87,,,1,
20260426_023405,2026-04-26T02:35:30,jetson,,,stage,area0,process_total,91,,,1,
20260426_023405,2026-04-26T02:35:30,jetson,,,stage,element1,process_total,128,,,1,
20260426_023405,2026-04-26T02:35:30,jetson,,,stage,area0,process_total,136,,,1,
20260426_023405,2026-04-26T02:35:30,jetson,,,stage,area1,process_total,136,,,1,
20260426_023405,2026-04-26T02:35:30,jetson,,,stage,element1,process_total,172,,,1,
20260426_023405,2026-04-26T02:35:30,jetson,,,stage,element2,process_total,255,,,1,
20260426_023405,2026-04-26T02:35:30,jetson,,,stage,detail0,process_total,393,,,5,
20260426_023405,2026-04-26T02:35:30,jetson,,,stage,element0,process_total,266,,,2,
20260426_023405,2026-04-26T02:35:30,jetson,,,stage,element2,process_total,223,,,1,
20260426_023405,2026-04-26T02:35:30,jetson,,,stage,detail1,process_total,406,,,5,
20260426_023405,2026-04-26T02:35:30,jetson,,,stage,element1,process_total,133,,,1,
20260426_023405,2026-04-26T02:35:30,jetson,/mnt/windows_share/20260425220419/E1/06118_-13064500_1777127110824.jpg,100,stage,detect,save_json,18,1,1,,
20260426_023405,2026-04-26T02:35:30,jetson,/mnt/windows_share/20260425220419/E1/06118_-13064500_1777127110824.jpg,100,stage,detect,detect_process_total,549,,,,
20260426_023405,2026-04-26T02:35:30,jetson,/mnt/windows_share/20260425220419/E1/06118_-13064500_1777127110824.jpg,100,stage,shell,file_total,549,1,1,,
20260426_023405,2026-04-26T02:35:30,jetson,,,stage,element0,process_total,248,,,2,
20260426_023405,2026-04-26T02:35:31,jetson,,,stage,element2,process_total,169,,,1,
20260426_023405,2026-04-26T02:35:31,jetson,,,stage,element0,process_total,182,,,2,
20260426_023405,2026-04-26T02:35:31,jetson,,,stage,detail1,process_total,360,,,4,
20260426_023405,2026-04-26T02:35:31,jetson,,,stage,detail0,process_total,366,,,4,
20260426_023405,2026-04-26T02:35:31,jetson,/mnt/windows_share/20260425220419/E1/06119_-13062000_1777127110921.jpg,100,stage,detect,save_json,14,0,0,,
20260426_023405,2026-04-26T02:35:31,jetson,/mnt/windows_share/20260425220419/E1/06119_-13062000_1777127110921.jpg,100,stage,detect,detect_process_total,519,,,,
20260426_023405,2026-04-26T02:35:31,jetson,/mnt/windows_share/20260425220419/E1/06119_-13062000_1777127110921.jpg,100,stage,shell,file_total,519,0,0,,
20260426_023405,2026-04-26T02:35:31,jetson,/mnt/windows_share/20260425220419/E1/06122_-13053500_1777127111221.jpg,100,stage,detect,read_image,77,,,,
20260426_023405,2026-04-26T02:35:31,jetson,,,stage,detail1,process_total,344,,,5,
20260426_023405,2026-04-26T02:35:31,jetson,,,stage,detail0,process_total,378,,,5,
20260426_023405,2026-04-26T02:35:31,jetson,,,stage,detail1,process_total,275,,,5,
20260426_023405,2026-04-26T02:35:31,jetson,,,stage,area0,process_total,60,,,1,
20260426_023405,2026-04-26T02:35:31,jetson,,,stage,area1,process_total,61,,,1,
20260426_023405,2026-04-26T02:35:31,jetson,,,stage,detail0,process_total,280,,,5,
20260426_023405,2026-04-26T02:35:31,jetson,/mnt/windows_share/20260425220419/E1/06120_-13059250_1777127111020.jpg,100,stage,detect,save_json,18,0,0,,
20260426_023405,2026-04-26T02:35:31,jetson,/mnt/windows_share/20260425220419/E1/06120_-13059250_1777127111020.jpg,100,stage,detect,detect_process_total,575,,,,
20260426_023405,2026-04-26T02:35:31,jetson,/mnt/windows_share/20260425220419/E1/06120_-13059250_1777127111020.jpg,100,stage,shell,file_total,575,0,0,,
20260426_023405,2026-04-26T02:35:31,jetson,/mnt/windows_share/20260425220419/E1/06121_-13056250_1777127111122.jpg,100,stage,detect,save_json,22,0,0,,
20260426_023405,2026-04-26T02:35:31,jetson,/mnt/windows_share/20260425220419/E1/06121_-13056250_1777127111122.jpg,100,stage,detect,detect_process_total,568,,,,
20260426_023405,2026-04-26T02:35:31,jetson,/mnt/windows_share/20260425220419/E1/06121_-13056250_1777127111122.jpg,100,stage,shell,file_total,568,0,0,,
20260426_023405,2026-04-26T02:35:31,jetson,/mnt/windows_share/20260425220419/E1/06123_-13050750_1777127111319.jpg,100,stage,detect,read_image,95,,,,
20260426_023405,2026-04-26T02:35:31,jetson,/mnt/windows_share/20260425220419/E1/06124_-13048250_1777127111417.jpg,100,stage,detect,read_image,81,,,,
20260426_023405,2026-04-26T02:35:31,jetson,,,stage,element2,process_total,99,,,1,
20260426_023405,2026-04-26T02:35:31,jetson,,,stage,element1,process_total,91,,,1,
20260426_023405,2026-04-26T02:35:31,jetson,,,stage,area0,process_total,78,,,1,
20260426_023405,2026-04-26T02:35:31,jetson,/mnt/windows_share/20260425220419/E1/06125_-13045250_1777127111517.jpg,100,stage,detect,read_image,93,,,,
20260426_023405,2026-04-26T02:35:31,jetson,,,stage,element0,process_total,119,,,2,
20260426_023405,2026-04-26T02:35:31,jetson,,,stage,area1,process_total,105,,,1,
20260426_023405,2026-04-26T02:35:31,jetson,,,stage,area0,process_total,47,,,1,
20260426_023405,2026-04-26T02:35:31,jetson,,,stage,area1,process_total,104,,,1,
20260426_023405,2026-04-26T02:35:31,jetson,,,stage,detail1,process_total,218,,,4,
20260426_023405,2026-04-26T02:35:31,jetson,,,stage,area0,process_total,106,,,1,
20260426_023405,2026-04-26T02:35:31,jetson,,,stage,area1,process_total,108,,,1,
20260426_023405,2026-04-26T02:35:31,jetson,,,stage,element1,process_total,111,,,1,
20260426_023405,2026-04-26T02:35:31,jetson,,,stage,element2,process_total,169,,,1,
20260426_023405,2026-04-26T02:35:31,jetson,,,stage,detail0,process_total,311,,,4,
20260426_023405,2026-04-26T02:35:31,jetson,/mnt/windows_share/20260425220419/E1/06122_-13053500_1777127111221.jpg,100,stage,detect,save_json,15,1,1,,
20260426_023405,2026-04-26T02:35:31,jetson,/mnt/windows_share/20260425220419/E1/06122_-13053500_1777127111221.jpg,100,stage,detect,detect_process_total,469,,,,
20260426_023405,2026-04-26T02:35:31,jetson,/mnt/windows_share/20260425220419/E1/06122_-13053500_1777127111221.jpg,100,stage,shell,file_total,469,1,1,,
20260426_023405,2026-04-26T02:35:31,jetson,,,stage,element1,process_total,142,,,1,
20260426_023405,2026-04-26T02:35:31,jetson,,,stage,element0,process_total,205,,,2,
20260426_023405,2026-04-26T02:35:31,jetson,,,stage,element1,process_total,106,,,1,
20260426_023405,2026-04-26T02:35:31,jetson,,,stage,element2,process_total,174,,,1,
20260426_023405,2026-04-26T02:35:31,jetson,,,stage,element2,process_total,170,,,1,
20260426_023405,2026-04-26T02:35:31,jetson,,,stage,element0,process_total,165,,,2,
20260426_023405,2026-04-26T02:35:31,jetson,/mnt/windows_share/20260425220419/E1/06126_-13042500_1777127111616.jpg,100,stage,detect,read_image,84,,,,
20260426_023405,2026-04-26T02:35:31,jetson,,,stage,area1,process_total,66,,,1,
20260426_023405,2026-04-26T02:35:31,jetson,,,stage,detail1,process_total,281,,,4,
20260426_023405,2026-04-26T02:35:31,jetson,,,stage,detail0,process_total,283,,,4,
20260426_023405,2026-04-26T02:35:31,jetson,,,stage,area0,process_total,71,,,1,
20260426_023405,2026-04-26T02:35:31,jetson,,,stage,detail1,process_total,343,,,5,
20260426_023405,2026-04-26T02:35:31,jetson,/mnt/windows_share/20260425220419/E1/06124_-13048250_1777127111417.jpg,100,stage,detect,save_json,16,0,0,,
20260426_023405,2026-04-26T02:35:31,jetson,/mnt/windows_share/20260425220419/E1/06124_-13048250_1777127111417.jpg,100,stage,detect,detect_process_total,487,,,,
20260426_023405,2026-04-26T02:35:31,jetson,/mnt/windows_share/20260425220419/E1/06124_-13048250_1777127111417.jpg,100,stage,shell,file_total,487,0,0,,
20260426_023405,2026-04-26T02:35:31,jetson,,,stage,detail0,process_total,368,,,5,
20260426_023405,2026-04-26T02:35:31,jetson,/mnt/windows_share/20260425220419/E1/06123_-13050750_1777127111319.jpg,100,stage,detect,save_json,23,0,0,,
20260426_023405,2026-04-26T02:35:31,jetson,/mnt/windows_share/20260425220419/E1/06123_-13050750_1777127111319.jpg,100,stage,detect,detect_process_total,595,,,,
20260426_023405,2026-04-26T02:35:31,jetson,/mnt/windows_share/20260425220419/E1/06123_-13050750_1777127111319.jpg,100,stage,shell,file_total,595,0,0,,
20260426_023405,2026-04-26T02:35:31,jetson,,,stage,detail1,process_total,301,,,5,
20260426_023405,2026-04-26T02:35:31,jetson,,,stage,element1,process_total,66,,,1,
20260426_023405,2026-04-26T02:35:31,jetson,,,stage,element2,process_total,82,,,1,
20260426_023405,2026-04-26T02:35:31,jetson,/mnt/windows_share/20260425220419/E1/06127_-13039750_1777127111719.jpg,100,stage,detect,read_image,72,,,,
20260426_023405,2026-04-26T02:35:31,jetson,,,stage,detail0,process_total,344,,,6,
20260426_023405,2026-04-26T02:35:31,jetson,/mnt/windows_share/20260425220419/E1/06125_-13045250_1777127111517.jpg,100,stage,detect,save_json,26,0,0,,
20260426_023405,2026-04-26T02:35:31,jetson,/mnt/windows_share/20260425220419/E1/06125_-13045250_1777127111517.jpg,100,stage,detect,detect_process_total,581,,,,
20260426_023405,2026-04-26T02:35:31,jetson,/mnt/windows_share/20260425220419/E1/06125_-13045250_1777127111517.jpg,100,stage,shell,file_total,581,0,0,,
20260426_023405,2026-04-26T02:35:31,jetson,,,stage,area0,process_total,40,,,1,
20260426_023405,2026-04-26T02:35:31,jetson,,,stage,area1,process_total,45,,,1,
20260426_023405,2026-04-26T02:35:31,jetson,,,stage,detail1,process_total,136,,,5,
20260426_023405,2026-04-26T02:35:31,jetson,/mnt/windows_share/20260425220419/E1/06128_-13036750_1777127111821.jpg,100,stage,detect,read_image,91,,,,
20260426_023405,2026-04-26T02:35:31,jetson,,,stage,detail0,process_total,147,,,5,
20260426_023405,2026-04-26T02:35:31,jetson,/mnt/windows_share/20260425220419/E1/06126_-13042500_1777127111616.jpg,100,stage,detect,save_json,25,0,0,,
20260426_023405,2026-04-26T02:35:31,jetson,/mnt/windows_share/20260425220419/E1/06126_-13042500_1777127111616.jpg,100,stage,detect,detect_process_total,331,,,,
20260426_023405,2026-04-26T02:35:31,jetson,/mnt/windows_share/20260425220419/E1/06126_-13042500_1777127111616.jpg,100,stage,shell,file_total,331,0,0,,
20260426_023405,2026-04-26T02:35:31,jetson,/mnt/windows_share/20260425220419/E1/06129_-13034000_1777127111918.jpg,100,stage,detect,read_image,80,,,,
20260426_023405,2026-04-26T02:35:31,jetson,,,stage,element1,process_total,82,,,1,
20260426_023405,2026-04-26T02:35:31,jetson,,,stage,area0,process_total,85,,,1,
20260426_023405,2026-04-26T02:35:31,jetson,,,stage,area1,process_total,70,,,1,
20260426_023405,2026-04-26T02:35:31,jetson,/mnt/windows_share/20260425220419/E1/06130_-13031500_1777127112017.jpg,100,stage,detect,read_image,79,,,,
20260426_023405,2026-04-26T02:35:31,jetson,,,stage,element2,process_total,143,,,1,
20260426_023405,2026-04-26T02:35:31,jetson,,,stage,area1,process_total,108,,,1,
20260426_023405,2026-04-26T02:35:31,jetson,,,stage,area0,process_total,117,,,1,
20260426_023405,2026-04-26T02:35:31,jetson,,,stage,element1,process_total,127,,,1,
20260426_023405,2026-04-26T02:35:31,jetson,,,stage,area0,process_total,124,,,1,
20260426_023405,2026-04-26T02:35:31,jetson,,,stage,area1,process_total,126,,,1,
20260426_023405,2026-04-26T02:35:32,jetson,,,stage,element2,process_total,208,,,1,
20260426_023405,2026-04-26T02:35:32,jetson,,,stage,element1,process_total,125,,,1,
20260426_023405,2026-04-26T02:35:32,jetson,,,stage,detail0,process_total,318,,,4,
20260426_023405,2026-04-26T02:35:32,jetson,,,stage,element1,process_total,114,,,1,
20260426_023405,2026-04-26T02:35:32,jetson,,,stage,element2,process_total,175,,,1,
20260426_023405,2026-04-26T02:35:32,jetson,,,stage,detail1,process_total,375,,,5,
20260426_023405,2026-04-26T02:35:32,jetson,/mnt/windows_share/20260425220419/E1/06127_-13039750_1777127111719.jpg,100,stage,detect,save_json,19,0,0,,
20260426_023405,2026-04-26T02:35:32,jetson,/mnt/windows_share/20260425220419/E1/06127_-13039750_1777127111719.jpg,100,stage,detect,detect_process_total,516,,,,
20260426_023405,2026-04-26T02:35:32,jetson,/mnt/windows_share/20260425220419/E1/06127_-13039750_1777127111719.jpg,100,stage,shell,file_total,516,0,0,,
20260426_023405,2026-04-26T02:35:32,jetson,,,stage,element2,process_total,152,,,1,
20260426_023405,2026-04-26T02:35:32,jetson,,,stage,element0,process_total,165,,,2,
20260426_023405,2026-04-26T02:35:32,jetson,,,stage,detail1,process_total,286,,,4,
20260426_023405,2026-04-26T02:35:32,jetson,,,stage,detail1,process_total,381,,,5,
20260426_023405,2026-04-26T02:35:32,jetson,,,stage,detail0,process_total,292,,,4,
20260426_023405,2026-04-26T02:35:32,jetson,/mnt/windows_share/20260425220419/E1/06131_-13028750_1777127112117.jpg,100,stage,detect,read_image,81,,,,
20260426_023405,2026-04-26T02:35:32,jetson,,,stage,detail0,process_total,381,,,5,
20260426_023405,2026-04-26T02:35:32,jetson,,,stage,detail1,process_total,248,,,5,
20260426_023405,2026-04-26T02:35:32,jetson,/mnt/windows_share/20260425220419/E1/06129_-13034000_1777127111918.jpg,100,stage,detect,save_json,19,0,0,,
20260426_023405,2026-04-26T02:35:32,jetson,/mnt/windows_share/20260425220419/E1/06129_-13034000_1777127111918.jpg,100,stage,detect,detect_process_total,510,,,,
20260426_023405,2026-04-26T02:35:32,jetson,/mnt/windows_share/20260425220419/E1/06129_-13034000_1777127111918.jpg,100,stage,shell,file_total,510,0,0,,
20260426_023405,2026-04-26T02:35:32,jetson,/mnt/windows_share/20260425220419/E1/06128_-13036750_1777127111821.jpg,100,stage,detect,save_json,26,0,0,,
20260426_023405,2026-04-26T02:35:32,jetson,,,stage,detail0,process_total,260,,,5,
20260426_023405,2026-04-26T02:35:32,jetson,/mnt/windows_share/20260425220419/E1/06128_-13036750_1777127111821.jpg,100,stage,detect,detect_process_total,596,,,,
20260426_023405,2026-04-26T02:35:32,jetson,/mnt/windows_share/20260425220419/E1/06128_-13036750_1777127111821.jpg,100,stage,shell,file_total,596,0,0,,
20260426_023405,2026-04-26T02:35:32,jetson,,,stage,area0,process_total,32,,,1,
20260426_023405,2026-04-26T02:35:32,jetson,,,stage,area1,process_total,34,,,1,
20260426_023405,2026-04-26T02:35:32,jetson,/mnt/windows_share/20260425220419/E1/06130_-13031500_1777127112017.jpg,100,stage,detect,save_json,23,0,0,,
20260426_023405,2026-04-26T02:35:32,jetson,/mnt/windows_share/20260425220419/E1/06130_-13031500_1777127112017.jpg,100,stage,detect,detect_process_total,493,,,,
20260426_023405,2026-04-26T02:35:32,jetson,/mnt/windows_share/20260425220419/E1/06130_-13031500_1777127112017.jpg,100,stage,shell,file_total,493,0,0,,
20260426_023405,2026-04-26T02:35:32,jetson,,,stage,element1,process_total,56,,,1,
20260426_023405,2026-04-26T02:35:32,jetson,/mnt/windows_share/20260425220419/E1/06133_-13023000_1777127112314.jpg,100,stage,detect,read_image,90,,,,
20260426_023405,2026-04-26T02:35:32,jetson,/mnt/windows_share/20260425220419/E1/06132_-13025750_1777127112214.jpg,100,stage,detect,read_image,99,,,,
20260426_023405,2026-04-26T02:35:32,jetson,,,stage,element2,process_total,95,,,1,
20260426_023405,2026-04-26T02:35:32,jetson,,,stage,element0,process_total,103,,,2,
20260426_023405,2026-04-26T02:35:32,jetson,/mnt/windows_share/20260425220419/E1/06134_-13020500_1777127112412.jpg,100,stage,detect,read_image,98,,,,
20260426_023405,2026-04-26T02:35:32,jetson,,,stage,detail1,process_total,149,,,4,
20260426_023405,2026-04-26T02:35:32,jetson,,,stage,area0,process_total,69,,,1,
20260426_023405,2026-04-26T02:35:32,jetson,,,stage,area0,process_total,70,,,1,
20260426_023405,2026-04-26T02:35:32,jetson,,,stage,detail0,process_total,159,,,4,
20260426_023405,2026-04-26T02:35:32,jetson,,,stage,area1,process_total,65,,,1,
20260426_023405,2026-04-26T02:35:32,jetson,,,stage,area1,process_total,72,,,1,
20260426_023405,2026-04-26T02:35:32,jetson,/mnt/windows_share/20260425220419/E1/06131_-13028750_1777127112117.jpg,100,stage,detect,save_json,15,0,0,,
20260426_023405,2026-04-26T02:35:32,jetson,/mnt/windows_share/20260425220419/E1/06131_-13028750_1777127112117.jpg,100,stage,detect,detect_process_total,293,,,,
20260426_023405,2026-04-26T02:35:32,jetson,/mnt/windows_share/20260425220419/E1/06131_-13028750_1777127112117.jpg,100,stage,shell,file_total,294,0,0,,
20260426_023405,2026-04-26T02:35:32,jetson,,,stage,area0,process_total,70,,,1,
20260426_023405,2026-04-26T02:35:32,jetson,,,stage,area1,process_total,122,,,1,
20260426_023405,2026-04-26T02:35:32,jetson,/mnt/windows_share/20260425220419/E1/06135_-13017750_1777127112513.jpg,100,stage,detect,read_image,90,,,,
20260426_023405,2026-04-26T02:35:32,jetson,,,stage,element1,process_total,148,,,1,
20260426_023405,2026-04-26T02:35:32,jetson,,,stage,element1,process_total,162,,,1,
20260426_023405,2026-04-26T02:35:32,jetson,,,stage,element2,process_total,226,,,1,
20260426_023405,2026-04-26T02:35:32,jetson,,,stage,element1,process_total,140,,,1,
20260426_023405,2026-04-26T02:35:32,jetson,,,stage,element2,process_total,226,,,1,
20260426_023405,2026-04-26T02:35:32,jetson,,,stage,element0,process_total,237,,,2,
20260426_023405,2026-04-26T02:35:32,jetson,,,stage,element0,process_total,234,,,2,
20260426_023405,2026-04-26T02:35:32,jetson,,,stage,area1,process_total,138,,,1,
20260426_023405,2026-04-26T02:35:32,jetson,,,stage,area0,process_total,139,,,1,
20260426_023405,2026-04-26T02:35:32,jetson,,,stage,element2,process_total,222,,,1,
20260426_023405,2026-04-26T02:35:32,jetson,,,stage,element0,process_total,230,,,2,
20260426_023405,2026-04-26T02:35:32,jetson,,,stage,element1,process_total,106,,,1,
20260426_023405,2026-04-26T02:35:32,jetson,,,stage,element2,process_total,163,,,1,
20260426_023405,2026-04-26T02:35:32,jetson,,,stage,element0,process_total,186,,,2,
20260426_023405,2026-04-26T02:35:32,jetson,,,stage,detail1,process_total,476,,,5,
20260426_023405,2026-04-26T02:35:32,jetson,,,stage,detail1,process_total,490,,,5,
20260426_023405,2026-04-26T02:35:32,jetson,,,stage,detail0,process_total,498,,,5,
20260426_023405,2026-04-26T02:35:32,jetson,,,stage,detail0,process_total,492,,,5,
20260426_023405,2026-04-26T02:35:32,jetson,,,stage,detail1,process_total,433,,,5,
20260426_023405,2026-04-26T02:35:32,jetson,,,stage,detail0,process_total,435,,,5,
20260426_023405,2026-04-26T02:35:32,jetson,/mnt/windows_share/20260425220419/E1/06132_-13025750_1777127112214.jpg,100,stage,detect,save_json,21,0,0,,
20260426_023405,2026-04-26T02:35:32,jetson,/mnt/windows_share/20260425220419/E1/06132_-13025750_1777127112214.jpg,100,stage,detect,detect_process_total,695,,,,
20260426_023405,2026-04-26T02:35:32,jetson,/mnt/windows_share/20260425220419/E1/06132_-13025750_1777127112214.jpg,100,stage,shell,file_total,695,0,0,,
20260426_023405,2026-04-26T02:35:32,jetson,/mnt/windows_share/20260425220419/E1/06133_-13023000_1777127112314.jpg,100,stage,detect,save_json,28,0,0,,
20260426_023405,2026-04-26T02:35:32,jetson,/mnt/windows_share/20260425220419/E1/06133_-13023000_1777127112314.jpg,100,stage,detect,detect_process_total,694,,,,
20260426_023405,2026-04-26T02:35:32,jetson,/mnt/windows_share/20260425220419/E1/06133_-13023000_1777127112314.jpg,100,stage,shell,file_total,694,0,0,,
20260426_023405,2026-04-26T02:35:32,jetson,,,stage,detail1,process_total,283,,,5,
20260426_023405,2026-04-26T02:35:32,jetson,,,stage,detail0,process_total,283,,,5,
20260426_023405,2026-04-26T02:35:32,jetson,/mnt/windows_share/20260425220419/E1/06134_-13020500_1777127112412.jpg,100,stage,detect,save_json,25,0,0,,
20260426_023405,2026-04-26T02:35:32,jetson,/mnt/windows_share/20260425220419/E1/06134_-13020500_1777127112412.jpg,100,stage,detect,detect_process_total,684,,,,
20260426_023405,2026-04-26T02:35:32,jetson,/mnt/windows_share/20260425220419/E1/06134_-13020500_1777127112412.jpg,100,stage,shell,file_total,684,0,0,,
20260426_023405,2026-04-26T02:35:32,jetson,/mnt/windows_share/20260425220419/E1/06135_-13017750_1777127112513.jpg,100,stage,detect,save_json,41,0,0,,
20260426_023405,2026-04-26T02:35:32,jetson,/mnt/windows_share/20260425220419/E1/06135_-13017750_1777127112513.jpg,100,stage,detect,detect_process_total,557,,,,
20260426_023405,2026-04-26T02:35:32,jetson,/mnt/windows_share/20260425220419/E1/06135_-13017750_1777127112513.jpg,100,stage,shell,file_total,557,0,0,,
20260426_023405,2026-04-26T02:35:33,jetson,/mnt/windows_share/20260425220419/E1/06136_-13014500_1777127112613.jpg,100,stage,detect,read_image,93,,,,
20260426_023405,2026-04-26T02:35:33,jetson,/mnt/windows_share/20260425220419/E1/06137_-13012000_1777127112709.jpg,100,stage,detect,read_image,100,,,,
20260426_023405,2026-04-26T02:35:33,jetson,,,stage,area1,process_total,21,,,1,
20260426_023405,2026-04-26T02:35:33,jetson,,,stage,area0,process_total,29,,,1,
20260426_023405,2026-04-26T02:35:33,jetson,/mnt/windows_share/20260425220419/E1/06138_-13009000_1777127112810.jpg,100,stage,detect,read_image,105,,,,
20260426_023405,2026-04-26T02:35:33,jetson,,,stage,area0,process_total,29,,,1,
20260426_023405,2026-04-26T02:35:33,jetson,/mnt/windows_share/20260425220419/E1/06139_-13006250_1777127112911.jpg,100,stage,detect,read_image,112,,,,
20260426_023405,2026-04-26T02:35:33,jetson,,,stage,area1,process_total,113,,,1,
20260426_023405,2026-04-26T02:35:33,jetson,,,stage,area1,process_total,105,,,1,
20260426_023405,2026-04-26T02:35:33,jetson,,,stage,element1,process_total,114,,,1,
20260426_023405,2026-04-26T02:35:33,jetson,,,stage,area0,process_total,127,,,1,
20260426_023405,2026-04-26T02:35:33,jetson,,,stage,area1,process_total,123,,,1,
20260426_023405,2026-04-26T02:35:33,jetson,,,stage,area0,process_total,124,,,1,
20260426_023405,2026-04-26T02:35:33,jetson,,,stage,element0,process_total,186,,,2,
20260426_023405,2026-04-26T02:35:33,jetson,,,stage,element2,process_total,209,,,1,
20260426_023405,2026-04-26T02:35:33,jetson,,,stage,element1,process_total,170,,,1,
20260426_023405,2026-04-26T02:35:33,jetson,,,stage,element1,process_total,152,,,1,
20260426_023405,2026-04-26T02:35:33,jetson,,,stage,element1,process_total,169,,,1,
20260426_023405,2026-04-26T02:35:33,jetson,,,stage,element2,process_total,242,,,1,
20260426_023405,2026-04-26T02:35:33,jetson,,,stage,element0,process_total,256,,,2,
20260426_023405,2026-04-26T02:35:33,jetson,,,stage,element2,process_total,237,,,1,
20260426_023405,2026-04-26T02:35:33,jetson,,,stage,element2,process_total,215,,,1,
20260426_023405,2026-04-26T02:35:33,jetson,,,stage,element0,process_total,247,,,2,
20260426_023405,2026-04-26T02:35:33,jetson,,,stage,element0,process_total,231,,,2,
20260426_023405,2026-04-26T02:35:33,jetson,,,stage,detail1,process_total,461,,,5,
20260426_023405,2026-04-26T02:35:33,jetson,,,stage,detail0,process_total,474,,,5,
20260426_023405,2026-04-26T02:35:33,jetson,,,stage,detail1,process_total,349,,,4,
20260426_023405,2026-04-26T02:35:33,jetson,,,stage,detail0,process_total,353,,,4,
20260426_023405,2026-04-26T02:35:33,jetson,,,stage,detail1,process_total,398,,,5,
20260426_023405,2026-04-26T02:35:33,jetson,/mnt/windows_share/20260425220419/E1/06136_-13014500_1777127112613.jpg,100,stage,detect,save_json,22,0,0,,
20260426_023405,2026-04-26T02:35:33,jetson,/mnt/windows_share/20260425220419/E1/06136_-13014500_1777127112613.jpg,100,stage,detect,detect_process_total,632,,,,
20260426_023405,2026-04-26T02:35:33,jetson,/mnt/windows_share/20260425220419/E1/06136_-13014500_1777127112613.jpg,100,stage,shell,file_total,632,0,0,,
20260426_023405,2026-04-26T02:35:33,jetson,,,stage,detail0,process_total,404,,,5,
20260426_023405,2026-04-26T02:35:33,jetson,,,stage,detail1,process_total,341,,,5,
20260426_023405,2026-04-26T02:35:33,jetson,,,stage,detail0,process_total,343,,,5,
20260426_023405,2026-04-26T02:35:33,jetson,/mnt/windows_share/20260425220419/E1/06138_-13009000_1777127112810.jpg,100,stage,detect,save_json,24,0,0,,
20260426_023405,2026-04-26T02:35:33,jetson,/mnt/windows_share/20260425220419/E1/06138_-13009000_1777127112810.jpg,100,stage,detect,detect_process_total,619,,,,
20260426_023405,2026-04-26T02:35:33,jetson,/mnt/windows_share/20260425220419/E1/06138_-13009000_1777127112810.jpg,100,stage,shell,file_total,619,0,0,,
20260426_023405,2026-04-26T02:35:33,jetson,/mnt/windows_share/20260425220419/E1/06137_-13012000_1777127112709.jpg,100,stage,detect,save_json,17,0,0,,
20260426_023405,2026-04-26T02:35:33,jetson,/mnt/windows_share/20260425220419/E1/06137_-13012000_1777127112709.jpg,100,stage,detect,detect_process_total,643,,,,
20260426_023405,2026-04-26T02:35:33,jetson,/mnt/windows_share/20260425220419/E1/06137_-13012000_1777127112709.jpg,100,stage,shell,file_total,643,0,0,,
20260426_023405,2026-04-26T02:35:33,jetson,/mnt/windows_share/20260425220419/E1/06139_-13006250_1777127112911.jpg,100,stage,detect,save_json,19,0,0,,
20260426_023405,2026-04-26T02:35:33,jetson,/mnt/windows_share/20260425220419/E1/06139_-13006250_1777127112911.jpg,100,stage,detect,detect_process_total,602,,,,
20260426_023405,2026-04-26T02:35:33,jetson,/mnt/windows_share/20260425220419/E1/06139_-13006250_1777127112911.jpg,100,stage,shell,file_total,602,0,0,,
20260426_023405,2026-04-26T02:35:33,jetson,/mnt/windows_share/20260425220419/E1/06140_-13003500_1777127113006.jpg,100,stage,detect,read_image,103,,,,
20260426_023405,2026-04-26T02:35:33,jetson,/mnt/windows_share/20260425220419/E1/06141_-13001000_1777127113101.jpg,100,stage,detect,read_image,92,,,,
20260426_023405,2026-04-26T02:35:33,jetson,/mnt/windows_share/20260425220419/E1/06142_-12998500_1777127113200.jpg,100,stage,detect,read_image,91,,,,
20260426_023405,2026-04-26T02:35:33,jetson,/mnt/windows_share/20260425220419/E1/06143_-12995500_1777127113303.jpg,100,stage,detect,read_image,94,,,,
20260426_023405,2026-04-26T02:35:33,jetson,,,stage,area0,process_total,34,,,1,
20260426_023405,2026-04-26T02:35:33,jetson,,,stage,area1,process_total,41,,,1,
20260426_023405,2026-04-26T02:35:33,jetson,,,stage,area1,process_total,66,,,1,
20260426_023405,2026-04-26T02:35:33,jetson,,,stage,area1,process_total,60,,,1,
20260426_023405,2026-04-26T02:35:33,jetson,,,stage,area0,process_total,70,,,1,
20260426_023405,2026-04-26T02:35:33,jetson,,,stage,area0,process_total,121,,,1,
20260426_023405,2026-04-26T02:35:33,jetson,,,stage,area1,process_total,146,,,1,
20260426_023405,2026-04-26T02:35:33,jetson,,,stage,area0,process_total,164,,,1,
20260426_023405,2026-04-26T02:35:33,jetson,,,stage,element1,process_total,167,,,1,
20260426_023405,2026-04-26T02:35:33,jetson,,,stage,element1,process_total,213,,,1,
20260426_023405,2026-04-26T02:35:34,jetson,,,stage,element1,process_total,186,,,1,
20260426_023405,2026-04-26T02:35:34,jetson,,,stage,element0,process_total,267,,,2,
20260426_023405,2026-04-26T02:35:34,jetson,,,stage,element1,process_total,157,,,1,
20260426_023405,2026-04-26T02:35:34,jetson,,,stage,element0,process_total,285,,,2,
20260426_023405,2026-04-26T02:35:34,jetson,,,stage,element2,process_total,303,,,1,
20260426_023405,2026-04-26T02:35:34,jetson,,,stage,element2,process_total,307,,,1,
20260426_023405,2026-04-26T02:35:34,jetson,,,stage,element2,process_total,247,,,1,
20260426_023405,2026-04-26T02:35:34,jetson,,,stage,element2,process_total,207,,,1,
20260426_023405,2026-04-26T02:35:34,jetson,,,stage,element0,process_total,270,,,2,
20260426_023405,2026-04-26T02:35:34,jetson,,,stage,element0,process_total,229,,,2,
20260426_023405,2026-04-26T02:35:34,jetson,,,stage,detail1,process_total,400,,,4,
20260426_023405,2026-04-26T02:35:34,jetson,,,stage,detail0,process_total,415,,,4,
20260426_023405,2026-04-26T02:35:34,jetson,/mnt/windows_share/20260425220419/E1/06140_-13003500_1777127113006.jpg,100,stage,detect,save_json,15,0,0,,
20260426_023405,2026-04-26T02:35:34,jetson,/mnt/windows_share/20260425220419/E1/06140_-13003500_1777127113006.jpg,100,stage,detect,detect_process_total,602,,,,
20260426_023405,2026-04-26T02:35:34,jetson,/mnt/windows_share/20260425220419/E1/06140_-13003500_1777127113006.jpg,100,stage,shell,file_total,602,0,0,,
20260426_023405,2026-04-26T02:35:34,jetson,,,stage,detail1,process_total,441,,,5,
20260426_023405,2026-04-26T02:35:34,jetson,,,stage,detail0,process_total,449,,,5,
20260426_023405,2026-04-26T02:35:34,jetson,,,stage,detail1,process_total,401,,,5,
20260426_023405,2026-04-26T02:35:34,jetson,,,stage,detail1,process_total,351,,,5,
20260426_023405,2026-04-26T02:35:34,jetson,,,stage,detail0,process_total,408,,,5,
20260426_023405,2026-04-26T02:35:34,jetson,,,stage,detail0,process_total,354,,,5,
20260426_023405,2026-04-26T02:35:34,jetson,/mnt/windows_share/20260425220419/E1/06142_-12998500_1777127113200.jpg,100,stage,detect,save_json,24,0,0,,
20260426_023405,2026-04-26T02:35:34,jetson,/mnt/windows_share/20260425220419/E1/06141_-13001000_1777127113101.jpg,100,stage,detect,save_json,41,0,0,,
20260426_023405,2026-04-26T02:35:34,jetson,/mnt/windows_share/20260425220419/E1/06142_-12998500_1777127113200.jpg,100,stage,detect,detect_process_total,649,,,,
20260426_023405,2026-04-26T02:35:34,jetson,/mnt/windows_share/20260425220419/E1/06142_-12998500_1777127113200.jpg,100,stage,shell,file_total,649,0,0,,
20260426_023405,2026-04-26T02:35:34,jetson,/mnt/windows_share/20260425220419/E1/06141_-13001000_1777127113101.jpg,100,stage,detect,detect_process_total,657,,,,
20260426_023405,2026-04-26T02:35:34,jetson,/mnt/windows_share/20260425220419/E1/06141_-13001000_1777127113101.jpg,100,stage,shell,file_total,657,0,0,,
20260426_023405,2026-04-26T02:35:34,jetson,/mnt/windows_share/20260425220419/E1/06143_-12995500_1777127113303.jpg,100,stage,detect,save_json,30,0,0,,
20260426_023405,2026-04-26T02:35:34,jetson,/mnt/windows_share/20260425220419/E1/06143_-12995500_1777127113303.jpg,100,stage,detect,detect_process_total,649,,,,
20260426_023405,2026-04-26T02:35:34,jetson,/mnt/windows_share/20260425220419/E1/06143_-12995500_1777127113303.jpg,100,stage,shell,file_total,649,0,0,,
20260426_023405,2026-04-26T02:35:34,jetson,/mnt/windows_share/20260425220419/E1/06144_-12992500_1777127113407.jpg,100,stage,detect,read_image,80,,,,
20260426_023405,2026-04-26T02:35:34,jetson,,,stage,area1,process_total,20,,,1,
20260426_023405,2026-04-26T02:35:34,jetson,,,stage,area0,process_total,31,,,1,
20260426_023405,2026-04-26T02:35:34,jetson,/mnt/windows_share/20260425220419/E1/06145_-12989750_1777127113504.jpg,100,stage,detect,read_image,128,,,,
20260426_023405,2026-04-26T02:35:34,jetson,/mnt/windows_share/20260425220419/E1/06146_-12987000_1777127113600.jpg,100,stage,detect,read_image,127,,,,
20260426_023405,2026-04-26T02:35:34,jetson,/mnt/windows_share/20260425220419/E1/06147_-12984000_1777127113700.jpg,100,stage,detect,read_image,121,,,,
20260426_023405,2026-04-26T02:35:34,jetson,,,stage,element1,process_total,98,,,1,
20260426_023405,2026-04-26T02:35:34,jetson,,,stage,element2,process_total,135,,,1,
20260426_023405,2026-04-26T02:35:34,jetson,,,stage,element0,process_total,160,,,2,
20260426_023405,2026-04-26T02:35:34,jetson,,,stage,area0,process_total,95,,,1,
20260426_023405,2026-04-26T02:35:34,jetson,,,stage,area1,process_total,96,,,1,
20260426_023405,2026-04-26T02:35:34,jetson,,,stage,detail0,process_total,180,,,4,
20260426_023405,2026-04-26T02:35:34,jetson,,,stage,area0,process_total,104,,,1,
20260426_023405,2026-04-26T02:35:34,jetson,,,stage,area0,process_total,98,,,1,
20260426_023405,2026-04-26T02:35:34,jetson,,,stage,area1,process_total,105,,,1,
20260426_023405,2026-04-26T02:35:34,jetson,,,stage,area1,process_total,103,,,1,
20260426_023405,2026-04-26T02:35:34,jetson,,,stage,detail1,process_total,179,,,5,
20260426_023405,2026-04-26T02:35:34,jetson,/mnt/windows_share/20260425220419/E1/06144_-12992500_1777127113407.jpg,100,stage,detect,save_json,19,0,0,,
20260426_023405,2026-04-26T02:35:34,jetson,/mnt/windows_share/20260425220419/E1/06144_-12992500_1777127113407.jpg,100,stage,detect,detect_process_total,331,,,,
20260426_023405,2026-04-26T02:35:34,jetson,/mnt/windows_share/20260425220419/E1/06144_-12992500_1777127113407.jpg,100,stage,shell,file_total,331,0,0,,
20260426_023405,2026-04-26T02:35:34,jetson,/mnt/windows_share/20260425220419/E1/06148_-12981250_1777127113800.jpg,100,stage,detect,read_image,91,,,,
20260426_023405,2026-04-26T02:35:34,jetson,,,stage,element1,process_total,177,,,1,
20260426_023405,2026-04-26T02:35:34,jetson,,,stage,element1,process_total,194,,,1,
20260426_023405,2026-04-26T02:35:34,jetson,,,stage,element1,process_total,199,,,1,
20260426_023405,2026-04-26T02:35:34,jetson,,,stage,element0,process_total,246,,,2,
20260426_023405,2026-04-26T02:35:34,jetson,,,stage,element2,process_total,239,,,1,
20260426_023405,2026-04-26T02:35:34,jetson,,,stage,element2,process_total,248,,,1,
20260426_023405,2026-04-26T02:35:34,jetson,,,stage,area1,process_total,128,,,1,
20260426_023405,2026-04-26T02:35:34,jetson,,,stage,area0,process_total,129,,,1,
20260426_023405,2026-04-26T02:35:34,jetson,,,stage,element2,process_total,241,,,1,
20260426_023405,2026-04-26T02:35:34,jetson,,,stage,element0,process_total,257,,,2,
20260426_023405,2026-04-26T02:35:34,jetson,,,stage,element0,process_total,302,,,2,
20260426_023405,2026-04-26T02:35:34,jetson,,,stage,element1,process_total,109,,,1,
20260426_023405,2026-04-26T02:35:34,jetson,,,stage,element2,process_total,171,,,1,
20260426_023405,2026-04-26T02:35:34,jetson,,,stage,element0,process_total,187,,,2,
20260426_023405,2026-04-26T02:35:34,jetson,,,stage,detail1,process_total,431,,,4,
20260426_023405,2026-04-26T02:35:34,jetson,,,stage,detail0,process_total,451,,,4,
20260426_023405,2026-04-26T02:35:34,jetson,,,stage,detail1,process_total,458,,,5,
20260426_023405,2026-04-26T02:35:34,jetson,/mnt/windows_share/20260425220419/E1/06146_-12987000_1777127113600.jpg,100,stage,detect,save_json,17,0,0,,
20260426_023405,2026-04-26T02:35:34,jetson,/mnt/windows_share/20260425220419/E1/06146_-12987000_1777127113600.jpg,100,stage,detect,detect_process_total,706,,,,
20260426_023405,2026-04-26T02:35:34,jetson,/mnt/windows_share/20260425220419/E1/06146_-12987000_1777127113600.jpg,100,stage,shell,file_total,706,0,0,,
20260426_023405,2026-04-26T02:35:34,jetson,,,stage,detail1,process_total,465,,,5,
20260426_023405,2026-04-26T02:35:34,jetson,,,stage,detail0,process_total,479,,,5,
20260426_023405,2026-04-26T02:35:34,jetson,,,stage,detail0,process_total,483,,,5,
20260426_023405,2026-04-26T02:35:34,jetson,,,stage,detail1,process_total,234,,,4,
20260426_023405,2026-04-26T02:35:34,jetson,,,stage,detail0,process_total,236,,,4,
20260426_023405,2026-04-26T02:35:34,jetson,/mnt/windows_share/20260425220419/E1/06147_-12984000_1777127113700.jpg,100,stage,detect,save_json,20,0,0,,
20260426_023405,2026-04-26T02:35:34,jetson,/mnt/windows_share/20260425220419/E1/06147_-12984000_1777127113700.jpg,100,stage,detect,detect_process_total,735,,,,
20260426_023405,2026-04-26T02:35:34,jetson,/mnt/windows_share/20260425220419/E1/06147_-12984000_1777127113700.jpg,100,stage,shell,file_total,736,0,0,,
20260426_023405,2026-04-26T02:35:34,jetson,/mnt/windows_share/20260425220419/E1/06145_-12989750_1777127113504.jpg,100,stage,detect,save_json,27,0,0,,
20260426_023405,2026-04-26T02:35:34,jetson,/mnt/windows_share/20260425220419/E1/06145_-12989750_1777127113504.jpg,100,stage,detect,detect_process_total,752,,,,
20260426_023405,2026-04-26T02:35:34,jetson,/mnt/windows_share/20260425220419/E1/06145_-12989750_1777127113504.jpg,100,stage,shell,file_total,752,0,0,,
20260426_023405,2026-04-26T02:35:34,jetson,/mnt/windows_share/20260425220419/E1/06148_-12981250_1777127113800.jpg,100,stage,detect,save_json,22,0,0,,
20260426_023405,2026-04-26T02:35:34,jetson,/mnt/windows_share/20260425220419/E1/06148_-12981250_1777127113800.jpg,100,stage,detect,detect_process_total,487,,,,
20260426_023405,2026-04-26T02:35:34,jetson,/mnt/windows_share/20260425220419/E1/06148_-12981250_1777127113800.jpg,100,stage,shell,file_total,487,0,0,,
20260426_023405,2026-04-26T02:35:35,jetson,/mnt/windows_share/20260425220419/E1/06149_-12978500_1777127113899.jpg,100,stage,detect,read_image,73,,,,
20260426_023405,2026-04-26T02:35:35,jetson,,,stage,area0,process_total,24,,,1,
20260426_023405,2026-04-26T02:35:35,jetson,,,stage,area1,process_total,31,,,1,
20260426_023405,2026-04-26T02:35:35,jetson,/mnt/windows_share/20260425220419/E1/06150_-12975250_1777127114003.jpg,100,stage,detect,read_image,84,,,,
20260426_023405,2026-04-26T02:35:35,jetson,/mnt/windows_share/20260425220419/E1/06151_-12972750_1777127114099.jpg,100,stage,detect,read_image,107,,,,
20260426_023405,2026-04-26T02:35:35,jetson,/mnt/windows_share/20260425220419/E1/06152_-12970000_1777127114194.jpg,100,stage,detect,read_image,110,,,,
20260426_023405,2026-04-26T02:35:35,jetson,,,stage,element1,process_total,98,,,1,
20260426_023405,2026-04-26T02:35:35,jetson,,,stage,area0,process_total,89,,,1,
20260426_023405,2026-04-26T02:35:35,jetson,,,stage,area1,process_total,113,,,1,
20260426_023405,2026-04-26T02:35:35,jetson,,,stage,area1,process_total,94,,,1,
20260426_023405,2026-04-26T02:35:35,jetson,,,stage,area0,process_total,98,,,1,
20260426_023405,2026-04-26T02:35:35,jetson,,,stage,area1,process_total,91,,,1,
20260426_023405,2026-04-26T02:35:35,jetson,,,stage,area0,process_total,94,,,1,
20260426_023405,2026-04-26T02:35:35,jetson,,,stage,element2,process_total,248,,,1,
20260426_023405,2026-04-26T02:35:35,jetson,,,stage,element1,process_total,171,,,1,
20260426_023405,2026-04-26T02:35:35,jetson,,,stage,element1,process_total,188,,,1,
20260426_023405,2026-04-26T02:35:35,jetson,,,stage,element1,process_total,175,,,1,
20260426_023405,2026-04-26T02:35:35,jetson,,,stage,element2,process_total,236,,,1,
20260426_023405,2026-04-26T02:35:35,jetson,,,stage,element2,process_total,220,,,1,
20260426_023405,2026-04-26T02:35:35,jetson,,,stage,element2,process_total,236,,,1,
20260426_023405,2026-04-26T02:35:35,jetson,,,stage,detail1,process_total,397,,,5,
20260426_023405,2026-04-26T02:35:35,jetson,,,stage,element0,process_total,244,,,2,
20260426_023405,2026-04-26T02:35:35,jetson,,,stage,detail0,process_total,436,,,5,
20260426_023405,2026-04-26T02:35:35,jetson,/mnt/windows_share/20260425220419/E1/06149_-12978500_1777127113899.jpg,100,stage,detect,save_json,16,0,0,,
20260426_023405,2026-04-26T02:35:35,jetson,/mnt/windows_share/20260425220419/E1/06149_-12978500_1777127113899.jpg,100,stage,detect,detect_process_total,560,,,,
20260426_023405,2026-04-26T02:35:35,jetson,/mnt/windows_share/20260425220419/E1/06149_-12978500_1777127113899.jpg,100,stage,shell,file_total,560,0,0,,
20260426_023405,2026-04-26T02:35:35,jetson,,,stage,detail1,process_total,334,,,4,
20260426_023405,2026-04-26T02:35:35,jetson,,,stage,detail1,process_total,344,,,4,
20260426_023405,2026-04-26T02:35:35,jetson,,,stage,detail0,process_total,350,,,4,
20260426_023405,2026-04-26T02:35:35,jetson,,,stage,detail0,process_total,359,,,4,
20260426_023405,2026-04-26T02:35:35,jetson,/mnt/windows_share/20260425220419/E1/06151_-12972750_1777127114099.jpg,100,stage,detect,save_json,14,0,0,,
20260426_023405,2026-04-26T02:35:35,jetson,/mnt/windows_share/20260425220419/E1/06151_-12972750_1777127114099.jpg,100,stage,detect,detect_process_total,572,,,,
20260426_023405,2026-04-26T02:35:35,jetson,/mnt/windows_share/20260425220419/E1/06151_-12972750_1777127114099.jpg,100,stage,shell,file_total,572,0,0,,
20260426_023405,2026-04-26T02:35:35,jetson,,,stage,detail0,process_total,373,,,5,
20260426_023405,2026-04-26T02:35:35,jetson,,,stage,detail1,process_total,374,,,5,
20260426_023405,2026-04-26T02:35:35,jetson,/mnt/windows_share/20260425220419/E1/06152_-12970000_1777127114194.jpg,100,stage,detect,save_json,19,0,0,,
20260426_023405,2026-04-26T02:35:35,jetson,/mnt/windows_share/20260425220419/E1/06152_-12970000_1777127114194.jpg,100,stage,detect,detect_process_total,587,,,,
20260426_023405,2026-04-26T02:35:35,jetson,/mnt/windows_share/20260425220419/E1/06152_-12970000_1777127114194.jpg,100,stage,shell,file_total,587,0,0,,
20260426_023405,2026-04-26T02:35:35,jetson,/mnt/windows_share/20260425220419/E1/06150_-12975250_1777127114003.jpg,100,stage,detect,save_json,18,0,0,,
20260426_023405,2026-04-26T02:35:35,jetson,/mnt/windows_share/20260425220419/E1/06150_-12975250_1777127114003.jpg,100,stage,detect,detect_process_total,605,,,,
20260426_023405,2026-04-26T02:35:35,jetson,/mnt/windows_share/20260425220419/E1/06150_-12975250_1777127114003.jpg,100,stage,shell,file_total,605,0,0,,
20260426_023405,2026-04-26T02:35:35,jetson,/mnt/windows_share/20260425220419/E1/06153_-12967500_1777127114287.jpg,100,stage,detect,read_image,113,,,,
20260426_023405,2026-04-26T02:35:35,jetson,/mnt/windows_share/20260425220419/E1/06154_-12964750_1777127114380.jpg,100,stage,detect,read_image,78,,,,
20260426_023405,2026-04-26T02:35:35,jetson,,,stage,area1,process_total,26,,,1,
20260426_023405,2026-04-26T02:35:35,jetson,,,stage,area0,process_total,37,,,1,
20260426_023405,2026-04-26T02:35:35,jetson,,,stage,area1,process_total,39,,,1,
20260426_023405,2026-04-26T02:35:35,jetson,/mnt/windows_share/20260425220419/E1/06155_-12961750_1777127114478.jpg,100,stage,detect,read_image,107,,,,
20260426_023405,2026-04-26T02:35:35,jetson,/mnt/windows_share/20260425220419/E1/06156_-12959250_1777127114573.jpg,100,stage,detect,read_image,116,,,,
20260426_023405,2026-04-26T02:35:35,jetson,,,stage,area0,process_total,164,,,1,
20260426_023405,2026-04-26T02:35:35,jetson,,,stage,element1,process_total,150,,,1,
20260426_023405,2026-04-26T02:35:35,jetson,,,stage,area0,process_total,146,,,1,
20260426_023405,2026-04-26T02:35:35,jetson,,,stage,area1,process_total,149,,,1,
20260426_023405,2026-04-26T02:35:35,jetson,,,stage,area1,process_total,161,,,1,
20260426_023405,2026-04-26T02:35:35,jetson,,,stage,area0,process_total,156,,,1,
20260426_023405,2026-04-26T02:35:35,jetson,,,stage,element0,process_total,196,,,2,
20260426_023405,2026-04-26T02:35:35,jetson,,,stage,element2,process_total,232,,,1,
20260426_023405,2026-04-26T02:35:35,jetson,,,stage,element1,process_total,151,,,1,
20260426_023405,2026-04-26T02:35:36,jetson,,,stage,element1,process_total,204,,,1,
20260426_023405,2026-04-26T02:35:36,jetson,,,stage,element1,process_total,202,,,1,
20260426_023405,2026-04-26T02:35:36,jetson,,,stage,element2,process_total,262,,,1,
20260426_023405,2026-04-26T02:35:36,jetson,,,stage,element2,process_total,242,,,1,
20260426_023405,2026-04-26T02:35:36,jetson,,,stage,element2,process_total,244,,,1,
20260426_023405,2026-04-26T02:35:36,jetson,,,stage,element0,process_total,256,,,2,
20260426_023405,2026-04-26T02:35:36,jetson,,,stage,detail1,process_total,470,,,5,
20260426_023405,2026-04-26T02:35:36,jetson,,,stage,detail0,process_total,498,,,5,
20260426_023405,2026-04-26T02:35:36,jetson,/mnt/windows_share/20260425220419/E1/06153_-12967500_1777127114287.jpg,100,stage,detect,save_json,16,0,0,,
20260426_023405,2026-04-26T02:35:36,jetson,/mnt/windows_share/20260425220419/E1/06153_-12967500_1777127114287.jpg,100,stage,detect,detect_process_total,685,,,,
20260426_023405,2026-04-26T02:35:36,jetson,/mnt/windows_share/20260425220419/E1/06153_-12967500_1777127114287.jpg,100,stage,shell,file_total,685,0,0,,
20260426_023405,2026-04-26T02:35:36,jetson,,,stage,detail1,process_total,390,,,4,
20260426_023405,2026-04-26T02:35:36,jetson,,,stage,detail1,process_total,347,,,4,
20260426_023405,2026-04-26T02:35:36,jetson,,,stage,detail0,process_total,351,,,4,
20260426_023405,2026-04-26T02:35:36,jetson,,,stage,detail0,process_total,366,,,5,
20260426_023405,2026-04-26T02:35:36,jetson,,,stage,detail1,process_total,367,,,5,
20260426_023405,2026-04-26T02:35:36,jetson,,,stage,detail0,process_total,423,,,6,
20260426_023405,2026-04-26T02:35:36,jetson,/mnt/windows_share/20260425220419/E1/06155_-12961750_1777127114478.jpg,100,stage,detect,save_json,27,0,0,,
20260426_023405,2026-04-26T02:35:36,jetson,/mnt/windows_share/20260425220419/E1/06155_-12961750_1777127114478.jpg,100,stage,detect,detect_process_total,658,,,,
20260426_023405,2026-04-26T02:35:36,jetson,/mnt/windows_share/20260425220419/E1/06155_-12961750_1777127114478.jpg,100,stage,shell,file_total,658,0,0,,
20260426_023405,2026-04-26T02:35:36,jetson,/mnt/windows_share/20260425220419/E1/06154_-12964750_1777127114380.jpg,100,stage,detect,save_json,19,0,0,,
20260426_023405,2026-04-26T02:35:36,jetson,/mnt/windows_share/20260425220419/E1/06156_-12959250_1777127114573.jpg,100,stage,detect,save_json,23,0,0,,
20260426_023405,2026-04-26T02:35:36,jetson,/mnt/windows_share/20260425220419/E1/06154_-12964750_1777127114380.jpg,100,stage,detect,detect_process_total,689,,,,
20260426_023405,2026-04-26T02:35:36,jetson,/mnt/windows_share/20260425220419/E1/06154_-12964750_1777127114380.jpg,100,stage,shell,file_total,689,0,0,,
20260426_023405,2026-04-26T02:35:36,jetson,/mnt/windows_share/20260425220419/E1/06156_-12959250_1777127114573.jpg,100,stage,detect,detect_process_total,667,,,,
20260426_023405,2026-04-26T02:35:36,jetson,/mnt/windows_share/20260425220419/E1/06156_-12959250_1777127114573.jpg,100,stage,shell,file_total,667,0,0,,
20260426_023405,2026-04-26T02:35:36,jetson,/mnt/windows_share/20260425220419/E1/06157_-12956250_1777127114670.jpg,100,stage,detect,read_image,80,,,,
20260426_023405,2026-04-26T02:35:36,jetson,,,stage,area1,process_total,21,,,1,
20260426_023405,2026-04-26T02:35:36,jetson,,,stage,area0,process_total,34,,,1,
20260426_023405,2026-04-26T02:35:36,jetson,/mnt/windows_share/20260425220419/E1/06158_-12954250_1777127114763.jpg,100,stage,detect,read_image,87,,,,
20260426_023405,2026-04-26T02:35:36,jetson,/mnt/windows_share/20260425220419/E1/06159_-12951000_1777127114865.jpg,100,stage,detect,read_image,103,,,,
20260426_023405,2026-04-26T02:35:36,jetson,/mnt/windows_share/20260425220419/E1/06160_-12948000_1777127114963.jpg,100,stage,detect,read_image,117,,,,
20260426_023405,2026-04-26T02:35:36,jetson,,,stage,element1,process_total,93,,,1,
20260426_023405,2026-04-26T02:35:36,jetson,,,stage,area1,process_total,79,,,1,
20260426_023405,2026-04-26T02:35:36,jetson,,,stage,element2,process_total,120,,,1,
20260426_023405,2026-04-26T02:35:36,jetson,,,stage,area0,process_total,94,,,1,
20260426_023405,2026-04-26T02:35:36,jetson,,,stage,area1,process_total,107,,,1,
20260426_023405,2026-04-26T02:35:36,jetson,,,stage,area0,process_total,109,,,1,
20260426_023405,2026-04-26T02:35:36,jetson,,,stage,area1,process_total,103,,,1,
20260426_023405,2026-04-26T02:35:36,jetson,,,stage,area0,process_total,108,,,1,
20260426_023405,2026-04-26T02:35:36,jetson,,,stage,element1,process_total,153,,,1,
20260426_023405,2026-04-26T02:35:36,jetson,,,stage,detail1,process_total,292,,,4,
20260426_023405,2026-04-26T02:35:36,jetson,,,stage,detail0,process_total,309,,,4,
20260426_023405,2026-04-26T02:35:36,jetson,,,stage,element1,process_total,148,,,1,
20260426_023405,2026-04-26T02:35:36,jetson,,,stage,element1,process_total,147,,,1,
20260426_023405,2026-04-26T02:35:36,jetson,/mnt/windows_share/20260425220419/E1/06157_-12956250_1777127114670.jpg,100,stage,detect,save_json,16,0,0,,
20260426_023405,2026-04-26T02:35:36,jetson,/mnt/windows_share/20260425220419/E1/06157_-12956250_1777127114670.jpg,100,stage,detect,detect_process_total,443,,,,
20260426_023405,2026-04-26T02:35:36,jetson,/mnt/windows_share/20260425220419/E1/06157_-12956250_1777127114670.jpg,100,stage,shell,file_total,443,0,0,,
20260426_023405,2026-04-26T02:35:36,jetson,,,stage,element2,process_total,213,,,1,
20260426_023405,2026-04-26T02:35:36,jetson,,,stage,element2,process_total,191,,,1,
20260426_023405,2026-04-26T02:35:36,jetson,,,stage,element2,process_total,176,,,1,
20260426_023405,2026-04-26T02:35:36,jetson,,,stage,element0,process_total,224,,,2,
20260426_023405,2026-04-26T02:35:36,jetson,/mnt/windows_share/20260425220419/E1/06161_-12945250_1777127115060.jpg,100,stage,detect,read_image,85,,,,
20260426_023405,2026-04-26T02:35:36,jetson,,,stage,detail1,process_total,319,,,4,
20260426_023405,2026-04-26T02:35:36,jetson,,,stage,detail0,process_total,324,,,4,
20260426_023405,2026-04-26T02:35:36,jetson,,,stage,detail0,process_total,290,,,4,
20260426_023405,2026-04-26T02:35:36,jetson,/mnt/windows_share/20260425220419/E1/06158_-12954250_1777127114763.jpg,100,stage,detect,save_json,15,0,0,,
20260426_023405,2026-04-26T02:35:36,jetson,,,stage,area0,process_total,55,,,1,
20260426_023405,2026-04-26T02:35:36,jetson,/mnt/windows_share/20260425220419/E1/06158_-12954250_1777127114763.jpg,100,stage,detect,detect_process_total,540,,,,
20260426_023405,2026-04-26T02:35:36,jetson,/mnt/windows_share/20260425220419/E1/06158_-12954250_1777127114763.jpg,100,stage,shell,file_total,540,0,0,,
20260426_023405,2026-04-26T02:35:36,jetson,,,stage,area1,process_total,58,,,1,
20260426_023405,2026-04-26T02:35:36,jetson,,,stage,detail1,process_total,294,,,5,
20260426_023405,2026-04-26T02:35:36,jetson,,,stage,detail1,process_total,320,,,5,
20260426_023405,2026-04-26T02:35:36,jetson,/mnt/windows_share/20260425220419/E1/06160_-12948000_1777127114963.jpg,100,stage,detect,save_json,24,0,0,,
20260426_023405,2026-04-26T02:35:36,jetson,/mnt/windows_share/20260425220419/E1/06160_-12948000_1777127114963.jpg,100,stage,detect,detect_process_total,556,,,,
20260426_023405,2026-04-26T02:35:36,jetson,/mnt/windows_share/20260425220419/E1/06160_-12948000_1777127114963.jpg,100,stage,shell,file_total,556,0,0,,
20260426_023405,2026-04-26T02:35:36,jetson,,,stage,detail0,process_total,354,,,5,
20260426_023405,2026-04-26T02:35:36,jetson,/mnt/windows_share/20260425220419/E1/06159_-12951000_1777127114865.jpg,100,stage,detect,save_json,22,0,0,,
20260426_023405,2026-04-26T02:35:36,jetson,/mnt/windows_share/20260425220419/E1/06159_-12951000_1777127114865.jpg,100,stage,detect,detect_process_total,593,,,,
20260426_023405,2026-04-26T02:35:36,jetson,/mnt/windows_share/20260425220419/E1/06159_-12951000_1777127114865.jpg,100,stage,shell,file_total,593,0,0,,
20260426_023405,2026-04-26T02:35:36,jetson,,,stage,element1,process_total,66,,,1,
20260426_023405,2026-04-26T02:35:36,jetson,/mnt/windows_share/20260425220419/E1/06162_-12942500_1777127115158.jpg,100,stage,detect,read_image,82,,,,
20260426_023405,2026-04-26T02:35:36,jetson,,,stage,element0,process_total,83,,,2,
20260426_023405,2026-04-26T02:35:36,jetson,,,stage,element2,process_total,83,,,1,
20260426_023405,2026-04-26T02:35:36,jetson,,,stage,area1,process_total,38,,,1,
20260426_023405,2026-04-26T02:35:36,jetson,/mnt/windows_share/20260425220419/E1/06163_-12939750_1777127115255.jpg,100,stage,detect,read_image,99,,,,
20260426_023405,2026-04-26T02:35:36,jetson,,,stage,detail1,process_total,139,,,5,
20260426_023405,2026-04-26T02:35:36,jetson,,,stage,area0,process_total,52,,,1,
20260426_023405,2026-04-26T02:35:36,jetson,/mnt/windows_share/20260425220419/E1/06164_-12937000_1777127115350.jpg,100,stage,detect,read_image,81,,,,
20260426_023405,2026-04-26T02:35:36,jetson,,,stage,detail0,process_total,148,,,5,
20260426_023405,2026-04-26T02:35:36,jetson,/mnt/windows_share/20260425220419/E1/06161_-12945250_1777127115060.jpg,100,stage,detect,save_json,16,0,0,,
20260426_023405,2026-04-26T02:35:36,jetson,/mnt/windows_share/20260425220419/E1/06161_-12945250_1777127115060.jpg,100,stage,detect,detect_process_total,323,,,,
20260426_023405,2026-04-26T02:35:36,jetson,/mnt/windows_share/20260425220419/E1/06161_-12945250_1777127115060.jpg,100,stage,shell,file_total,323,0,0,,
20260426_023405,2026-04-26T02:35:36,jetson,,,stage,area1,process_total,70,,,1,
20260426_023405,2026-04-26T02:35:36,jetson,,,stage,area0,process_total,73,,,1,
20260426_023405,2026-04-26T02:35:37,jetson,,,stage,element1,process_total,78,,,1,
20260426_023405,2026-04-26T02:35:37,jetson,,,stage,area0,process_total,108,,,1,
20260426_023405,2026-04-26T02:35:37,jetson,,,stage,area1,process_total,113,,,1,
20260426_023405,2026-04-26T02:35:37,jetson,/mnt/windows_share/20260425220419/E1/06165_-12934250_1777127115447.jpg,100,stage,detect,read_image,96,,,,
20260426_023405,2026-04-26T02:35:37,jetson,,,stage,element1,process_total,128,,,1,
20260426_023405,2026-04-26T02:35:37,jetson,,,stage,element2,process_total,238,,,1,
20260426_023405,2026-04-26T02:35:37,jetson,,,stage,area1,process_total,119,,,1,
20260426_023405,2026-04-26T02:35:37,jetson,,,stage,element2,process_total,200,,,1,
20260426_023405,2026-04-26T02:35:37,jetson,,,stage,element1,process_total,142,,,1,
20260426_023405,2026-04-26T02:35:37,jetson,,,stage,area0,process_total,143,,,1,
20260426_023405,2026-04-26T02:35:37,jetson,,,stage,element0,process_total,214,,,2,
20260426_023405,2026-04-26T02:35:37,jetson,,,stage,element2,process_total,217,,,1,
20260426_023405,2026-04-26T02:35:37,jetson,,,stage,detail1,process_total,359,,,4,
20260426_023405,2026-04-26T02:35:37,jetson,,,stage,element1,process_total,93,,,1,
20260426_023405,2026-04-26T02:35:37,jetson,,,stage,detail0,process_total,379,,,4,
20260426_023405,2026-04-26T02:35:37,jetson,/mnt/windows_share/20260425220419/E1/06162_-12942500_1777127115158.jpg,100,stage,detect,save_json,13,0,0,,
20260426_023405,2026-04-26T02:35:37,jetson,/mnt/windows_share/20260425220419/E1/06162_-12942500_1777127115158.jpg,100,stage,detect,detect_process_total,542,,,,
20260426_023405,2026-04-26T02:35:37,jetson,/mnt/windows_share/20260425220419/E1/06162_-12942500_1777127115158.jpg,100,stage,shell,file_total,542,0,0,,
20260426_023405,2026-04-26T02:35:37,jetson,,,stage,element2,process_total,137,,,1,
20260426_023405,2026-04-26T02:35:37,jetson,,,stage,element0,process_total,144,,,2,
20260426_023405,2026-04-26T02:35:37,jetson,,,stage,detail1,process_total,321,,,4,
20260426_023405,2026-04-26T02:35:37,jetson,,,stage,detail0,process_total,325,,,4,
20260426_023405,2026-04-26T02:35:37,jetson,,,stage,detail1,process_total,392,,,5,
20260426_023405,2026-04-26T02:35:37,jetson,,,stage,detail0,process_total,401,,,5,
20260426_023405,2026-04-26T02:35:37,jetson,/mnt/windows_share/20260425220419/E1/06164_-12937000_1777127115350.jpg,100,stage,detect,save_json,15,0,0,,
20260426_023405,2026-04-26T02:35:37,jetson,/mnt/windows_share/20260425220419/E1/06164_-12937000_1777127115350.jpg,100,stage,detect,detect_process_total,547,,,,
20260426_023405,2026-04-26T02:35:37,jetson,/mnt/windows_share/20260425220419/E1/06164_-12937000_1777127115350.jpg,100,stage,shell,file_total,547,0,0,,
20260426_023405,2026-04-26T02:35:37,jetson,,,stage,detail1,process_total,190,,,4,
20260426_023405,2026-04-26T02:35:37,jetson,,,stage,detail0,process_total,192,,,4,
20260426_023405,2026-04-26T02:35:37,jetson,/mnt/windows_share/20260425220419/E1/06166_-12931750_1777127115544.jpg,100,stage,detect,read_image,79,,,,
20260426_023405,2026-04-26T02:35:37,jetson,/mnt/windows_share/20260425220419/E1/06163_-12939750_1777127115255.jpg,100,stage,detect,save_json,24,0,0,,
20260426_023405,2026-04-26T02:35:37,jetson,/mnt/windows_share/20260425220419/E1/06163_-12939750_1777127115255.jpg,100,stage,detect,detect_process_total,601,,,,
20260426_023405,2026-04-26T02:35:37,jetson,/mnt/windows_share/20260425220419/E1/06163_-12939750_1777127115255.jpg,100,stage,shell,file_total,601,0,0,,
20260426_023405,2026-04-26T02:35:37,jetson,/mnt/windows_share/20260425220419/E1/06165_-12934250_1777127115447.jpg,100,stage,detect,save_json,17,0,0,,
20260426_023405,2026-04-26T02:35:37,jetson,/mnt/windows_share/20260425220419/E1/06165_-12934250_1777127115447.jpg,100,stage,detect,detect_process_total,457,,,,
20260426_023405,2026-04-26T02:35:37,jetson,/mnt/windows_share/20260425220419/E1/06165_-12934250_1777127115447.jpg,100,stage,shell,file_total,457,0,0,,
20260426_023405,2026-04-26T02:35:37,jetson,,,stage,area0,process_total,24,,,1,
20260426_023405,2026-04-26T02:35:37,jetson,,,stage,area1,process_total,31,,,1,
20260426_023405,2026-04-26T02:35:37,jetson,/mnt/windows_share/20260425220419/E1/06167_-12929000_1777127115640.jpg,100,stage,detect,read_image,88,,,,
20260426_023405,2026-04-26T02:35:37,jetson,,,stage,element1,process_total,70,,,1,
20260426_023405,2026-04-26T02:35:37,jetson,/mnt/windows_share/20260425220419/E1/06168_-12926250_1777127115737.jpg,100,stage,detect,read_image,102,,,,
20260426_023405,2026-04-26T02:35:37,jetson,/mnt/windows_share/20260425220419/E1/06169_-12923500_1777127115835.jpg,100,stage,detect,read_image,106,,,,
20260426_023405,2026-04-26T02:35:37,jetson,,,stage,element2,process_total,96,,,1,
20260426_023405,2026-04-26T02:35:37,jetson,,,stage,area1,process_total,84,,,1,
20260426_023405,2026-04-26T02:35:37,jetson,,,stage,area0,process_total,85,,,1,
20260426_023405,2026-04-26T02:35:37,jetson,,,stage,area1,process_total,78,,,1,
20260426_023405,2026-04-26T02:35:37,jetson,,,stage,area0,process_total,82,,,1,
20260426_023405,2026-04-26T02:35:37,jetson,,,stage,area1,process_total,75,,,1,
20260426_023405,2026-04-26T02:35:37,jetson,,,stage,area0,process_total,77,,,1,
20260426_023405,2026-04-26T02:35:37,jetson,,,stage,element1,process_total,144,,,1,
20260426_023405,2026-04-26T02:35:37,jetson,,,stage,element1,process_total,130,,,1,
20260426_023405,2026-04-26T02:35:37,jetson,,,stage,element1,process_total,146,,,1,
20260426_023405,2026-04-26T02:35:37,jetson,,,stage,element2,process_total,208,,,1,
20260426_023405,2026-04-26T02:35:37,jetson,,,stage,element2,process_total,192,,,1,
20260426_023405,2026-04-26T02:35:37,jetson,,,stage,element2,process_total,191,,,1,
20260426_023405,2026-04-26T02:35:37,jetson,,,stage,detail1,process_total,373,,,5,
20260426_023405,2026-04-26T02:35:37,jetson,,,stage,detail0,process_total,400,,,5,
20260426_023405,2026-04-26T02:35:37,jetson,/mnt/windows_share/20260425220419/E1/06166_-12931750_1777127115544.jpg,100,stage,detect,save_json,18,0,0,,
20260426_023405,2026-04-26T02:35:37,jetson,/mnt/windows_share/20260425220419/E1/06166_-12931750_1777127115544.jpg,100,stage,detect,detect_process_total,531,,,,
20260426_023405,2026-04-26T02:35:37,jetson,/mnt/windows_share/20260425220419/E1/06166_-12931750_1777127115544.jpg,100,stage,shell,file_total,531,0,0,,
20260426_023405,2026-04-26T02:35:37,jetson,,,stage,detail1,process_total,321,,,4,
20260426_023405,2026-04-26T02:35:37,jetson,,,stage,detail0,process_total,332,,,4,
20260426_023405,2026-04-26T02:35:37,jetson,,,stage,detail1,process_total,308,,,4,
20260426_023405,2026-04-26T02:35:37,jetson,,,stage,detail0,process_total,310,,,4,
20260426_023405,2026-04-26T02:35:37,jetson,,,stage,detail1,process_total,317,,,5,
20260426_023405,2026-04-26T02:35:37,jetson,/mnt/windows_share/20260425220419/E1/06167_-12929000_1777127115640.jpg,100,stage,detect,save_json,18,0,0,,
20260426_023405,2026-04-26T02:35:37,jetson,/mnt/windows_share/20260425220419/E1/06167_-12929000_1777127115640.jpg,100,stage,detect,detect_process_total,527,,,,
20260426_023405,2026-04-26T02:35:37,jetson,/mnt/windows_share/20260425220419/E1/06167_-12929000_1777127115640.jpg,100,stage,shell,file_total,527,0,0,,
20260426_023405,2026-04-26T02:35:37,jetson,,,stage,detail0,process_total,321,,,5,
20260426_023405,2026-04-26T02:35:37,jetson,/mnt/windows_share/20260425220419/E1/06168_-12926250_1777127115737.jpg,100,stage,detect,save_json,25,0,0,,
20260426_023405,2026-04-26T02:35:37,jetson,/mnt/windows_share/20260425220419/E1/06168_-12926250_1777127115737.jpg,100,stage,detect,detect_process_total,523,,,,
20260426_023405,2026-04-26T02:35:37,jetson,/mnt/windows_share/20260425220419/E1/06168_-12926250_1777127115737.jpg,100,stage,shell,file_total,523,0,0,,
20260426_023405,2026-04-26T02:35:37,jetson,/mnt/windows_share/20260425220419/E1/06170_-12920750_1777127115933.jpg,100,stage,detect,read_image,88,,,,
20260426_023405,2026-04-26T02:35:37,jetson,/mnt/windows_share/20260425220419/E1/06169_-12923500_1777127115835.jpg,100,stage,detect,save_json,18,0,0,,
20260426_023405,2026-04-26T02:35:37,jetson,/mnt/windows_share/20260425220419/E1/06169_-12923500_1777127115835.jpg,100,stage,detect,detect_process_total,526,,,,
20260426_023405,2026-04-26T02:35:37,jetson,/mnt/windows_share/20260425220419/E1/06169_-12923500_1777127115835.jpg,100,stage,shell,file_total,526,0,0,,
20260426_023405,2026-04-26T02:35:37,jetson,,,stage,area1,process_total,25,,,1,
20260426_023405,2026-04-26T02:35:37,jetson,,,stage,area0,process_total,34,,,1,
20260426_023405,2026-04-26T02:35:38,jetson,/mnt/windows_share/20260425220419/E1/06171_-12918250_1777127116029.jpg,100,stage,detect,read_image,84,,,,
20260426_023405,2026-04-26T02:35:38,jetson,,,stage,element1,process_total,26,,,1,
20260426_023405,2026-04-26T02:35:38,jetson,/mnt/windows_share/20260425220419/E1/06172_-12915250_1777127116123.jpg,100,stage,detect,read_image,90,,,,
20260426_023405,2026-04-26T02:35:38,jetson,/mnt/windows_share/20260425220419/E1/06173_-12913000_1777127116221.jpg,100,stage,detect,read_image,105,,,,
20260426_023405,2026-04-26T02:35:38,jetson,,,stage,area0,process_total,82,,,1,
20260426_023405,2026-04-26T02:35:38,jetson,,,stage,area1,process_total,86,,,1,
20260426_023405,2026-04-26T02:35:38,jetson,,,stage,element2,process_total,126,,,1,
20260426_023405,2026-04-26T02:35:38,jetson,,,stage,area1,process_total,102,,,1,
20260426_023405,2026-04-26T02:35:38,jetson,,,stage,area0,process_total,104,,,1,
20260426_023405,2026-04-26T02:35:38,jetson,,,stage,area0,process_total,91,,,1,
20260426_023405,2026-04-26T02:35:38,jetson,,,stage,area1,process_total,92,,,1,
20260426_023405,2026-04-26T02:35:38,jetson,,,stage,element1,process_total,126,,,1,
20260426_023405,2026-04-26T02:35:38,jetson,,,stage,detail1,process_total,292,,,4,
20260426_023405,2026-04-26T02:35:38,jetson,,,stage,detail0,process_total,299,,,4,
20260426_023405,2026-04-26T02:35:38,jetson,/mnt/windows_share/20260425220419/E1/06170_-12920750_1777127115933.jpg,100,stage,detect,save_json,15,0,0,,
20260426_023405,2026-04-26T02:35:38,jetson,,,stage,element1,process_total,157,,,1,
20260426_023405,2026-04-26T02:35:38,jetson,/mnt/windows_share/20260425220419/E1/06170_-12920750_1777127115933.jpg,100,stage,detect,detect_process_total,439,,,,
20260426_023405,2026-04-26T02:35:38,jetson,/mnt/windows_share/20260425220419/E1/06170_-12920750_1777127115933.jpg,100,stage,shell,file_total,439,0,0,,
20260426_023405,2026-04-26T02:35:38,jetson,,,stage,element1,process_total,146,,,1,
20260426_023405,2026-04-26T02:35:38,jetson,,,stage,element2,process_total,219,,,1,
20260426_023405,2026-04-26T02:35:38,jetson,,,stage,element2,process_total,194,,,1,
20260426_023405,2026-04-26T02:35:38,jetson,,,stage,element2,process_total,188,,,1,
20260426_023405,2026-04-26T02:35:38,jetson,,,stage,element0,process_total,208,,,2,
20260426_023405,2026-04-26T02:35:38,jetson,/mnt/windows_share/20260425220419/E1/06174_-12909750_1777127116325.jpg,100,stage,detect,read_image,89,,,,
20260426_023405,2026-04-26T02:35:38,jetson,,,stage,detail0,process_total,250,,,3,
20260426_023405,2026-04-26T02:35:38,jetson,,,stage,detail0,process_total,317,,,4,
20260426_023405,2026-04-26T02:35:38,jetson,,,stage,detail1,process_total,275,,,4,
20260426_023405,2026-04-26T02:35:38,jetson,,,stage,detail0,process_total,290,,,4,
20260426_023405,2026-04-26T02:35:38,jetson,,,stage,area0,process_total,47,,,1,
20260426_023405,2026-04-26T02:35:38,jetson,,,stage,area1,process_total,50,,,1,
20260426_023405,2026-04-26T02:35:38,jetson,,,stage,detail1,process_total,337,,,5,
20260426_023405,2026-04-26T02:35:38,jetson,,,stage,detail1,process_total,300,,,5,
20260426_023405,2026-04-26T02:35:38,jetson,/mnt/windows_share/20260425220419/E1/06173_-12913000_1777127116221.jpg,100,stage,detect,save_json,14,0,0,,
20260426_023405,2026-04-26T02:35:38,jetson,/mnt/windows_share/20260425220419/E1/06173_-12913000_1777127116221.jpg,100,stage,detect,detect_process_total,493,,,,
20260426_023405,2026-04-26T02:35:38,jetson,/mnt/windows_share/20260425220419/E1/06173_-12913000_1777127116221.jpg,100,stage,shell,file_total,494,0,0,,
20260426_023405,2026-04-26T02:35:38,jetson,/mnt/windows_share/20260425220419/E1/06171_-12918250_1777127116029.jpg,100,stage,detect,save_json,19,0,0,,
20260426_023405,2026-04-26T02:35:38,jetson,/mnt/windows_share/20260425220419/E1/06171_-12918250_1777127116029.jpg,100,stage,detect,detect_process_total,533,,,,
20260426_023405,2026-04-26T02:35:38,jetson,/mnt/windows_share/20260425220419/E1/06171_-12918250_1777127116029.jpg,100,stage,shell,file_total,534,0,0,,
20260426_023405,2026-04-26T02:35:38,jetson,,,stage,element1,process_total,23,,,1,
20260426_023405,2026-04-26T02:35:38,jetson,/mnt/windows_share/20260425220419/E1/06172_-12915250_1777127116123.jpg,100,stage,detect,save_json,23,0,0,,
20260426_023405,2026-04-26T02:35:38,jetson,/mnt/windows_share/20260425220419/E1/06172_-12915250_1777127116123.jpg,100,stage,detect,detect_process_total,525,,,,
20260426_023405,2026-04-26T02:35:38,jetson,/mnt/windows_share/20260425220419/E1/06172_-12915250_1777127116123.jpg,100,stage,shell,file_total,526,0,0,,
20260426_023405,2026-04-26T02:35:38,jetson,,,stage,detail0,process_total,78,,,4,
20260426_023405,2026-04-26T02:35:38,jetson,,,stage,element2,process_total,82,,,1,
20260426_023405,2026-04-26T02:35:38,jetson,,,stage,detail1,process_total,95,,,5,
20260426_023405,2026-04-26T02:35:38,jetson,/mnt/windows_share/20260425220419/E1/06175_-12907000_1777127116425.jpg,100,stage,detect,read_image,92,,,,
20260426_023405,2026-04-26T02:35:38,jetson,/mnt/windows_share/20260425220419/E1/06174_-12909750_1777127116325.jpg,100,stage,detect,save_json,19,0,0,,
20260426_023405,2026-04-26T02:35:38,jetson,/mnt/windows_share/20260425220419/E1/06174_-12909750_1777127116325.jpg,100,stage,detect,detect_process_total,256,,,,
20260426_023405,2026-04-26T02:35:38,jetson,/mnt/windows_share/20260425220419/E1/06174_-12909750_1777127116325.jpg,100,stage,shell,file_total,256,0,0,,
20260426_023405,2026-04-26T02:35:38,jetson,/mnt/windows_share/20260425220419/E1/06177_-12901500_1777127116620.jpg,100,stage,detect,read_image,88,,,,
20260426_023405,2026-04-26T02:35:38,jetson,,,stage,area0,process_total,20,,,1,
20260426_023405,2026-04-26T02:35:38,jetson,/mnt/windows_share/20260425220419/E1/06176_-12904250_1777127116523.jpg,100,stage,detect,read_image,102,,,,
20260426_023405,2026-04-26T02:35:38,jetson,,,stage,area1,process_total,27,,,1,
20260426_023405,2026-04-26T02:35:38,jetson,/mnt/windows_share/20260425220419/E1/06178_-12899000_1777127116718.jpg,100,stage,detect,read_image,87,,,,
20260426_023405,2026-04-26T02:35:38,jetson,,,stage,area0,process_total,121,,,1,
20260426_023405,2026-04-26T02:35:38,jetson,,,stage,element1,process_total,112,,,1,
20260426_023405,2026-04-26T02:35:38,jetson,,,stage,area1,process_total,123,,,1,
20260426_023405,2026-04-26T02:35:38,jetson,,,stage,area0,process_total,116,,,1,
20260426_023405,2026-04-26T02:35:38,jetson,,,stage,area1,process_total,115,,,1,
20260426_023405,2026-04-26T02:35:38,jetson,,,stage,element2,process_total,176,,,1,
20260426_023405,2026-04-26T02:35:38,jetson,,,stage,area1,process_total,123,,,1,
20260426_023405,2026-04-26T02:35:38,jetson,,,stage,area0,process_total,126,,,1,
20260426_023405,2026-04-26T02:35:38,jetson,,,stage,element1,process_total,135,,,1,
20260426_023405,2026-04-26T02:35:38,jetson,,,stage,detail0,process_total,257,,,3,
20260426_023405,2026-04-26T02:35:38,jetson,,,stage,element1,process_total,141,,,1,
20260426_023405,2026-04-26T02:35:38,jetson,,,stage,element2,process_total,171,,,1,
20260426_023405,2026-04-26T02:35:38,jetson,,,stage,element1,process_total,112,,,1,
20260426_023405,2026-04-26T02:35:38,jetson,,,stage,element2,process_total,207,,,1,
20260426_023405,2026-04-26T02:35:38,jetson,,,stage,element2,process_total,152,,,1,
20260426_023405,2026-04-26T02:35:38,jetson,,,stage,detail1,process_total,418,,,5,
20260426_023405,2026-04-26T02:35:38,jetson,,,stage,detail1,process_total,308,,,4,
20260426_023405,2026-04-26T02:35:39,jetson,/mnt/windows_share/20260425220419/E1/06175_-12907000_1777127116425.jpg,100,stage,detect,save_json,19,0,0,,
20260426_023405,2026-04-26T02:35:39,jetson,/mnt/windows_share/20260425220419/E1/06175_-12907000_1777127116425.jpg,100,stage,detect,detect_process_total,561,,,,
20260426_023405,2026-04-26T02:35:39,jetson,/mnt/windows_share/20260425220419/E1/06175_-12907000_1777127116425.jpg,100,stage,shell,file_total,561,0,0,,
20260426_023405,2026-04-26T02:35:39,jetson,,,stage,detail0,process_total,322,,,4,
20260426_023405,2026-04-26T02:35:39,jetson,,,stage,detail1,process_total,333,,,5,
20260426_023405,2026-04-26T02:35:39,jetson,,,stage,detail1,process_total,245,,,4,
20260426_023405,2026-04-26T02:35:39,jetson,,,stage,detail0,process_total,339,,,5,
20260426_023405,2026-04-26T02:35:39,jetson,/mnt/windows_share/20260425220419/E1/06176_-12904250_1777127116523.jpg,100,stage,detect,save_json,25,0,0,,
20260426_023405,2026-04-26T02:35:39,jetson,/mnt/windows_share/20260425220419/E1/06176_-12904250_1777127116523.jpg,100,stage,detect,detect_process_total,573,,,,
20260426_023405,2026-04-26T02:35:39,jetson,/mnt/windows_share/20260425220419/E1/06176_-12904250_1777127116523.jpg,100,stage,shell,file_total,573,0,0,,
20260426_023405,2026-04-26T02:35:39,jetson,,,stage,detail0,process_total,272,,,6,
20260426_023405,2026-04-26T02:35:39,jetson,/mnt/windows_share/20260425220419/E1/06177_-12901500_1777127116620.jpg,100,stage,detect,save_json,26,0,0,,
20260426_023405,2026-04-26T02:35:39,jetson,/mnt/windows_share/20260425220419/E1/06177_-12901500_1777127116620.jpg,100,stage,detect,detect_process_total,578,,,,
20260426_023405,2026-04-26T02:35:39,jetson,/mnt/windows_share/20260425220419/E1/06177_-12901500_1777127116620.jpg,100,stage,shell,file_total,579,0,0,,
20260426_023405,2026-04-26T02:35:39,jetson,/mnt/windows_share/20260425220419/E1/06178_-12899000_1777127116718.jpg,100,stage,detect,save_json,34,0,0,,
20260426_023405,2026-04-26T02:35:39,jetson,/mnt/windows_share/20260425220419/E1/06178_-12899000_1777127116718.jpg,100,stage,detect,detect_process_total,523,,,,
20260426_023405,2026-04-26T02:35:39,jetson,/mnt/windows_share/20260425220419/E1/06178_-12899000_1777127116718.jpg,100,stage,shell,file_total,523,0,0,,
20260426_023405,2026-04-26T02:35:39,jetson,/mnt/windows_share/20260425220419/E1/06179_-12896250_1777127116817.jpg,100,stage,detect,read_image,97,,,,
20260426_023405,2026-04-26T02:35:39,jetson,/mnt/windows_share/20260425220419/E1/06180_-12893500_1777127116918.jpg,100,stage,detect,read_image,82,,,,
20260426_023405,2026-04-26T02:35:39,jetson,,,stage,area0,process_total,33,,,1,
20260426_023405,2026-04-26T02:35:39,jetson,/mnt/windows_share/20260425220419/E1/06181_-12890750_1777127117017.jpg,100,stage,detect,read_image,106,,,,
20260426_023405,2026-04-26T02:35:39,jetson,,,stage,area1,process_total,56,,,1,
20260426_023405,2026-04-26T02:35:39,jetson,/mnt/windows_share/20260425220419/E1/06182_-12888000_1777127117117.jpg,100,stage,detect,read_image,107,,,,
20260426_023405,2026-04-26T02:35:39,jetson,,,stage,area1,process_total,87,,,1,
20260426_023405,2026-04-26T02:35:39,jetson,,,stage,area1,process_total,49,,,1,
20260426_023405,2026-04-26T02:35:39,jetson,,,stage,area0,process_total,50,,,1,
20260426_023405,2026-04-26T02:35:39,jetson,,,stage,area0,process_total,129,,,1,
20260426_023405,2026-04-26T02:35:39,jetson,,,stage,element1,process_total,165,,,1,
20260426_023405,2026-04-26T02:35:39,jetson,,,stage,element1,process_total,172,,,1,
20260426_023405,2026-04-26T02:35:39,jetson,,,stage,area0,process_total,201,,,1,
20260426_023405,2026-04-26T02:35:39,jetson,,,stage,area1,process_total,203,,,1,
20260426_023405,2026-04-26T02:35:39,jetson,,,stage,element1,process_total,198,,,1,
20260426_023405,2026-04-26T02:35:39,jetson,,,stage,element2,process_total,269,,,1,
20260426_023405,2026-04-26T02:35:39,jetson,,,stage,element2,process_total,294,,,1,
20260426_023405,2026-04-26T02:35:39,jetson,,,stage,element2,process_total,234,,,1,
20260426_023405,2026-04-26T02:35:39,jetson,,,stage,element1,process_total,110,,,1,
20260426_023405,2026-04-26T02:35:39,jetson,,,stage,element2,process_total,145,,,1,
20260426_023405,2026-04-26T02:35:39,jetson,,,stage,detail0,process_total,340,,,3,
20260426_023405,2026-04-26T02:35:39,jetson,,,stage,detail1,process_total,394,,,4,
20260426_023405,2026-04-26T02:35:39,jetson,,,stage,detail1,process_total,368,,,4,
20260426_023405,2026-04-26T02:35:39,jetson,,,stage,detail0,process_total,406,,,4,
20260426_023405,2026-04-26T02:35:39,jetson,/mnt/windows_share/20260425220419/E1/06179_-12896250_1777127116817.jpg,100,stage,detect,save_json,17,0,0,,
20260426_023405,2026-04-26T02:35:39,jetson,/mnt/windows_share/20260425220419/E1/06179_-12896250_1777127116817.jpg,100,stage,detect,detect_process_total,617,,,,
20260426_023405,2026-04-26T02:35:39,jetson,/mnt/windows_share/20260425220419/E1/06179_-12896250_1777127116817.jpg,100,stage,shell,file_total,617,0,0,,
20260426_023405,2026-04-26T02:35:39,jetson,,,stage,detail1,process_total,451,,,5,
20260426_023405,2026-04-26T02:35:39,jetson,,,stage,detail0,process_total,453,,,5,
20260426_023405,2026-04-26T02:35:39,jetson,/mnt/windows_share/20260425220419/E1/06181_-12890750_1777127117017.jpg,100,stage,detect,save_json,22,0,0,,
20260426_023405,2026-04-26T02:35:39,jetson,,,stage,detail1,process_total,243,,,5,
20260426_023405,2026-04-26T02:35:39,jetson,/mnt/windows_share/20260425220419/E1/06181_-12890750_1777127117017.jpg,100,stage,detect,detect_process_total,589,,,,
20260426_023405,2026-04-26T02:35:39,jetson,/mnt/windows_share/20260425220419/E1/06181_-12890750_1777127117017.jpg,100,stage,shell,file_total,589,0,0,,
20260426_023405,2026-04-26T02:35:39,jetson,,,stage,detail0,process_total,250,,,5,
20260426_023405,2026-04-26T02:35:39,jetson,/mnt/windows_share/20260425220419/E1/06180_-12893500_1777127116918.jpg,100,stage,detect,save_json,21,1,1,,
20260426_023405,2026-04-26T02:35:39,jetson,/mnt/windows_share/20260425220419/E1/06180_-12893500_1777127116918.jpg,100,stage,detect,detect_process_total,616,,,,
20260426_023405,2026-04-26T02:35:39,jetson,/mnt/windows_share/20260425220419/E1/06180_-12893500_1777127116918.jpg,100,stage,shell,file_total,616,1,1,,
20260426_023405,2026-04-26T02:35:39,jetson,/mnt/windows_share/20260425220419/E1/06182_-12888000_1777127117117.jpg,100,stage,detect,save_json,19,0,0,,
20260426_023405,2026-04-26T02:35:39,jetson,/mnt/windows_share/20260425220419/E1/06182_-12888000_1777127117117.jpg,100,stage,detect,detect_process_total,582,,,,
20260426_023405,2026-04-26T02:35:39,jetson,/mnt/windows_share/20260425220419/E1/06182_-12888000_1777127117117.jpg,100,stage,shell,file_total,582,0,0,,
20260426_023405,2026-04-26T02:35:39,jetson,/mnt/windows_share/20260425220419/E1/06183_-12885500_1777127117218.jpg,100,stage,detect,read_image,90,,,,
20260426_023405,2026-04-26T02:35:39,jetson,/mnt/windows_share/20260425220419/E1/06184_-12882500_1777127117319.jpg,100,stage,detect,read_image,85,,,,
20260426_023405,2026-04-26T02:35:39,jetson,/mnt/windows_share/20260425220419/E1/06185_-12879750_1777127117419.jpg,100,stage,detect,read_image,94,,,,
20260426_023405,2026-04-26T02:35:39,jetson,,,stage,area0,process_total,44,,,1,
20260426_023405,2026-04-26T02:35:39,jetson,,,stage,area1,process_total,56,,,1,
20260426_023405,2026-04-26T02:35:39,jetson,,,stage,area0,process_total,58,,,1,
20260426_023405,2026-04-26T02:35:39,jetson,/mnt/windows_share/20260425220419/E1/06186_-12877000_1777127117520.jpg,100,stage,detect,read_image,109,,,,
20260426_023405,2026-04-26T02:35:39,jetson,,,stage,area1,process_total,54,,,1,
20260426_023405,2026-04-26T02:35:39,jetson,,,stage,area0,process_total,40,,,1,
20260426_023405,2026-04-26T02:35:39,jetson,,,stage,area1,process_total,47,,,1,
20260426_023405,2026-04-26T02:35:39,jetson,,,stage,area1,process_total,168,,,1,
20260426_023405,2026-04-26T02:35:39,jetson,,,stage,area0,process_total,170,,,1,
20260426_023405,2026-04-26T02:35:39,jetson,,,stage,element1,process_total,181,,,1,
20260426_023405,2026-04-26T02:35:39,jetson,,,stage,element1,process_total,196,,,1,
20260426_023405,2026-04-26T02:35:40,jetson,,,stage,element1,process_total,195,,,1,
20260426_023405,2026-04-26T02:35:40,jetson,,,stage,element2,process_total,279,,,1,
20260426_023405,2026-04-26T02:35:40,jetson,,,stage,element2,process_total,257,,,1,
20260426_023405,2026-04-26T02:35:40,jetson,,,stage,element2,process_total,282,,,1,
20260426_023405,2026-04-26T02:35:40,jetson,,,stage,element1,process_total,142,,,1,
20260426_023405,2026-04-26T02:35:40,jetson,,,stage,element2,process_total,178,,,1,
20260426_023405,2026-04-26T02:35:40,jetson,,,stage,detail1,process_total,386,,,4,
20260426_023405,2026-04-26T02:35:40,jetson,,,stage,detail0,process_total,401,,,4,
20260426_023405,2026-04-26T02:35:40,jetson,/mnt/windows_share/20260425220419/E1/06184_-12882500_1777127117319.jpg,100,stage,detect,save_json,19,0,0,,
20260426_023405,2026-04-26T02:35:40,jetson,/mnt/windows_share/20260425220419/E1/06184_-12882500_1777127117319.jpg,100,stage,detect,detect_process_total,563,,,,
20260426_023405,2026-04-26T02:35:40,jetson,/mnt/windows_share/20260425220419/E1/06184_-12882500_1777127117319.jpg,100,stage,shell,file_total,563,0,0,,
20260426_023405,2026-04-26T02:35:40,jetson,,,stage,detail1,process_total,436,,,5,
20260426_023405,2026-04-26T02:35:40,jetson,,,stage,detail0,process_total,440,,,5,
20260426_023405,2026-04-26T02:35:40,jetson,,,stage,detail1,process_total,422,,,5,
20260426_023405,2026-04-26T02:35:40,jetson,,,stage,detail1,process_total,278,,,4,
20260426_023405,2026-04-26T02:35:40,jetson,,,stage,detail0,process_total,279,,,4,
20260426_023405,2026-04-26T02:35:40,jetson,,,stage,detail0,process_total,426,,,5,
20260426_023405,2026-04-26T02:35:40,jetson,/mnt/windows_share/20260425220419/E1/06183_-12885500_1777127117218.jpg,100,stage,detect,save_json,20,0,0,,
20260426_023405,2026-04-26T02:35:40,jetson,/mnt/windows_share/20260425220419/E1/06183_-12885500_1777127117218.jpg,100,stage,detect,detect_process_total,616,,,,
20260426_023405,2026-04-26T02:35:40,jetson,/mnt/windows_share/20260425220419/E1/06183_-12885500_1777127117218.jpg,100,stage,shell,file_total,616,0,0,,
20260426_023405,2026-04-26T02:35:40,jetson,/mnt/windows_share/20260425220419/E1/06186_-12877000_1777127117520.jpg,100,stage,detect,save_json,16,0,0,,
20260426_023405,2026-04-26T02:35:40,jetson,/mnt/windows_share/20260425220419/E1/06186_-12877000_1777127117520.jpg,100,stage,detect,detect_process_total,578,,,,
20260426_023405,2026-04-26T02:35:40,jetson,/mnt/windows_share/20260425220419/E1/06186_-12877000_1777127117520.jpg,100,stage,shell,file_total,578,0,0,,
20260426_023405,2026-04-26T02:35:40,jetson,/mnt/windows_share/20260425220419/E1/06185_-12879750_1777127117419.jpg,100,stage,detect,save_json,20,0,0,,
20260426_023405,2026-04-26T02:35:40,jetson,/mnt/windows_share/20260425220419/E1/06185_-12879750_1777127117419.jpg,100,stage,detect,detect_process_total,593,,,,
20260426_023405,2026-04-26T02:35:40,jetson,/mnt/windows_share/20260425220419/E1/06185_-12879750_1777127117419.jpg,100,stage,shell,file_total,593,0,0,,
20260426_023405,2026-04-26T02:35:40,jetson,/mnt/windows_share/20260425220419/E1/06187_-12874500_1777127117621.jpg,100,stage,detect,read_image,75,,,,
20260426_023405,2026-04-26T02:35:40,jetson,,,stage,area0,process_total,22,,,1,
20260426_023405,2026-04-26T02:35:40,jetson,,,stage,area1,process_total,29,,,1,
20260426_023405,2026-04-26T02:35:40,jetson,/mnt/windows_share/20260425220419/E1/06188_-12873250_1777127117719.jpg,100,stage,detect,read_image,82,,,,
20260426_023405,2026-04-26T02:35:40,jetson,/mnt/windows_share/20260425220419/E1/06189_-12869000_1777127117820.jpg,100,stage,detect,read_image,89,,,,
20260426_023405,2026-04-26T02:35:40,jetson,/mnt/windows_share/20260425220419/E1/06190_-12866250_1777127117923.jpg,100,stage,detect,read_image,103,,,,
20260426_023405,2026-04-26T02:35:40,jetson,,,stage,element1,process_total,130,,,1,
20260426_023405,2026-04-26T02:35:40,jetson,,,stage,element0,process_total,139,,,2,
20260426_023405,2026-04-26T02:35:40,jetson,,,stage,area0,process_total,118,,,1,
20260426_023405,2026-04-26T02:35:40,jetson,,,stage,area1,process_total,122,,,1,
20260426_023405,2026-04-26T02:35:40,jetson,,,stage,area1,process_total,120,,,1,
20260426_023405,2026-04-26T02:35:40,jetson,,,stage,area0,process_total,103,,,1,
20260426_023405,2026-04-26T02:35:40,jetson,,,stage,area1,process_total,100,,,1,
20260426_023405,2026-04-26T02:35:40,jetson,,,stage,element2,process_total,148,,,1,
20260426_023405,2026-04-26T02:35:40,jetson,,,stage,area0,process_total,138,,,1,
20260426_023405,2026-04-26T02:35:40,jetson,,,stage,element1,process_total,203,,,1,
20260426_023405,2026-04-26T02:35:40,jetson,,,stage,element1,process_total,198,,,1,
20260426_023405,2026-04-26T02:35:40,jetson,,,stage,element1,process_total,189,,,1,
20260426_023405,2026-04-26T02:35:40,jetson,,,stage,detail0,process_total,364,,,5,
20260426_023405,2026-04-26T02:35:40,jetson,,,stage,element2,process_total,249,,,1,
20260426_023405,2026-04-26T02:35:40,jetson,,,stage,element2,process_total,226,,,1,
20260426_023405,2026-04-26T02:35:40,jetson,,,stage,element2,process_total,248,,,1,
20260426_023405,2026-04-26T02:35:40,jetson,,,stage,detail1,process_total,407,,,5,
20260426_023405,2026-04-26T02:35:40,jetson,/mnt/windows_share/20260425220419/E1/06187_-12874500_1777127117621.jpg,100,stage,detect,save_json,15,0,0,,
20260426_023405,2026-04-26T02:35:40,jetson,/mnt/windows_share/20260425220419/E1/06187_-12874500_1777127117621.jpg,100,stage,detect,detect_process_total,530,,,,
20260426_023405,2026-04-26T02:35:40,jetson,/mnt/windows_share/20260425220419/E1/06187_-12874500_1777127117621.jpg,100,stage,shell,file_total,530,0,0,,
20260426_023405,2026-04-26T02:35:40,jetson,,,stage,detail1,process_total,310,,,4,
20260426_023405,2026-04-26T02:35:40,jetson,,,stage,detail0,process_total,320,,,4,
20260426_023405,2026-04-26T02:35:40,jetson,/mnt/windows_share/20260425220419/E1/06189_-12869000_1777127117820.jpg,100,stage,detect,save_json,13,0,0,,
20260426_023405,2026-04-26T02:35:40,jetson,/mnt/windows_share/20260425220419/E1/06189_-12869000_1777127117820.jpg,100,stage,detect,detect_process_total,545,,,,
20260426_023405,2026-04-26T02:35:40,jetson,/mnt/windows_share/20260425220419/E1/06189_-12869000_1777127117820.jpg,100,stage,shell,file_total,545,0,0,,
20260426_023405,2026-04-26T02:35:40,jetson,,,stage,detail1,process_total,336,,,5,
20260426_023405,2026-04-26T02:35:40,jetson,,,stage,detail1,process_total,322,,,5,
20260426_023405,2026-04-26T02:35:40,jetson,,,stage,detail0,process_total,326,,,5,
20260426_023405,2026-04-26T02:35:40,jetson,,,stage,detail0,process_total,336,,,5,
20260426_023405,2026-04-26T02:35:40,jetson,/mnt/windows_share/20260425220419/E1/06191_-12863250_1777127118024.jpg,100,stage,detect,read_image,78,,,,
20260426_023405,2026-04-26T02:35:40,jetson,/mnt/windows_share/20260425220419/E1/06188_-12873250_1777127117719.jpg,100,stage,detect,save_json,25,0,0,,
20260426_023405,2026-04-26T02:35:40,jetson,/mnt/windows_share/20260425220419/E1/06188_-12873250_1777127117719.jpg,100,stage,detect,detect_process_total,582,,,,
20260426_023405,2026-04-26T02:35:40,jetson,/mnt/windows_share/20260425220419/E1/06188_-12873250_1777127117719.jpg,100,stage,shell,file_total,582,0,0,,
20260426_023405,2026-04-26T02:35:40,jetson,/mnt/windows_share/20260425220419/E1/06190_-12866250_1777127117923.jpg,100,stage,detect,save_json,31,0,0,,
20260426_023405,2026-04-26T02:35:40,jetson,/mnt/windows_share/20260425220419/E1/06190_-12866250_1777127117923.jpg,100,stage,detect,detect_process_total,583,,,,
20260426_023405,2026-04-26T02:35:40,jetson,/mnt/windows_share/20260425220419/E1/06190_-12866250_1777127117923.jpg,100,stage,shell,file_total,583,0,0,,
20260426_023405,2026-04-26T02:35:40,jetson,,,stage,area0,process_total,22,,,1,
20260426_023405,2026-04-26T02:35:40,jetson,,,stage,area1,process_total,29,,,1,
20260426_023405,2026-04-26T02:35:40,jetson,/mnt/windows_share/20260425220419/E1/06192_-12860500_1777127118123.jpg,100,stage,detect,read_image,86,,,,
20260426_023405,2026-04-26T02:35:40,jetson,,,stage,element1,process_total,46,,,1,
20260426_023405,2026-04-26T02:35:40,jetson,/mnt/windows_share/20260425220419/E1/06194_-12855250_1777127118325.jpg,100,stage,detect,read_image,116,,,,
20260426_023405,2026-04-26T02:35:40,jetson,,,stage,area1,process_total,85,,,1,
20260426_023405,2026-04-26T02:35:40,jetson,,,stage,detail1,process_total,120,,,4,
20260426_023405,2026-04-26T02:35:40,jetson,,,stage,area0,process_total,93,,,1,
20260426_023405,2026-04-26T02:35:40,jetson,/mnt/windows_share/20260425220419/E1/06193_-12858000_1777127118223.jpg,100,stage,detect,read_image,146,,,,
20260426_023405,2026-04-26T02:35:41,jetson,,,stage,element2,process_total,198,,,1,
20260426_023405,2026-04-26T02:35:41,jetson,,,stage,area0,process_total,106,,,1,
20260426_023405,2026-04-26T02:35:41,jetson,,,stage,area1,process_total,110,,,1,
20260426_023405,2026-04-26T02:35:41,jetson,,,stage,detail0,process_total,231,,,4,
20260426_023405,2026-04-26T02:35:41,jetson,,,stage,area1,process_total,106,,,1,
20260426_023405,2026-04-26T02:35:41,jetson,/mnt/windows_share/20260425220419/E1/06191_-12863250_1777127118024.jpg,100,stage,detect,save_json,20,0,0,,
20260426_023405,2026-04-26T02:35:41,jetson,,,stage,element1,process_total,118,,,1,
20260426_023405,2026-04-26T02:35:41,jetson,/mnt/windows_share/20260425220419/E1/06191_-12863250_1777127118024.jpg,100,stage,detect,detect_process_total,368,,,,
20260426_023405,2026-04-26T02:35:41,jetson,/mnt/windows_share/20260425220419/E1/06191_-12863250_1777127118024.jpg,100,stage,shell,file_total,368,0,0,,
20260426_023405,2026-04-26T02:35:41,jetson,,,stage,area0,process_total,124,,,1,
20260426_023405,2026-04-26T02:35:41,jetson,,,stage,element2,process_total,170,,,1,
20260426_023405,2026-04-26T02:35:41,jetson,,,stage,element1,process_total,105,,,1,
20260426_023405,2026-04-26T02:35:41,jetson,/mnt/windows_share/20260425220419/E1/06195_-12852250_1777127118430.jpg,100,stage,detect,read_image,85,,,,
20260426_023405,2026-04-26T02:35:41,jetson,,,stage,element1,process_total,116,,,1,
20260426_023405,2026-04-26T02:35:41,jetson,,,stage,element2,process_total,200,,,1,
20260426_023405,2026-04-26T02:35:41,jetson,,,stage,element2,process_total,184,,,1,
20260426_023405,2026-04-26T02:35:41,jetson,,,stage,area0,process_total,103,,,1,
20260426_023405,2026-04-26T02:35:41,jetson,,,stage,area1,process_total,103,,,1,
20260426_023405,2026-04-26T02:35:41,jetson,,,stage,detail0,process_total,379,,,4,
20260426_023405,2026-04-26T02:35:41,jetson,,,stage,element1,process_total,86,,,1,
20260426_023405,2026-04-26T02:35:41,jetson,,,stage,detail1,process_total,416,,,5,
20260426_023405,2026-04-26T02:35:41,jetson,,,stage,detail1,process_total,330,,,4,
20260426_023405,2026-04-26T02:35:41,jetson,/mnt/windows_share/20260425220419/E1/06192_-12860500_1777127118123.jpg,100,stage,detect,save_json,16,0,0,,
20260426_023405,2026-04-26T02:35:41,jetson,/mnt/windows_share/20260425220419/E1/06192_-12860500_1777127118123.jpg,100,stage,detect,detect_process_total,615,,,,
20260426_023405,2026-04-26T02:35:41,jetson,/mnt/windows_share/20260425220419/E1/06192_-12860500_1777127118123.jpg,100,stage,shell,file_total,615,0,0,,
20260426_023405,2026-04-26T02:35:41,jetson,,,stage,detail0,process_total,343,,,4,
20260426_023405,2026-04-26T02:35:41,jetson,,,stage,element2,process_total,114,,,1,
20260426_023405,2026-04-26T02:35:41,jetson,,,stage,element0,process_total,123,,,2,
20260426_023405,2026-04-26T02:35:41,jetson,/mnt/windows_share/20260425220419/E1/06194_-12855250_1777127118325.jpg,100,stage,detect,save_json,19,0,0,,
20260426_023405,2026-04-26T02:35:41,jetson,/mnt/windows_share/20260425220419/E1/06194_-12855250_1777127118325.jpg,100,stage,detect,detect_process_total,594,,,,
20260426_023405,2026-04-26T02:35:41,jetson,/mnt/windows_share/20260425220419/E1/06194_-12855250_1777127118325.jpg,100,stage,shell,file_total,594,0,0,,
20260426_023405,2026-04-26T02:35:41,jetson,,,stage,detail1,process_total,335,,,5,
20260426_023405,2026-04-26T02:35:41,jetson,,,stage,detail0,process_total,344,,,5,
20260426_023405,2026-04-26T02:35:41,jetson,,,stage,detail1,process_total,171,,,5,
20260426_023405,2026-04-26T02:35:41,jetson,,,stage,detail0,process_total,178,,,5,
20260426_023405,2026-04-26T02:35:41,jetson,/mnt/windows_share/20260425220419/E1/06193_-12858000_1777127118223.jpg,100,stage,detect,save_json,23,0,0,,
20260426_023405,2026-04-26T02:35:41,jetson,/mnt/windows_share/20260425220419/E1/06193_-12858000_1777127118223.jpg,100,stage,detect,detect_process_total,651,,,,
20260426_023405,2026-04-26T02:35:41,jetson,/mnt/windows_share/20260425220419/E1/06193_-12858000_1777127118223.jpg,100,stage,shell,file_total,651,0,0,,
20260426_023405,2026-04-26T02:35:41,jetson,/mnt/windows_share/20260425220419/E1/06195_-12852250_1777127118430.jpg,100,stage,detect,save_json,18,0,0,,
20260426_023405,2026-04-26T02:35:41,jetson,/mnt/windows_share/20260425220419/E1/06195_-12852250_1777127118430.jpg,100,stage,detect,detect_process_total,390,,,,
20260426_023405,2026-04-26T02:35:41,jetson,/mnt/windows_share/20260425220419/E1/06195_-12852250_1777127118430.jpg,100,stage,shell,file_total,390,0,0,,
20260426_023405,2026-04-26T02:35:41,jetson,/mnt/windows_share/20260425220419/E1/06196_-12849750_1777127118530.jpg,100,stage,detect,read_image,93,,,,
20260426_023405,2026-04-26T02:35:41,jetson,/mnt/windows_share/20260425220419/E1/06197_-12846750_1777127118633.jpg,100,stage,detect,read_image,90,,,,
20260426_023405,2026-04-26T02:35:41,jetson,,,stage,area0,process_total,30,,,1,
20260426_023405,2026-04-26T02:35:41,jetson,,,stage,area1,process_total,48,,,1,
20260426_023405,2026-04-26T02:35:41,jetson,,,stage,area1,process_total,32,,,1,
20260426_023405,2026-04-26T02:35:41,jetson,,,stage,area0,process_total,34,,,1,
20260426_023405,2026-04-26T02:35:41,jetson,/mnt/windows_share/20260425220419/E1/06198_-12844000_1777127118738.jpg,100,stage,detect,read_image,110,,,,
20260426_023405,2026-04-26T02:35:41,jetson,/mnt/windows_share/20260425220419/E1/06199_-12841500_1777127118841.jpg,100,stage,detect,read_image,123,,,,
20260426_023405,2026-04-26T02:35:41,jetson,,,stage,element1,process_total,146,,,1,
20260426_023405,2026-04-26T02:35:41,jetson,,,stage,element1,process_total,145,,,1,
20260426_023405,2026-04-26T02:35:41,jetson,,,stage,area0,process_total,139,,,1,
20260426_023405,2026-04-26T02:35:41,jetson,,,stage,area1,process_total,127,,,1,
20260426_023405,2026-04-26T02:35:41,jetson,,,stage,area1,process_total,112,,,1,
20260426_023405,2026-04-26T02:35:41,jetson,,,stage,area0,process_total,113,,,1,
20260426_023405,2026-04-26T02:35:41,jetson,,,stage,element2,process_total,226,,,1,
20260426_023405,2026-04-26T02:35:41,jetson,,,stage,element2,process_total,237,,,1,
20260426_023405,2026-04-26T02:35:41,jetson,,,stage,element0,process_total,247,,,2,
20260426_023405,2026-04-26T02:35:41,jetson,,,stage,element1,process_total,145,,,1,
20260426_023405,2026-04-26T02:35:41,jetson,,,stage,element1,process_total,148,,,1,
20260426_023405,2026-04-26T02:35:41,jetson,,,stage,detail0,process_total,401,,,4,
20260426_023405,2026-04-26T02:35:41,jetson,,,stage,element2,process_total,225,,,1,
20260426_023405,2026-04-26T02:35:41,jetson,,,stage,element2,process_total,221,,,1,
20260426_023405,2026-04-26T02:35:41,jetson,,,stage,element0,process_total,232,,,2,
20260426_023405,2026-04-26T02:35:41,jetson,,,stage,element0,process_total,227,,,2,
20260426_023405,2026-04-26T02:35:41,jetson,,,stage,detail1,process_total,431,,,4,
20260426_023405,2026-04-26T02:35:42,jetson,/mnt/windows_share/20260425220419/E1/06196_-12849750_1777127118530.jpg,100,stage,detect,save_json,15,0,0,,
20260426_023405,2026-04-26T02:35:42,jetson,,,stage,detail0,process_total,448,,,5,
20260426_023405,2026-04-26T02:35:42,jetson,/mnt/windows_share/20260425220419/E1/06196_-12849750_1777127118530.jpg,100,stage,detect,detect_process_total,595,,,,
20260426_023405,2026-04-26T02:35:42,jetson,/mnt/windows_share/20260425220419/E1/06196_-12849750_1777127118530.jpg,100,stage,shell,file_total,595,0,0,,
20260426_023405,2026-04-26T02:35:42,jetson,,,stage,detail1,process_total,450,,,5,
20260426_023405,2026-04-26T02:35:42,jetson,,,stage,detail1,process_total,291,,,4,
20260426_023405,2026-04-26T02:35:42,jetson,/mnt/windows_share/20260425220419/E1/06197_-12846750_1777127118633.jpg,100,stage,detect,save_json,38,0,0,,
20260426_023405,2026-04-26T02:35:42,jetson,,,stage,detail0,process_total,309,,,4,
20260426_023405,2026-04-26T02:35:42,jetson,/mnt/windows_share/20260425220419/E1/06197_-12846750_1777127118633.jpg,100,stage,detect,detect_process_total,615,,,,
20260426_023405,2026-04-26T02:35:42,jetson,/mnt/windows_share/20260425220419/E1/06197_-12846750_1777127118633.jpg,100,stage,shell,file_total,615,0,0,,
20260426_023405,2026-04-26T02:35:42,jetson,,,stage,detail1,process_total,320,,,5,
20260426_023405,2026-04-26T02:35:42,jetson,,,stage,detail0,process_total,328,,,5,
20260426_023405,2026-04-26T02:35:42,jetson,/mnt/windows_share/20260425220419/E1/06199_-12841500_1777127118841.jpg,100,stage,detect,save_json,21,0,0,,
20260426_023405,2026-04-26T02:35:42,jetson,/mnt/windows_share/20260425220419/E1/06199_-12841500_1777127118841.jpg,100,stage,detect,detect_process_total,571,,,,
20260426_023405,2026-04-26T02:35:42,jetson,/mnt/windows_share/20260425220419/E1/06199_-12841500_1777127118841.jpg,100,stage,shell,file_total,571,0,0,,
20260426_023405,2026-04-26T02:35:42,jetson,/mnt/windows_share/20260425220419/E1/06198_-12844000_1777127118738.jpg,100,stage,detect,save_json,28,0,0,,
20260426_023405,2026-04-26T02:35:42,jetson,/mnt/windows_share/20260425220419/E1/06198_-12844000_1777127118738.jpg,100,stage,detect,detect_process_total,610,,,,
20260426_023405,2026-04-26T02:35:42,jetson,/mnt/windows_share/20260425220419/E1/06198_-12844000_1777127118738.jpg,100,stage,shell,file_total,610,0,0,,
20260426_023405,2026-04-26T02:35:42,jetson,/mnt/windows_share/20260425220419/E1/06200_-12838500_1777127118947.jpg,100,stage,detect,read_image,98,,,,
20260426_023405,2026-04-26T02:35:42,jetson,,,stage,area0,process_total,29,,,1,
20260426_023405,2026-04-26T02:35:42,jetson,,,stage,area1,process_total,38,,,1,
20260426_023405,2026-04-26T02:35:42,jetson,/mnt/windows_share/20260425220419/E1/06201_-12835500_1777127119054.jpg,100,stage,detect,read_image,98,,,,
20260426_023405,2026-04-26T02:35:42,jetson,/mnt/windows_share/20260425220419/E1/06203_-12830000_1777127119265.jpg,100,stage,detect,read_image,99,,,,
20260426_023405,2026-04-26T02:35:42,jetson,/mnt/windows_share/20260425220419/E1/06202_-12832750_1777127119163.jpg,100,stage,detect,read_image,123,,,,
20260426_023405,2026-04-26T02:35:42,jetson,,,stage,element1,process_total,129,,,1,
20260426_023405,2026-04-26T02:35:42,jetson,,,stage,element0,process_total,131,,,2,
20260426_023405,2026-04-26T02:35:42,jetson,,,stage,area0,process_total,131,,,1,
20260426_023405,2026-04-26T02:35:42,jetson,,,stage,area1,process_total,118,,,1,
20260426_023405,2026-04-26T02:35:42,jetson,,,stage,area0,process_total,128,,,1,
20260426_023405,2026-04-26T02:35:42,jetson,,,stage,area1,process_total,129,,,1,
20260426_023405,2026-04-26T02:35:42,jetson,,,stage,area0,process_total,129,,,1,
20260426_023405,2026-04-26T02:35:42,jetson,,,stage,area1,process_total,120,,,1,
20260426_023405,2026-04-26T02:35:42,jetson,,,stage,element2,process_total,237,,,1,
20260426_023405,2026-04-26T02:35:42,jetson,,,stage,element1,process_total,171,,,1,
20260426_023405,2026-04-26T02:35:42,jetson,,,stage,element1,process_total,213,,,1,
20260426_023405,2026-04-26T02:35:42,jetson,,,stage,element1,process_total,203,,,1,
20260426_023405,2026-04-26T02:35:42,jetson,,,stage,element0,process_total,268,,,2,
20260426_023405,2026-04-26T02:35:42,jetson,,,stage,element2,process_total,281,,,1,
20260426_023405,2026-04-26T02:35:42,jetson,,,stage,element2,process_total,269,,,1,
20260426_023405,2026-04-26T02:35:42,jetson,,,stage,element2,process_total,263,,,1,
20260426_023405,2026-04-26T02:35:42,jetson,,,stage,element0,process_total,282,,,2,
20260426_023405,2026-04-26T02:35:42,jetson,,,stage,detail0,process_total,497,,,5,
20260426_023405,2026-04-26T02:35:42,jetson,,,stage,detail1,process_total,499,,,5,
20260426_023405,2026-04-26T02:35:42,jetson,/mnt/windows_share/20260425220419/E1/06200_-12838500_1777127118947.jpg,100,stage,detect,save_json,17,0,0,,
20260426_023405,2026-04-26T02:35:42,jetson,/mnt/windows_share/20260425220419/E1/06200_-12838500_1777127118947.jpg,100,stage,detect,detect_process_total,657,,,,
20260426_023405,2026-04-26T02:35:42,jetson,/mnt/windows_share/20260425220419/E1/06200_-12838500_1777127118947.jpg,100,stage,shell,file_total,657,0,0,,
20260426_023405,2026-04-26T02:35:42,jetson,,,stage,detail0,process_total,413,,,4,
20260426_023405,2026-04-26T02:35:42,jetson,,,stage,detail0,process_total,391,,,4,
20260426_023405,2026-04-26T02:35:42,jetson,,,stage,detail0,process_total,385,,,4,
20260426_023405,2026-04-26T02:35:42,jetson,,,stage,detail1,process_total,440,,,5,
20260426_023405,2026-04-26T02:35:42,jetson,,,stage,detail1,process_total,401,,,5,
20260426_023405,2026-04-26T02:35:42,jetson,,,stage,detail1,process_total,397,,,5,
20260426_023405,2026-04-26T02:35:42,jetson,/mnt/windows_share/20260425220419/E1/06201_-12835500_1777127119054.jpg,100,stage,detect,save_json,18,0,0,,
20260426_023405,2026-04-26T02:35:42,jetson,/mnt/windows_share/20260425220419/E1/06201_-12835500_1777127119054.jpg,100,stage,detect,detect_process_total,693,,,,
20260426_023405,2026-04-26T02:35:42,jetson,/mnt/windows_share/20260425220419/E1/06201_-12835500_1777127119054.jpg,100,stage,shell,file_total,693,0,0,,
20260426_023405,2026-04-26T02:35:42,jetson,/mnt/windows_share/20260425220419/E1/06202_-12832750_1777127119163.jpg,100,stage,detect,save_json,18,0,0,,
20260426_023405,2026-04-26T02:35:42,jetson,/mnt/windows_share/20260425220419/E1/06202_-12832750_1777127119163.jpg,100,stage,detect,detect_process_total,674,,,,
20260426_023405,2026-04-26T02:35:42,jetson,/mnt/windows_share/20260425220419/E1/06202_-12832750_1777127119163.jpg,100,stage,shell,file_total,674,0,0,,
20260426_023405,2026-04-26T02:35:42,jetson,/mnt/windows_share/20260425220419/E1/06203_-12830000_1777127119265.jpg,100,stage,detect,save_json,21,0,0,,
20260426_023405,2026-04-26T02:35:42,jetson,/mnt/windows_share/20260425220419/E1/06203_-12830000_1777127119265.jpg,100,stage,detect,detect_process_total,655,,,,
20260426_023405,2026-04-26T02:35:42,jetson,/mnt/windows_share/20260425220419/E1/06203_-12830000_1777127119265.jpg,100,stage,shell,file_total,655,0,0,,
20260426_023405,2026-04-26T02:35:42,jetson,/mnt/windows_share/20260425220419/E1/06204_-12827500_1777127119367.jpg,100,stage,detect,read_image,90,,,,
20260426_023405,2026-04-26T02:35:42,jetson,,,stage,area1,process_total,23,,,1,
20260426_023405,2026-04-26T02:35:42,jetson,,,stage,area0,process_total,32,,,1,
20260426_023405,2026-04-26T02:35:42,jetson,/mnt/windows_share/20260425220419/E1/06205_-12824500_1777127119471.jpg,100,stage,detect,read_image,83,,,,
20260426_023405,2026-04-26T02:35:42,jetson,,,stage,element1,process_total,50,,,1,
20260426_023405,2026-04-26T02:35:42,jetson,/mnt/windows_share/20260425220419/E1/06206_-12822000_1777127119572.jpg,100,stage,detect,read_image,96,,,,
20260426_023405,2026-04-26T02:35:42,jetson,/mnt/windows_share/20260425220419/E1/06207_-12819000_1777127119677.jpg,100,stage,detect,read_image,117,,,,
20260426_023405,2026-04-26T02:35:42,jetson,,,stage,element0,process_total,83,,,2,
20260426_023405,2026-04-26T02:35:42,jetson,,,stage,area0,process_total,99,,,1,
20260426_023405,2026-04-26T02:35:42,jetson,,,stage,area1,process_total,100,,,1,
20260426_023405,2026-04-26T02:35:42,jetson,,,stage,element2,process_total,141,,,1,
20260426_023405,2026-04-26T02:35:42,jetson,,,stage,area1,process_total,130,,,1,
20260426_023405,2026-04-26T02:35:42,jetson,,,stage,area0,process_total,131,,,1,
20260426_023405,2026-04-26T02:35:42,jetson,,,stage,area1,process_total,130,,,1,
20260426_023405,2026-04-26T02:35:42,jetson,,,stage,area0,process_total,131,,,1,
20260426_023405,2026-04-26T02:35:43,jetson,,,stage,element1,process_total,171,,,1,
20260426_023405,2026-04-26T02:35:43,jetson,,,stage,element1,process_total,153,,,1,
20260426_023405,2026-04-26T02:35:43,jetson,,,stage,element1,process_total,164,,,1,
20260426_023405,2026-04-26T02:35:43,jetson,,,stage,element2,process_total,249,,,1,
20260426_023405,2026-04-26T02:35:43,jetson,,,stage,element2,process_total,217,,,1,
20260426_023405,2026-04-26T02:35:43,jetson,,,stage,element0,process_total,268,,,2,
20260426_023405,2026-04-26T02:35:43,jetson,,,stage,element2,process_total,199,,,1,
20260426_023405,2026-04-26T02:35:43,jetson,,,stage,detail1,process_total,422,,,5,
20260426_023405,2026-04-26T02:35:43,jetson,,,stage,detail0,process_total,497,,,5,
20260426_023405,2026-04-26T02:35:43,jetson,/mnt/windows_share/20260425220419/E1/06204_-12827500_1777127119367.jpg,100,stage,detect,save_json,14,0,0,,
20260426_023405,2026-04-26T02:35:43,jetson,/mnt/windows_share/20260425220419/E1/06204_-12827500_1777127119367.jpg,100,stage,detect,detect_process_total,636,,,,
20260426_023405,2026-04-26T02:35:43,jetson,/mnt/windows_share/20260425220419/E1/06204_-12827500_1777127119367.jpg,100,stage,shell,file_total,636,0,0,,
20260426_023405,2026-04-26T02:35:43,jetson,,,stage,detail1,process_total,379,,,4,
20260426_023405,2026-04-26T02:35:43,jetson,,,stage,detail0,process_total,382,,,4,
20260426_023405,2026-04-26T02:35:43,jetson,,,stage,detail1,process_total,354,,,5,
20260426_023405,2026-04-26T02:35:43,jetson,,,stage,detail1,process_total,345,,,5,
20260426_023405,2026-04-26T02:35:43,jetson,,,stage,detail0,process_total,372,,,5,
20260426_023405,2026-04-26T02:35:43,jetson,,,stage,detail0,process_total,346,,,5,
20260426_023405,2026-04-26T02:35:43,jetson,/mnt/windows_share/20260425220419/E1/06205_-12824500_1777127119471.jpg,100,stage,detect,save_json,35,0,0,,
20260426_023405,2026-04-26T02:35:43,jetson,/mnt/windows_share/20260425220419/E1/06205_-12824500_1777127119471.jpg,100,stage,detect,detect_process_total,604,,,,
20260426_023405,2026-04-26T02:35:43,jetson,/mnt/windows_share/20260425220419/E1/06205_-12824500_1777127119471.jpg,100,stage,shell,file_total,604,0,0,,
20260426_023405,2026-04-26T02:35:43,jetson,/mnt/windows_share/20260425220419/E1/06207_-12819000_1777127119677.jpg,100,stage,detect,save_json,16,0,0,,
20260426_023405,2026-04-26T02:35:43,jetson,/mnt/windows_share/20260425220419/E1/06207_-12819000_1777127119677.jpg,100,stage,detect,detect_process_total,614,,,,
20260426_023405,2026-04-26T02:35:43,jetson,/mnt/windows_share/20260425220419/E1/06207_-12819000_1777127119677.jpg,100,stage,shell,file_total,614,0,0,,
20260426_023405,2026-04-26T02:35:43,jetson,/mnt/windows_share/20260425220419/E1/06206_-12822000_1777127119572.jpg,100,stage,detect,save_json,21,0,0,,
20260426_023405,2026-04-26T02:35:43,jetson,/mnt/windows_share/20260425220419/E1/06206_-12822000_1777127119572.jpg,100,stage,detect,detect_process_total,627,,,,
20260426_023405,2026-04-26T02:35:43,jetson,/mnt/windows_share/20260425220419/E1/06206_-12822000_1777127119572.jpg,100,stage,shell,file_total,627,0,0,,
20260426_023405,2026-04-26T02:35:43,jetson,/mnt/windows_share/20260425220419/E1/06208_-12817500_1777127119781.jpg,100,stage,detect,read_image,83,,,,
20260426_023405,2026-04-26T02:35:43,jetson,,,stage,area0,process_total,29,,,1,
20260426_023405,2026-04-26T02:35:43,jetson,,,stage,area1,process_total,39,,,1,
20260426_023405,2026-04-26T02:35:43,jetson,/mnt/windows_share/20260425220419/E1/06209_-12813500_1777127119888.jpg,100,stage,detect,read_image,89,,,,
20260426_023405,2026-04-26T02:35:43,jetson,/mnt/windows_share/20260425220419/E1/06211_-12808000_1777127120104.jpg,100,stage,detect,read_image,96,,,,
20260426_023405,2026-04-26T02:35:43,jetson,/mnt/windows_share/20260425220419/E1/06210_-12810750_1777127119996.jpg,100,stage,detect,read_image,106,,,,
20260426_023405,2026-04-26T02:35:43,jetson,,,stage,element1,process_total,53,,,1,
20260426_023405,2026-04-26T02:35:43,jetson,,,stage,area1,process_total,81,,,1,
